[28Mar2026 04:54:32.322] [main/INFO] [cpw.mods.modlauncher.Launcher/MODLAUNCHER]: ModLauncher running: args [--username, Laskut, --version, 1.20.1, --gameDir, /Users/jonasbauer/Library/Application Support/PrismLauncher/instances/1.20.1(3)/minecraft, --assetsDir, /Users/jonasbauer/Library/Application Support/PrismLauncher/assets, --assetIndex, 5, --uuid, a7d392ead6e4496bafb3185c6499fd04, --accessToken, ❄❄❄❄❄❄❄❄, --userType, msa, --versionType, release, --launchTarget, forgeclient, --fml.forgeVersion, 47.4.10, --fml.mcVersion, 1.20.1, --fml.forgeGroup, net.minecraftforge, --fml.mcpVersion, 20230612.114412, --width, 854, --height, 480]
[28Mar2026 04:54:32.324] [main/INFO] [cpw.mods.modlauncher.Launcher/MODLAUNCHER]: ModLauncher 10.0.9+10.0.9+main.dcd20f30 starting: java version 17.0.15 by Microsoft; OS Mac OS X arch aarch64 version 26.3
[28Mar2026 04:54:32.834] [main/INFO] [net.minecraftforge.fml.loading.ImmediateWindowHandler/]: Loading ImmediateWindowProvider fmlearlywindow
[28Mar2026 04:54:32.965] [main/ERROR] [EARLYDISPLAY/]: Suppressing Last GLFW error: [0x10008]Cocoa: Failed to find service port for display
[28Mar2026 04:54:32.968] [main/INFO] [EARLYDISPLAY/]: Trying GL version 4.6
[28Mar2026 04:54:33.017] [main/INFO] [EARLYDISPLAY/]: Trying GL version 4.5
[28Mar2026 04:54:33.028] [main/INFO] [EARLYDISPLAY/]: Trying GL version 4.4
[28Mar2026 04:54:33.037] [main/INFO] [EARLYDISPLAY/]: Trying GL version 4.3
[28Mar2026 04:54:33.047] [main/INFO] [EARLYDISPLAY/]: Trying GL version 4.2
[28Mar2026 04:54:33.056] [main/INFO] [EARLYDISPLAY/]: Trying GL version 4.1
[28Mar2026 04:54:33.067] [main/INFO] [EARLYDISPLAY/]: Requested GL version 4.1 got version 4.1
[28Mar2026 04:54:33.148] [main/INFO] [mixin-transmog/]: Mixin Transmogrifier is definitely up to no good...
[28Mar2026 04:54:33.166] [main/INFO] [mixin-transmog/]: crimes against java were committed
[28Mar2026 04:54:33.176] [main/INFO] [mixin-transmog/]: Original mixin transformation service successfully crobbed by mixin-transmogrifier!
[28Mar2026 04:54:33.180] [pool-2-thread-1/INFO] [EARLYDISPLAY/]: GL info: Apple M1 Pro GL version 4.1 Metal - 90.5, Apple
[28Mar2026 04:54:33.201] [main/INFO] [mixin/]: SpongePowered MIXIN Subsystem Version=0.8.5 Source=union:/Users/jonasbauer/Library/Application%20Support/PrismLauncher/instances/1.20.1(3)/minecraft/mods/Connector-1.0.0-beta.48+1.20.1.jar%23246%23249!/ Service=ModLauncher Env=CLIENT
[28Mar2026 04:54:33.472] [main/WARN] [net.minecraftforge.fml.loading.moddiscovery.ModFileParser/LOADING]: Mod file /Users/jonasbauer/Library/Application Support/PrismLauncher/libraries/net/minecraftforge/fmlcore/1.20.1-47.4.10/fmlcore-1.20.1-47.4.10.jar is missing mods.toml file
[28Mar2026 04:54:33.473] [main/WARN] [net.minecraftforge.fml.loading.moddiscovery.ModFileParser/LOADING]: Mod file /Users/jonasbauer/Library/Application Support/PrismLauncher/libraries/net/minecraftforge/javafmllanguage/1.20.1-47.4.10/javafmllanguage-1.20.1-47.4.10.jar is missing mods.toml file
[28Mar2026 04:54:33.473] [main/WARN] [net.minecraftforge.fml.loading.moddiscovery.ModFileParser/LOADING]: Mod file /Users/jonasbauer/Library/Application Support/PrismLauncher/libraries/net/minecraftforge/lowcodelanguage/1.20.1-47.4.10/lowcodelanguage-1.20.1-47.4.10.jar is missing mods.toml file
[28Mar2026 04:54:33.473] [main/WARN] [net.minecraftforge.fml.loading.moddiscovery.ModFileParser/LOADING]: Mod file /Users/jonasbauer/Library/Application Support/PrismLauncher/libraries/net/minecraftforge/mclanguage/1.20.1-47.4.10/mclanguage-1.20.1-47.4.10.jar is missing mods.toml file
[28Mar2026 04:54:33.930] [main/WARN] [net.minecraftforge.jarjar.selection.JarSelector/]: Attempted to select a dependency jar for JarJar which was passed in as source: fabric_api. Using Mod File: /Users/jonasbauer/Library/Application Support/PrismLauncher/instances/1.20.1(3)/minecraft/mods/fabric-api-0.92.6+1.11.14+1.20.1.jar
[28Mar2026 04:54:33.930] [main/WARN] [net.minecraftforge.jarjar.selection.JarSelector/]: Attempted to select a dependency jar for JarJar which was passed in as source: aeroblender. Using Mod File: /Users/jonasbauer/Library/Application Support/PrismLauncher/instances/1.20.1(3)/minecraft/mods/aeroblender-1.20.1-1.0.1-neoforge.jar
[28Mar2026 04:54:33.930] [main/WARN] [net.minecraftforge.jarjar.selection.JarSelector/]: Attempted to select a dependency jar for JarJar which was passed in as source: curios. Using Mod File: /Users/jonasbauer/Library/Application Support/PrismLauncher/instances/1.20.1(3)/minecraft/mods/curios-forge-5.14.1+1.20.1.jar
[28Mar2026 04:54:33.931] [main/INFO] [net.minecraftforge.fml.loading.moddiscovery.JarInJarDependencyLocator/]: Found 73 dependencies adding them to mods collection
[28Mar2026 04:54:34.345] [main/INFO] [org.sinytra.connector.locator.DependencyResolver/]: Dependency resolution found 6 candidates to load
[28Mar2026 04:54:35.005] [main/INFO] [org.sinytra.connector.service.hacks.ModuleLayerMigrator/]: Successfully made module authlib transformable
[28Mar2026 04:54:35.743] [main/INFO] [mixin/]: Compatibility level set to JAVA_17
[28Mar2026 04:54:35.900] [main/INFO] [cpw.mods.modlauncher.LaunchServiceHandler/MODLAUNCHER]: Launching target 'forgeclient' with arguments [--version, 1.20.1, --gameDir, /Users/jonasbauer/Library/Application Support/PrismLauncher/instances/1.20.1(3)/minecraft, --assetsDir, /Users/jonasbauer/Library/Application Support/PrismLauncher/assets, --uuid, a7d392ead6e4496bafb3185c6499fd04, --username, Laskut, --assetIndex, 5, --accessToken, ❄❄❄❄❄❄❄❄, --userType, msa, --versionType, release, --width, 854, --height, 480]
[28Mar2026 04:54:35.964] [main/INFO] [Embeddium/]: Loaded configuration file for Embeddium: 204 options available, 0 override(s) found
[28Mar2026 04:54:35.966] [main/INFO] [Embeddium-GraphicsAdapterProbe/]: Searching for graphics cards...
[28Mar2026 04:54:36.469] [main/INFO] [Embeddium-GraphicsAdapterProbe/]: Found graphics card: GraphicsAdapterInfo[vendor=UNKNOWN, name=Apple M1 Pro, version=unknown]
[28Mar2026 04:54:36.507] [main/WARN] [mixin/]: Reference map 'nitrogen_internals.refmap.json' for nitrogen_internals.mixins.json could not be read. If this is a development environment you can ignore this message
[28Mar2026 04:54:36.557] [main/WARN] [mixin/]: Reference map 'sittingplus.refmap.json' for sittingplus.mixins.json could not be read. If this is a development environment you can ignore this message
[28Mar2026 04:54:36.647] [main/WARN] [mixin/]: Reference map 'wildernature.forge.mixins.refmap.json' for wildernature.forge.mixins.json could not be read. If this is a development environment you can ignore this message
[28Mar2026 04:54:36.664] [main/WARN] [mixin/]: Reference map '' for adapter.init.mixins.json could not be read. If this is a development environment you can ignore this message
[28Mar2026 04:54:37.247] [main/WARN] [mixin/]: Error loading class: com/legacy/lost_aether/entity/AerwhaleKingEntity (java.lang.ClassNotFoundException: com.legacy.lost_aether.entity.AerwhaleKingEntity)
[28Mar2026 04:54:37.647] [main/WARN] [mixin/]: Error loading class: dev/ftb/mods/ftbchunks/data/ClaimedChunkManagerImpl (java.lang.ClassNotFoundException: dev.ftb.mods.ftbchunks.data.ClaimedChunkManagerImpl)
[28Mar2026 04:54:37.647] [main/WARN] [mixin/]: @Mixin target dev.ftb.mods.ftbchunks.data.ClaimedChunkManagerImpl was not found mixins.does_it_tick.json:ClaimedChunkManagerAccessor from mod does_it_tick
[28Mar2026 04:54:37.730] [main/WARN] [mixin/]: Error loading class: noobanidus/mods/lootr/config/ConfigManager (java.lang.ClassNotFoundException: noobanidus.mods.lootr.config.ConfigManager)
[28Mar2026 04:54:37.730] [main/WARN] [mixin/]: @Mixin target noobanidus.mods.lootr.config.ConfigManager was not found quark_integrations.mixins.json:lootr.ConfigManagerMixin from mod quark
[28Mar2026 04:54:37.735] [main/WARN] [mixin/]: Error loading class: net/mehvahdjukaar/amendments/events/behaviors/InteractEvents (java.lang.ClassNotFoundException: net.mehvahdjukaar.amendments.events.behaviors.InteractEvents)
[28Mar2026 04:54:37.735] [main/WARN] [mixin/]: @Mixin target net.mehvahdjukaar.amendments.events.behaviors.InteractEvents was not found mynethersdelight.mixins.json:amendments.InteractEventsMixin from mod mynethersdelight
[28Mar2026 04:54:37.776] [main/WARN] [mixin/]: Error loading class: com/mrbysco/spoiled/config/SpoiledConfigCache (java.lang.ClassNotFoundException: com.mrbysco.spoiled.config.SpoiledConfigCache)
[28Mar2026 04:54:37.776] [main/WARN] [mixin/]: @Mixin target com.mrbysco.spoiled.config.SpoiledConfigCache was not found cold_sweat.mixin.json:compat.MixinSpoiledIcebox$ContainerModifier from mod cold_sweat
[28Mar2026 04:54:37.798] [main/WARN] [mixin/]: Error loading class: xaero/map/gui/GuiMap (java.lang.ClassNotFoundException: xaero.map.gui.GuiMap)
[28Mar2026 04:54:37.798] [main/WARN] [mixin/]: @Mixin target xaero.map.gui.GuiMap was not found create.mixins.json:compat.xaeros.XaeroFullscreenMapAccessor from mod create
[28Mar2026 04:54:37.799] [main/WARN] [mixin/]: Error loading class: xaero/map/gui/GuiMap (java.lang.ClassNotFoundException: xaero.map.gui.GuiMap)
[28Mar2026 04:54:37.799] [main/WARN] [mixin/]: @Mixin target xaero.map.gui.GuiMap was not found create.mixins.json:compat.xaeros.XaeroFullscreenMapMixin from mod create
[28Mar2026 04:54:38.000] [main/WARN] [mixin/]: Error loading class: org/jetbrains/annotations/ApiStatus$Internal (java.lang.ClassNotFoundException: org.jetbrains.annotations.ApiStatus$Internal)
[28Mar2026 04:54:38.010] [main/INFO] [MixinExtras|Service/]: Initializing MixinExtras via com.llamalad7.mixinextras.service.MixinExtrasServiceImpl(version=0.5.3).
[28Mar2026 04:54:38.136] [main/INFO] [mixin/]: Mixing client.MixinMinecraft from mixins/common/nochatreports.mixins.json into net.minecraft.client.Minecraft
[28Mar2026 04:54:39.821] [main/INFO] [mixin/]: Mixing client.MixinTitleScreen from mixins/common/nochatreports.mixins.json into net.minecraft.client.gui.screens.TitleScreen
[28Mar2026 04:54:39.922] [main/INFO] [mixin/]: Mixing client.MixinChatScreen from mixins/common/nochatreports.mixins.json into net.minecraft.client.gui.screens.ChatScreen
[28Mar2026 04:54:39.923] [main/INFO] [mixin/]: Renaming synthetic method lambda$onInit$4()Lnet/minecraft/network/chat/Component; to mdf95480$nochatreports$lambda$onInit$4$0 in mixins/common/nochatreports.mixins.json:client.MixinChatScreen from mod nochatreports
[28Mar2026 04:54:39.923] [main/INFO] [mixin/]: Renaming synthetic method lambda$onInit$3(Lnet/minecraft/client/gui/components/Button;)V to mdf95480$nochatreports$lambda$onInit$3$1 in mixins/common/nochatreports.mixins.json:client.MixinChatScreen from mod nochatreports
[28Mar2026 04:54:39.923] [main/INFO] [mixin/]: Renaming synthetic method lambda$onInit$2()Lnet/minecraft/network/chat/Component; to mdf95480$nochatreports$lambda$onInit$2$2 in mixins/common/nochatreports.mixins.json:client.MixinChatScreen from mod nochatreports
[28Mar2026 04:54:39.923] [main/INFO] [mixin/]: Renaming synthetic method lambda$onInit$1(Lnet/minecraft/client/gui/components/Button;)V to mdf95480$nochatreports$lambda$onInit$1$3 in mixins/common/nochatreports.mixins.json:client.MixinChatScreen from mod nochatreports
[28Mar2026 04:54:39.923] [main/INFO] [mixin/]: Renaming synthetic method lambda$onBeforeMessage$0(Ljava/lang/String;Lorg/spongepowered/asm/mixin/injection/callback/CallbackInfoReturnable;Lcom/aizistral/nochatreports/common/encryption/Encryptor;)V to mdf95480$nochatreports$lambda$onBeforeMessage$0$4 in mixins/common/nochatreports.mixins.json:client.MixinChatScreen from mod nochatreports
[28Mar2026 04:54:40.074] [pool-4-thread-1/INFO] [mixin/]: Mixing common.MixinFriendlyByteBuf from mixins/common/nochatreports.mixins.json into net.minecraft.network.FriendlyByteBuf
[28Mar2026 04:54:40.075] [pool-4-thread-1/INFO] [mixin/]: Renaming synthetic method lambda$onWriteJsonWithCodec$1(Ljava/lang/Object;Ljava/lang/String;)Lio/netty/handler/codec/EncoderException; to mdf95480$nochatreports$lambda$onWriteJsonWithCodec$1$0 in mixins/common/nochatreports.mixins.json:common.MixinFriendlyByteBuf from mod nochatreports
[28Mar2026 04:54:40.075] [pool-4-thread-1/INFO] [mixin/]: Renaming synthetic method lambda$onReadJsonWithCodec$0(Ljava/lang/String;)Lio/netty/handler/codec/DecoderException; to mdf95480$nochatreports$lambda$onReadJsonWithCodec$0$1 in mixins/common/nochatreports.mixins.json:common.MixinFriendlyByteBuf from mod nochatreports
[28Mar2026 04:54:41.009] [pool-4-thread-1/INFO] [mixin/]: Mixing MobTargetMixin from ezvcsurvival.mixins.json into net.minecraft.world.entity.Mob
[28Mar2026 04:54:41.012] [pool-4-thread-1/INFO] [mixin/]: Mixing MobEntityMixin from ezvcsurvival.mixins.json into net.minecraft.world.entity.Mob
[28Mar2026 04:54:41.918] [Datafixer Bootstrap/INFO] [com.mojang.datafixers.DataFixerBuilder/]: 188 Datafixer optimizations took 64 milliseconds
[28Mar2026 04:54:42.307] [pool-4-thread-1/INFO] [mixin/]: Mixing server.MixinServerGamePacketListenerImpl from mixins/common/nochatreports.mixins.json into net.minecraft.server.network.ServerGamePacketListenerImpl
[28Mar2026 04:54:42.686] [pool-4-thread-1/WARN] [mixin/]: Mixin alexscaves.mixins.json:SwampHutPieceMixin from mod alexscaves has multiple constructors, (Lnet/minecraft/world/level/levelgen/structure/pieces/StructurePieceType;IIIIIILnet/minecraft/core/Direction;)V was selected

[28Mar2026 04:54:43.048] [Render thread/WARN] [net.minecraft.server.packs.VanillaPackResourcesBuilder/]: Assets URL 'union:/Users/jonasbauer/Library/Application%20Support/PrismLauncher/libraries/net/minecraft/client/1.20.1-20230612.114412/client-1.20.1-20230612.114412-srg.jar%23352!/assets/.mcassetsroot' uses unexpected schema
[28Mar2026 04:54:43.048] [Render thread/WARN] [net.minecraft.server.packs.VanillaPackResourcesBuilder/]: Assets URL 'union:/Users/jonasbauer/Library/Application%20Support/PrismLauncher/libraries/net/minecraft/client/1.20.1-20230612.114412/client-1.20.1-20230612.114412-srg.jar%23352!/data/.mcassetsroot' uses unexpected schema
[28Mar2026 04:54:43.058] [Render thread/INFO] [com.mojang.authlib.yggdrasil.YggdrasilAuthenticationService/]: Environment: authHost='https://authserver.mojang.com', accountsHost='https://api.mojang.com', sessionHost='https://sessionserver.mojang.com', servicesHost='https://api.minecraftservices.com', name='PROD'
[28Mar2026 04:54:43.061] [Render thread/INFO] [mixin/]: Mixing client.MixinYggdrasilUserApiService from mixins/common/nochatreports.mixins.json into com.mojang.authlib.yggdrasil.YggdrasilUserApiService
[28Mar2026 04:54:43.424] [Render thread/INFO] [net.minecraft.client.Minecraft/]: Setting user: Laskut
[28Mar2026 04:54:43.432] [Render thread/INFO] [mixin/]: Mixing client.MixinToastComponent from mixins/common/nochatreports.mixins.json into net.minecraft.client.gui.components.toasts.ToastComponent
[28Mar2026 04:54:43.536] [Render thread/INFO] [surveyor/]: [Surveyor] is not a map mod
[28Mar2026 04:54:43.537] [Render thread/INFO] [settlement-roads/]: Initializing Settlement Roads...
[28Mar2026 04:54:43.540] [Render thread/INFO] [settlement-roads/]: Registering WorldData attachment
[28Mar2026 04:54:43.568] [Render thread/INFO] [settlement-roads/]: Registering road_feature
[28Mar2026 04:54:43.590] [Render thread/INFO] [mixin/]: Mixing client.MixinClientPacketListener from mixins/common/nochatreports.mixins.json into net.minecraft.client.multiplayer.ClientPacketListener
[28Mar2026 04:54:43.590] [Render thread/INFO] [mixin/]: Mixing client.MixinClientPacketListener from mixins/forge/nochatreports-forge.mixins.json into net.minecraft.client.multiplayer.ClientPacketListener
[28Mar2026 04:54:43.620] [Render thread/INFO] [surveyor/]: [Surveyor Client] is not a map mod either
[28Mar2026 04:54:43.670] [Render thread/INFO] [mixin/]: Mixing client.MixinOptions from mixins/common/nochatreports.mixins.json into net.minecraft.client.Options
[28Mar2026 04:54:43.671] [Render thread/INFO] [mixin/]: Renaming synthetic method lambda$onlyShowSecureChat$0(Ljava/lang/Boolean;)V to mdf95480$nochatreports$lambda$onlyShowSecureChat$0$0 in mixins/common/nochatreports.mixins.json:client.MixinOptions from mod nochatreports
[28Mar2026 04:54:43.697] [Render thread/INFO] [mixin/]: Mixing client.MixinChatComponent from mixins/common/nochatreports.mixins.json into net.minecraft.client.gui.components.ChatComponent
[28Mar2026 04:54:43.697] [Render thread/INFO] [mixin/]: Renaming synthetic method lambda$modifyGUIMessage$1()V to mdf95480$nochatreports$lambda$modifyGUIMessage$1$0 in mixins/common/nochatreports.mixins.json:client.MixinChatComponent from mod nochatreports
[28Mar2026 04:54:43.697] [Render thread/INFO] [mixin/]: Renaming synthetic method lambda$modifyGUIMessage$0(Lnet/minecraft/network/chat/FormattedText;Lnet/minecraft/network/chat/Component;)V to mdf95480$nochatreports$lambda$modifyGUIMessage$0$1 in mixins/common/nochatreports.mixins.json:client.MixinChatComponent from mod nochatreports
[28Mar2026 04:54:43.702] [Render thread/INFO] [mixin/]: Mixing client.MixinGuiMessageTagIcon from mixins/common/nochatreports.mixins.json into net.minecraft.client.GuiMessageTag$Icon
[28Mar2026 04:54:43.702] [Render thread/INFO] [mixin/]: Renaming @Invoker method create(Ljava/lang/String;IIIII)Lnet/minecraft/client/GuiMessageTag$Icon; to create$nochatreports_$md$f95480$0 in mixins/common/nochatreports.mixins.json:client.MixinGuiMessageTagIcon from mod nochatreports
[28Mar2026 04:54:43.725] [Brewin' and Chewin' Datafixer Bootstrap/INFO] [com.mojang.datafixers.DataFixerBuilder/]: 1 Datafixer optimizations took 0 milliseconds
[28Mar2026 04:54:43.740] [Render thread/INFO] [net.minecraft.client.Options/]: Added resource packs: []
[28Mar2026 04:54:43.747] [Render thread/INFO] [net.minecraft.client.Minecraft/]: Backend library: LWJGL version 3.3.1 build 7
[28Mar2026 04:54:43.789] [Render thread/INFO] [Embeddium-PostlaunchChecks/]: OpenGL Vendor: Apple
[28Mar2026 04:54:43.789] [Render thread/INFO] [Embeddium-PostlaunchChecks/]: OpenGL Renderer: Apple M1 Pro
[28Mar2026 04:54:43.789] [Render thread/INFO] [Embeddium-PostlaunchChecks/]: OpenGL Version: 4.1 Metal - 90.5
[28Mar2026 04:54:44.362] [modloading-worker-0/INFO] [Create: Numismatics/]: Create: Numismatics 1.0.15+forge-mc1.20.1 initializing! Create version: 6.0.8 on platform: FORGE
[28Mar2026 04:54:44.364] [modloading-worker-0/INFO] [de.keksuccino.melody.Melody/]: [MELODY] Loading Melody background audio library..
[28Mar2026 04:54:44.441] [modloading-worker-0/INFO] [net.orion.create_cold_sweat.CreateColdSweat/]: Registering to events..
[28Mar2026 04:54:44.448] [modloading-worker-0/INFO] [de.keksuccino.konkrete.Konkrete/]: [KONKRETE] Successfully initialized!
[28Mar2026 04:54:44.448] [modloading-worker-0/INFO] [de.keksuccino.konkrete.Konkrete/]: [KONKRETE] Server-side libs ready to use!
[28Mar2026 04:54:44.460] [modloading-worker-0/INFO] [net.orion.create_cold_sweat.CreateColdSweat/]: Event registering complete.
[28Mar2026 04:54:44.536] [modloading-worker-0/INFO] [Create: Numismatics/]: Registering items for Create: Numismatics
[28Mar2026 04:54:44.708] [modloading-worker-0/INFO] [mixin/]: Mixing client.MixinClientConnection from mixins/forge/nochatreports-forge.mixins.json into net.minecraft.network.Connection
[28Mar2026 04:54:44.829] [modloading-worker-0/INFO] [dev.architectury.networking.forge.NetworkManagerImpl/]: Registering S2C receiver with id architectury:sync_ids
[28Mar2026 04:54:44.831] [modloading-worker-0/INFO] [mixin/]: Mixing server.MixinPlayerList from mixins/common/nochatreports.mixins.json into net.minecraft.server.players.PlayerList
[28Mar2026 04:54:44.838] [modloading-worker-0/INFO] [dev.architectury.networking.forge.NetworkManagerImpl/]: Registering C2S receiver with id architectury:sync_ids
[28Mar2026 04:54:44.838] [modloading-worker-0/INFO] [dev.architectury.networking.forge.NetworkManagerImpl/]: Registering C2S receiver with id brewery:alcohol_sync_request
[28Mar2026 04:54:44.838] [modloading-worker-0/INFO] [dev.architectury.networking.forge.NetworkManagerImpl/]: Registering C2S receiver with id brewery:drink_alcohol
[28Mar2026 04:54:44.844] [modloading-worker-0/WARN] [net.minecraftforge.common.ForgeConfigSpec/CORE]: Configuration file /Users/jonasbauer/Library/Application Support/PrismLauncher/instances/1.20.1(3)/minecraft/config/herbalbrews.toml is not correct. Correcting
[28Mar2026 04:54:44.845] [modloading-worker-0/WARN] [net.minecraftforge.common.ForgeConfigSpec/CORE]: Incorrect key items was corrected from null to its default, SimpleCommentedConfig:{}. 
[28Mar2026 04:54:44.846] [modloading-worker-0/WARN] [net.minecraftforge.common.ForgeConfigSpec/CORE]: Incorrect key items.banner was corrected from null to its default, SimpleCommentedConfig:{}. 
[28Mar2026 04:54:44.846] [modloading-worker-0/WARN] [net.minecraftforge.common.ForgeConfigSpec/CORE]: Incorrect key items.banner.giveEffect was corrected from null to its default, true. 
[28Mar2026 04:54:44.847] [modloading-worker-0/WARN] [net.minecraftforge.common.ForgeConfigSpec/CORE]: Incorrect key items.banner.showTooltip was corrected from null to its default, true. 
[28Mar2026 04:54:44.847] [modloading-worker-0/WARN] [net.minecraftforge.common.ForgeConfigSpec/CORE]: Incorrect key items.hat was corrected from null to its default, SimpleCommentedConfig:{}. 
[28Mar2026 04:54:44.847] [modloading-worker-0/WARN] [net.minecraftforge.common.ForgeConfigSpec/CORE]: Incorrect key items.hat.damageReductionEnabled was corrected from null to its default, true. 
[28Mar2026 04:54:44.847] [modloading-worker-0/WARN] [net.minecraftforge.common.ForgeConfigSpec/CORE]: Incorrect key items.hat.damageReductionAmount was corrected from null to its default, 40. 
[28Mar2026 04:54:44.847] [modloading-worker-0/WARN] [net.minecraftforge.common.ForgeConfigSpec/CORE]: Incorrect key blocks was corrected from null to its default, SimpleCommentedConfig:{}. 
[28Mar2026 04:54:44.847] [modloading-worker-0/WARN] [net.minecraftforge.common.ForgeConfigSpec/CORE]: Incorrect key blocks.dryingDuration was corrected from null to its default, 900. 
[28Mar2026 04:54:44.848] [modloading-worker-0/WARN] [net.minecraftforge.common.ForgeConfigSpec/CORE]: Incorrect key blocks.brewingDuration was corrected from null to its default, 1200. 
[28Mar2026 04:54:44.848] [modloading-worker-0/WARN] [net.minecraftforge.common.ForgeConfigSpec/CORE]: Incorrect key blocks.jugEffectDuration was corrected from null to its default, 900. 
[28Mar2026 04:54:44.854] [modloading-worker-0/INFO] [mixin/]: Mixing client.MixinClientHandshakePacketListenerImpl from mixins/forge/nochatreports-forge.mixins.json into net.minecraft.client.multiplayer.ClientHandshakePacketListenerImpl
[28Mar2026 04:54:44.871] [modloading-worker-0/INFO] [Create: Numismatics/]: Registering blocks for Create: Numismatics
[28Mar2026 04:54:44.888] [modloading-worker-0/WARN] [net.minecraftforge.common.ForgeConfigSpec/CORE]: Configuration file /Users/jonasbauer/Library/Application Support/PrismLauncher/instances/1.20.1(3)/minecraft/config/vinery.toml is not correct. Correcting
[28Mar2026 04:54:44.888] [modloading-worker-0/WARN] [net.minecraftforge.common.ForgeConfigSpec/CORE]: Incorrect key Blocks was corrected from null to its default, SimpleCommentedConfig:{}. 
[28Mar2026 04:54:44.888] [modloading-worker-0/WARN] [net.minecraftforge.common.ForgeConfigSpec/CORE]: Incorrect key Blocks.totalFermentationTime was corrected from null to its default, 6000. 
[28Mar2026 04:54:44.889] [modloading-worker-0/WARN] [net.minecraftforge.common.ForgeConfigSpec/CORE]: Incorrect key Blocks.maxFluidLevel was corrected from null to its default, 100. 
[28Mar2026 04:54:44.889] [modloading-worker-0/WARN] [net.minecraftforge.common.ForgeConfigSpec/CORE]: Incorrect key Blocks.maxFluidPerJuice was corrected from null to its default, 25. 
[28Mar2026 04:54:44.889] [modloading-worker-0/WARN] [net.minecraftforge.common.ForgeConfigSpec/CORE]: Incorrect key Blocks.applePressMaxMashingProgress was corrected from null to its default, 600. 
[28Mar2026 04:54:44.889] [modloading-worker-0/WARN] [net.minecraftforge.common.ForgeConfigSpec/CORE]: Incorrect key Blocks.applePressMaxFermentingProgress was corrected from null to its default, 800. 
[28Mar2026 04:54:44.889] [modloading-worker-0/WARN] [net.minecraftforge.common.ForgeConfigSpec/CORE]: Incorrect key Blocks.cherryGrowthChance was corrected from null to its default, 0.4. 
[28Mar2026 04:54:44.889] [modloading-worker-0/WARN] [net.minecraftforge.common.ForgeConfigSpec/CORE]: Incorrect key Blocks.appleGrowthChance was corrected from null to its default, 0.4. 
[28Mar2026 04:54:44.889] [modloading-worker-0/WARN] [net.minecraftforge.common.ForgeConfigSpec/CORE]: Incorrect key Blocks.grapeGrowthChance was corrected from null to its default, 0.5. 
[28Mar2026 04:54:44.889] [modloading-worker-0/WARN] [net.minecraftforge.common.ForgeConfigSpec/CORE]: Incorrect key Items was corrected from null to its default, SimpleCommentedConfig:{}. 
[28Mar2026 04:54:44.889] [modloading-worker-0/WARN] [net.minecraftforge.common.ForgeConfigSpec/CORE]: Incorrect key Items.Wine was corrected from null to its default, SimpleCommentedConfig:{}. 
[28Mar2026 04:54:44.889] [modloading-worker-0/WARN] [net.minecraftforge.common.ForgeConfigSpec/CORE]: Incorrect key Items.Wine.maxLevel was corrected from null to its default, 5. 
[28Mar2026 04:54:44.889] [modloading-worker-0/WARN] [net.minecraftforge.common.ForgeConfigSpec/CORE]: Incorrect key Items.Wine.startDuration was corrected from null to its default, 1800. 
[28Mar2026 04:54:44.889] [modloading-worker-0/WARN] [net.minecraftforge.common.ForgeConfigSpec/CORE]: Incorrect key Items.Wine.durationPerYear was corrected from null to its default, 200. 
[28Mar2026 04:54:44.889] [modloading-worker-0/WARN] [net.minecraftforge.common.ForgeConfigSpec/CORE]: Incorrect key Items.Wine.daysPerYear was corrected from null to its default, 24. 
[28Mar2026 04:54:44.889] [modloading-worker-0/WARN] [net.minecraftforge.common.ForgeConfigSpec/CORE]: Incorrect key Items.Wine.yearsPerEffectLevel was corrected from null to its default, 6. 
[28Mar2026 04:54:44.889] [modloading-worker-0/WARN] [net.minecraftforge.common.ForgeConfigSpec/CORE]: Incorrect key Items.Wine.maxDuration was corrected from null to its default, 15000. 
[28Mar2026 04:54:44.890] [modloading-worker-0/WARN] [net.minecraftforge.common.ForgeConfigSpec/CORE]: Incorrect key Items.Banner was corrected from null to its default, SimpleCommentedConfig:{}. 
[28Mar2026 04:54:44.890] [modloading-worker-0/WARN] [net.minecraftforge.common.ForgeConfigSpec/CORE]: Incorrect key Items.Banner.giveEffect was corrected from null to its default, true. 
[28Mar2026 04:54:44.890] [modloading-worker-0/WARN] [net.minecraftforge.common.ForgeConfigSpec/CORE]: Incorrect key Items.Banner.showTooltip was corrected from null to its default, true. 
[28Mar2026 04:54:44.890] [modloading-worker-0/WARN] [net.minecraftforge.common.ForgeConfigSpec/CORE]: Incorrect key Items.Basket was corrected from null to its default, SimpleCommentedConfig:{}. 
[28Mar2026 04:54:44.890] [modloading-worker-0/WARN] [net.minecraftforge.common.ForgeConfigSpec/CORE]: Incorrect key Items.Basket.basketBlacklist was corrected from null to its default, [vinery:basket]. 
[28Mar2026 04:54:44.890] [modloading-worker-0/WARN] [net.minecraftforge.common.ForgeConfigSpec/CORE]: Incorrect key Items.WanderingTrader was corrected from null to its default, SimpleCommentedConfig:{}. 
[28Mar2026 04:54:44.890] [modloading-worker-0/WARN] [net.minecraftforge.common.ForgeConfigSpec/CORE]: Incorrect key Items.WanderingTrader.spawnChance was corrected from null to its default, 0.5. 
[28Mar2026 04:54:44.890] [modloading-worker-0/WARN] [net.minecraftforge.common.ForgeConfigSpec/CORE]: Incorrect key Items.WanderingTrader.spawnWithMules was corrected from null to its default, true. 
[28Mar2026 04:54:44.890] [modloading-worker-0/WARN] [net.minecraftforge.common.ForgeConfigSpec/CORE]: Incorrect key Items.WanderingTrader.spawnDelay was corrected from null to its default, 48000. 
[28Mar2026 04:54:44.890] [modloading-worker-0/WARN] [net.minecraftforge.common.ForgeConfigSpec/CORE]: Incorrect key Items.VillagerTrades was corrected from null to its default, SimpleCommentedConfig:{}. 
[28Mar2026 04:54:44.890] [modloading-worker-0/WARN] [net.minecraftforge.common.ForgeConfigSpec/CORE]: Incorrect key Items.VillagerTrades.level1Trades was corrected from null to its default, [vinery:red_grape|5|4|5|false, vinery:white_grape|5|4|5|false, vinery:red_grape_seeds|2|1|1|true, vinery:white_grape_seeds|2|1|1|true]. 
[28Mar2026 04:54:44.890] [modloading-worker-0/WARN] [net.minecraftforge.common.ForgeConfigSpec/CORE]: Incorrect key Items.VillagerTrades.level2Trades was corrected from null to its default, [vinery:wine_bottle|1|2|7|true]. 
[28Mar2026 04:54:44.890] [modloading-worker-0/WARN] [net.minecraftforge.common.ForgeConfigSpec/CORE]: Incorrect key Items.VillagerTrades.level3Trades was corrected from null to its default, [vinery:flower_box|3|1|10|true, vinery:white_grape_bag|7|1|10|true, vinery:red_grape_bag|7|1|10|true]. 
[28Mar2026 04:54:44.890] [modloading-worker-0/WARN] [net.minecraftforge.common.ForgeConfigSpec/CORE]: Incorrect key Items.VillagerTrades.level4Trades was corrected from null to its default, [vinery:basket|4|1|10|true, vinery:flower_pot_big|5|1|10|true, vinery:window|12|1|10|true, vinery:dark_cherry_beam|6|1|10|true, vinery:taiga_red_grape_seeds|2|1|5|true, vinery:taiga_white_grape_seeds|2|1|5|true]. 
[28Mar2026 04:54:44.890] [modloading-worker-0/WARN] [net.minecraftforge.common.ForgeConfigSpec/CORE]: Incorrect key Items.VillagerTrades.level5Trades was corrected from null to its default, [vinery:wine_box|10|1|10|true, vinery:lilitu_wine|4|1|10|true, vinery:calendar|12|1|15|true]. 
[28Mar2026 04:54:44.965] [modloading-worker-0/INFO] [net.fabricmc.fabric.impl.client.indigo.Indigo/]: [Indigo] Registering Indigo renderer!
[28Mar2026 04:54:44.974] [modloading-worker-0/INFO] [net.minecraftforge.common.ForgeMod/FORGEMOD]: Forge mod loading, version 47.4.10, for MC 1.20.1 with MCP 20230612.114412
[28Mar2026 04:54:44.974] [modloading-worker-0/INFO] [net.minecraftforge.common.MinecraftForge/FORGE]: MinecraftForge v47.4.10 Initialized
[28Mar2026 04:54:44.979] [modloading-worker-0/INFO] [fog/]: Loading Fog.
[28Mar2026 04:54:45.026] [modloading-worker-0/INFO] [YetAnotherConfigLib/]: Deserializing FogConfig from '/Users/jonasbauer/Library/Application Support/PrismLauncher/instances/1.20.1(3)/minecraft/config/fog/config.json'
[28Mar2026 04:54:45.062] [modloading-worker-0/INFO] [dev.architectury.networking.forge.NetworkManagerImpl/]: Registering C2S receiver with id farm_and_charm:set_text
[28Mar2026 04:54:45.063] [modloading-worker-0/INFO] [dev.architectury.networking.forge.NetworkManagerImpl/]: Registering S2C receiver with id farm_and_charm:sync_saturation
[28Mar2026 04:54:45.065] [modloading-worker-0/WARN] [net.minecraftforge.common.ForgeConfigSpec/CORE]: Configuration file /Users/jonasbauer/Library/Application Support/PrismLauncher/instances/1.20.1(3)/minecraft/config/farmandcharm.toml is not correct. Correcting
[28Mar2026 04:54:45.066] [modloading-worker-0/WARN] [net.minecraftforge.common.ForgeConfigSpec/CORE]: Incorrect key Blocks was corrected from null to its default, SimpleCommentedConfig:{}. 
[28Mar2026 04:54:45.066] [modloading-worker-0/WARN] [net.minecraftforge.common.ForgeConfigSpec/CORE]: Incorrect key Blocks.enableBonemealEffect was corrected from null to its default, true. 
[28Mar2026 04:54:45.066] [modloading-worker-0/WARN] [net.minecraftforge.common.ForgeConfigSpec/CORE]: Incorrect key Blocks.fertilizedSoilRange was corrected from null to its default, 5. 
[28Mar2026 04:54:45.066] [modloading-worker-0/WARN] [net.minecraftforge.common.ForgeConfigSpec/CORE]: Incorrect key Blocks.waterSprinklerRange was corrected from null to its default, 8. 
[28Mar2026 04:54:45.066] [modloading-worker-0/WARN] [net.minecraftforge.common.ForgeConfigSpec/CORE]: Incorrect key Blocks.enableRainGrowthEffect was corrected from null to its default, true. 
[28Mar2026 04:54:45.066] [modloading-worker-0/WARN] [net.minecraftforge.common.ForgeConfigSpec/CORE]: Incorrect key Blocks.rainGrowthMultiplier was corrected from null to its default, 0.5. 
[28Mar2026 04:54:45.066] [modloading-worker-0/WARN] [net.minecraftforge.common.ForgeConfigSpec/CORE]: Incorrect key Blocks.feedingTroughRange was corrected from null to its default, 8. 
[28Mar2026 04:54:45.066] [modloading-worker-0/WARN] [net.minecraftforge.common.ForgeConfigSpec/CORE]: Incorrect key Items was corrected from null to its default, SimpleCommentedConfig:{}. 
[28Mar2026 04:54:45.066] [modloading-worker-0/WARN] [net.minecraftforge.common.ForgeConfigSpec/CORE]: Incorrect key Items.enableFertilizer was corrected from null to its default, true. 
[28Mar2026 04:54:45.066] [modloading-worker-0/WARN] [net.minecraftforge.common.ForgeConfigSpec/CORE]: Incorrect key Items.enableDogFoodTaming was corrected from null to its default, true. 
[28Mar2026 04:54:45.066] [modloading-worker-0/WARN] [net.minecraftforge.common.ForgeConfigSpec/CORE]: Incorrect key Items.enableHorseTaming was corrected from null to its default, true. 
[28Mar2026 04:54:45.066] [modloading-worker-0/WARN] [net.minecraftforge.common.ForgeConfigSpec/CORE]: Incorrect key Items.enableHorseEffects was corrected from null to its default, true. 
[28Mar2026 04:54:45.066] [modloading-worker-0/WARN] [net.minecraftforge.common.ForgeConfigSpec/CORE]: Incorrect key Items.enableChickenEffects was corrected from null to its default, true. 
[28Mar2026 04:54:45.066] [modloading-worker-0/WARN] [net.minecraftforge.common.ForgeConfigSpec/CORE]: Incorrect key Items.enableCatTamingChance was corrected from null to its default, true. 
[28Mar2026 04:54:45.066] [modloading-worker-0/WARN] [net.minecraftforge.common.ForgeConfigSpec/CORE]: Incorrect key Items.Nutrition was corrected from null to its default, SimpleCommentedConfig:{}. 
[28Mar2026 04:54:45.066] [modloading-worker-0/WARN] [net.minecraftforge.common.ForgeConfigSpec/CORE]: Incorrect key Items.Nutrition.oatPancakeNutrition was corrected from null to its default, 5. 
[28Mar2026 04:54:45.066] [modloading-worker-0/WARN] [net.minecraftforge.common.ForgeConfigSpec/CORE]: Incorrect key Items.Nutrition.oatPancakeSaturationMod was corrected from null to its default, 0.6. 
[28Mar2026 04:54:45.066] [modloading-worker-0/WARN] [net.minecraftforge.common.ForgeConfigSpec/CORE]: Incorrect key Items.Nutrition.roastedCornNutrition was corrected from null to its default, 5. 
[28Mar2026 04:54:45.067] [modloading-worker-0/WARN] [net.minecraftforge.common.ForgeConfigSpec/CORE]: Incorrect key Items.Nutrition.roastedCornSaturationMod was corrected from null to its default, 0.5. 
[28Mar2026 04:54:45.067] [modloading-worker-0/WARN] [net.minecraftforge.common.ForgeConfigSpec/CORE]: Incorrect key Items.Nutrition.potatoWithRoastMeatNutrition was corrected from null to its default, 7. 
[28Mar2026 04:54:45.067] [modloading-worker-0/WARN] [net.minecraftforge.common.ForgeConfigSpec/CORE]: Incorrect key Items.Nutrition.potatoWithRoastMeatSaturationMod was corrected from null to its default, 0.7. 
[28Mar2026 04:54:45.067] [modloading-worker-0/WARN] [net.minecraftforge.common.ForgeConfigSpec/CORE]: Incorrect key Items.Nutrition.bakedLambHamNutrition was corrected from null to its default, 8. 
[28Mar2026 04:54:45.067] [modloading-worker-0/WARN] [net.minecraftforge.common.ForgeConfigSpec/CORE]: Incorrect key Items.Nutrition.bakedLambHamSaturationMod was corrected from null to its default, 0.9. 
[28Mar2026 04:54:45.067] [modloading-worker-0/WARN] [net.minecraftforge.common.ForgeConfigSpec/CORE]: Incorrect key Items.Nutrition.farmersBreakfastNutrition was corrected from null to its default, 12. 
[28Mar2026 04:54:45.067] [modloading-worker-0/WARN] [net.minecraftforge.common.ForgeConfigSpec/CORE]: Incorrect key Items.Nutrition.farmersBreakfastSaturationMod was corrected from null to its default, 1.2. 
[28Mar2026 04:54:45.067] [modloading-worker-0/WARN] [net.minecraftforge.common.ForgeConfigSpec/CORE]: Incorrect key Items.Nutrition.stuffedChickenNutrition was corrected from null to its default, 8. 
[28Mar2026 04:54:45.067] [modloading-worker-0/WARN] [net.minecraftforge.common.ForgeConfigSpec/CORE]: Incorrect key Items.Nutrition.stuffedChickenSaturationMod was corrected from null to its default, 0.8. 
[28Mar2026 04:54:45.067] [modloading-worker-0/WARN] [net.minecraftforge.common.ForgeConfigSpec/CORE]: Incorrect key Items.Nutrition.stuffedRabbitNutrition was corrected from null to its default, 9. 
[28Mar2026 04:54:45.067] [modloading-worker-0/WARN] [net.minecraftforge.common.ForgeConfigSpec/CORE]: Incorrect key Items.Nutrition.stuffedRabbitSaturationMod was corrected from null to its default, 0.9. 
[28Mar2026 04:54:45.067] [modloading-worker-0/WARN] [net.minecraftforge.common.ForgeConfigSpec/CORE]: Incorrect key Items.Nutrition.grandmothersStrawberryCakeNutrition was corrected from null to its default, 4. 
[28Mar2026 04:54:45.067] [modloading-worker-0/WARN] [net.minecraftforge.common.ForgeConfigSpec/CORE]: Incorrect key Items.Nutrition.grandmothersStrawberryCakeSaturationMod was corrected from null to its default, 0.7. 
[28Mar2026 04:54:45.067] [modloading-worker-0/WARN] [net.minecraftforge.common.ForgeConfigSpec/CORE]: Incorrect key Items.Nutrition.farmersBreadNutrition was corrected from null to its default, 6. 
[28Mar2026 04:54:45.067] [modloading-worker-0/WARN] [net.minecraftforge.common.ForgeConfigSpec/CORE]: Incorrect key Items.Nutrition.farmersBreadSaturationMod was corrected from null to its default, 0.8. 
[28Mar2026 04:54:45.067] [modloading-worker-0/WARN] [net.minecraftforge.common.ForgeConfigSpec/CORE]: Incorrect key Items.Nutrition.farmerSaladNutrition was corrected from null to its default, 7. 
[28Mar2026 04:54:45.067] [modloading-worker-0/WARN] [net.minecraftforge.common.ForgeConfigSpec/CORE]: Incorrect key Items.Nutrition.farmerSaladSaturationMod was corrected from null to its default, 0.6. 
[28Mar2026 04:54:45.067] [modloading-worker-0/WARN] [net.minecraftforge.common.ForgeConfigSpec/CORE]: Incorrect key Items.Nutrition.goulashNutrition was corrected from null to its default, 8. 
[28Mar2026 04:54:45.067] [modloading-worker-0/WARN] [net.minecraftforge.common.ForgeConfigSpec/CORE]: Incorrect key Items.Nutrition.goulashSaturationMod was corrected from null to its default, 0.9. 
[28Mar2026 04:54:45.067] [modloading-worker-0/WARN] [net.minecraftforge.common.ForgeConfigSpec/CORE]: Incorrect key Items.Nutrition.simpleTomatoSoupNutrition was corrected from null to its default, 6. 
[28Mar2026 04:54:45.067] [modloading-worker-0/WARN] [net.minecraftforge.common.ForgeConfigSpec/CORE]: Incorrect key Items.Nutrition.simpleTomatoSoupSaturationMod was corrected from null to its default, 0.6. 
[28Mar2026 04:54:45.067] [modloading-worker-0/WARN] [net.minecraftforge.common.ForgeConfigSpec/CORE]: Incorrect key Items.Nutrition.barleySoupNutrition was corrected from null to its default, 5. 
[28Mar2026 04:54:45.067] [modloading-worker-0/WARN] [net.minecraftforge.common.ForgeConfigSpec/CORE]: Incorrect key Items.Nutrition.barleySoupSaturationMod was corrected from null to its default, 0.8. 
[28Mar2026 04:54:45.067] [modloading-worker-0/WARN] [net.minecraftforge.common.ForgeConfigSpec/CORE]: Incorrect key Items.Nutrition.onionSoupNutrition was corrected from null to its default, 7. 
[28Mar2026 04:54:45.068] [modloading-worker-0/WARN] [net.minecraftforge.common.ForgeConfigSpec/CORE]: Incorrect key Items.Nutrition.onionSoupSaturationMod was corrected from null to its default, 0.6. 
[28Mar2026 04:54:45.068] [modloading-worker-0/WARN] [net.minecraftforge.common.ForgeConfigSpec/CORE]: Incorrect key Items.Nutrition.potatoSoupNutrition was corrected from null to its default, 5. 
[28Mar2026 04:54:45.068] [modloading-worker-0/WARN] [net.minecraftforge.common.ForgeConfigSpec/CORE]: Incorrect key Items.Nutrition.potatoSoupSaturationMod was corrected from null to its default, 0.6. 
[28Mar2026 04:54:45.068] [modloading-worker-0/WARN] [net.minecraftforge.common.ForgeConfigSpec/CORE]: Incorrect key Items.Nutrition.pastaWithOnionSauceNutrition was corrected from null to its default, 6. 
[28Mar2026 04:54:45.068] [modloading-worker-0/WARN] [net.minecraftforge.common.ForgeConfigSpec/CORE]: Incorrect key Items.Nutrition.pastaWithOnionSauceSaturationMod was corrected from null to its default, 0.7. 
[28Mar2026 04:54:45.068] [modloading-worker-0/WARN] [net.minecraftforge.common.ForgeConfigSpec/CORE]: Incorrect key Items.Nutrition.cornGritsNutrition was corrected from null to its default, 6. 
[28Mar2026 04:54:45.068] [modloading-worker-0/WARN] [net.minecraftforge.common.ForgeConfigSpec/CORE]: Incorrect key Items.Nutrition.cornGritsSaturationMod was corrected from null to its default, 0.5. 
[28Mar2026 04:54:45.068] [modloading-worker-0/WARN] [net.minecraftforge.common.ForgeConfigSpec/CORE]: Incorrect key Items.Nutrition.oatmealWithStrawberriesNutrition was corrected from null to its default, 4. 
[28Mar2026 04:54:45.068] [modloading-worker-0/WARN] [net.minecraftforge.common.ForgeConfigSpec/CORE]: Incorrect key Items.Nutrition.oatmealWithStrawberriesSaturationMod was corrected from null to its default, 0.8. 
[28Mar2026 04:54:45.068] [modloading-worker-0/WARN] [net.minecraftforge.common.ForgeConfigSpec/CORE]: Incorrect key Items.Nutrition.sausageWithOatPattyNutrition was corrected from null to its default, 8. 
[28Mar2026 04:54:45.068] [modloading-worker-0/WARN] [net.minecraftforge.common.ForgeConfigSpec/CORE]: Incorrect key Items.Nutrition.sausageWithOatPattySaturationMod was corrected from null to its default, 0.9. 
[28Mar2026 04:54:45.068] [modloading-worker-0/WARN] [net.minecraftforge.common.ForgeConfigSpec/CORE]: Incorrect key Items.Nutrition.lambWithCornNutrition was corrected from null to its default, 8. 
[28Mar2026 04:54:45.068] [modloading-worker-0/WARN] [net.minecraftforge.common.ForgeConfigSpec/CORE]: Incorrect key Items.Nutrition.lambWithCornSaturationMod was corrected from null to its default, 0.8. 
[28Mar2026 04:54:45.068] [modloading-worker-0/WARN] [net.minecraftforge.common.ForgeConfigSpec/CORE]: Incorrect key Items.Nutrition.beefPattyWithVegetablesNutrition was corrected from null to its default, 6. 
[28Mar2026 04:54:45.068] [modloading-worker-0/WARN] [net.minecraftforge.common.ForgeConfigSpec/CORE]: Incorrect key Items.Nutrition.beefPattyWithVegetablesSaturationMod was corrected from null to its default, 0.8. 
[28Mar2026 04:54:45.068] [modloading-worker-0/WARN] [net.minecraftforge.common.ForgeConfigSpec/CORE]: Incorrect key Items.Nutrition.barleyPattiesWithPotatoesNutrition was corrected from null to its default, 5. 
[28Mar2026 04:54:45.068] [modloading-worker-0/WARN] [net.minecraftforge.common.ForgeConfigSpec/CORE]: Incorrect key Items.Nutrition.barleyPattiesWithPotatoesSaturationMod was corrected from null to its default, 0.9. 
[28Mar2026 04:54:45.068] [modloading-worker-0/WARN] [net.minecraftforge.common.ForgeConfigSpec/CORE]: Incorrect key Items.Nutrition.baconWithEggsNutrition was corrected from null to its default, 6. 
[28Mar2026 04:54:45.068] [modloading-worker-0/WARN] [net.minecraftforge.common.ForgeConfigSpec/CORE]: Incorrect key Items.Nutrition.baconWithEggsSaturationMod was corrected from null to its default, 0.7. 
[28Mar2026 04:54:45.068] [modloading-worker-0/WARN] [net.minecraftforge.common.ForgeConfigSpec/CORE]: Incorrect key Items.Nutrition.chickenWrappedInBaconNutrition was corrected from null to its default, 9. 
[28Mar2026 04:54:45.068] [modloading-worker-0/WARN] [net.minecraftforge.common.ForgeConfigSpec/CORE]: Incorrect key Items.Nutrition.chickenWrappedInBaconSaturationMod was corrected from null to its default, 0.9. 
[28Mar2026 04:54:45.068] [modloading-worker-0/WARN] [net.minecraftforge.common.ForgeConfigSpec/CORE]: Incorrect key Items.Nutrition.cookedSalmonNutrition was corrected from null to its default, 7. 
[28Mar2026 04:54:45.068] [modloading-worker-0/WARN] [net.minecraftforge.common.ForgeConfigSpec/CORE]: Incorrect key Items.Nutrition.cookedSalmonSaturationMod was corrected from null to its default, 0.9. 
[28Mar2026 04:54:45.068] [modloading-worker-0/WARN] [net.minecraftforge.common.ForgeConfigSpec/CORE]: Incorrect key Items.Nutrition.cookedCodNutrition was corrected from null to its default, 7. 
[28Mar2026 04:54:45.068] [modloading-worker-0/WARN] [net.minecraftforge.common.ForgeConfigSpec/CORE]: Incorrect key Items.Nutrition.cookedCodSaturationMod was corrected from null to its default, 0.9. 
[28Mar2026 04:54:45.069] [modloading-worker-0/WARN] [net.minecraftforge.common.ForgeConfigSpec/CORE]: Incorrect key Items.Nutrition.roastedChickenNutrition was corrected from null to its default, 5. 
[28Mar2026 04:54:45.069] [modloading-worker-0/WARN] [net.minecraftforge.common.ForgeConfigSpec/CORE]: Incorrect key Items.Nutrition.roastedChickenSaturationMod was corrected from null to its default, 0.8. 
[28Mar2026 04:54:45.069] [modloading-worker-0/WARN] [net.minecraftforge.common.ForgeConfigSpec/CORE]: Incorrect key Items.Effects was corrected from null to its default, SimpleCommentedConfig:{}. 
[28Mar2026 04:54:45.069] [modloading-worker-0/WARN] [net.minecraftforge.common.ForgeConfigSpec/CORE]: Incorrect key Items.Effects.chickenEffectTickInterval was corrected from null to its default, 120. 
[28Mar2026 04:54:45.069] [modloading-worker-0/WARN] [net.minecraftforge.common.ForgeConfigSpec/CORE]: Incorrect key Items.Effects.chickenEffectEggChance was corrected from null to its default, 20. 
[28Mar2026 04:54:45.069] [modloading-worker-0/WARN] [net.minecraftforge.common.ForgeConfigSpec/CORE]: Incorrect key Items.Effects.chickenEffectFeatherChance was corrected from null to its default, 20. 
[28Mar2026 04:54:45.069] [modloading-worker-0/WARN] [net.minecraftforge.common.ForgeConfigSpec/CORE]: Incorrect key Items.Effects.feastEffectSatiationInterval was corrected from null to its default, 40. 
[28Mar2026 04:54:45.069] [modloading-worker-0/WARN] [net.minecraftforge.common.ForgeConfigSpec/CORE]: Incorrect key Items.Effects.feastEffectSustenanceInterval was corrected from null to its default, 200. 
[28Mar2026 04:54:45.069] [modloading-worker-0/WARN] [net.minecraftforge.common.ForgeConfigSpec/CORE]: Incorrect key Items.Effects.feastEffectHealAmount was corrected from null to its default, 1. 
[28Mar2026 04:54:45.069] [modloading-worker-0/WARN] [net.minecraftforge.common.ForgeConfigSpec/CORE]: Incorrect key Items.Effects.sustenanceEffectInterval was corrected from null to its default, 200. 
[28Mar2026 04:54:45.069] [modloading-worker-0/WARN] [net.minecraftforge.common.ForgeConfigSpec/CORE]: Incorrect key Items.Effects.sustenanceEffectHealAmount was corrected from null to its default, 1. 
[28Mar2026 04:54:45.069] [modloading-worker-0/WARN] [net.minecraftforge.common.ForgeConfigSpec/CORE]: Incorrect key Items.Effects.sustenanceEffectFoodIncrement was corrected from null to its default, 1. 
[28Mar2026 04:54:45.069] [modloading-worker-0/WARN] [net.minecraftforge.common.ForgeConfigSpec/CORE]: Incorrect key Items.Effects.satiationEffectInterval was corrected from null to its default, 40. 
[28Mar2026 04:54:45.069] [modloading-worker-0/WARN] [net.minecraftforge.common.ForgeConfigSpec/CORE]: Incorrect key Items.Effects.satiationEffectHealAmount was corrected from null to its default, 1. 
[28Mar2026 04:54:45.079] [modloading-worker-0/INFO] [Railways/]: Steam 'n' Rails v1.7.2 initializing! Commit hash: 7c1a21e3a4edbd6b5f1301f82a8bfbeb5fdb1444 on Create version: 6.0.8 on platform: Forge
[28Mar2026 04:54:45.148] [modloading-worker-0/INFO] [NoChatReports/]: KONNICHIWA ZA WARUDO!
[28Mar2026 04:54:45.149] [modloading-worker-0/INFO] [NoChatReports/]: Default JVM text encoding is: UTF-8
[28Mar2026 04:54:45.154] [modloading-worker-0/INFO] [NoChatReports/]: Reading config file NoChatReports/NCR-Common.json...
[28Mar2026 04:54:45.161] [modloading-worker-0/INFO] [NoChatReports/]: Reading config file NoChatReports/NCR-Client.json...
[28Mar2026 04:54:45.163] [modloading-worker-0/INFO] [NoChatReports/]: Reading config file NoChatReports/NCR-ServerPreferences.json...
[28Mar2026 04:54:45.166] [modloading-worker-0/INFO] [NoChatReports/]: Reading config file NoChatReports/NCR-Encryption.json...
[28Mar2026 04:54:45.189] [modloading-worker-0/INFO] [mezz.jei.library.load.PluginCaller/]: Sending ConfigManager...
[28Mar2026 04:54:45.195] [modloading-worker-0/INFO] [mezz.jei.library.load.PluginCaller/]: Sending ConfigManager took 5.354 ms
[28Mar2026 04:54:45.212] [modloading-worker-0/INFO] [NoChatReports/]: Writing config file NoChatReports/NCR-Common.json...
[28Mar2026 04:54:45.213] [modloading-worker-0/INFO] [NoChatReports/]: Writing config file NoChatReports/NCR-Client.json...
[28Mar2026 04:54:45.215] [modloading-worker-0/INFO] [NoChatReports/]: Writing config file NoChatReports/NCR-ServerPreferences.json...
[28Mar2026 04:54:45.215] [modloading-worker-0/INFO] [NoChatReports/]: Writing config file NoChatReports/NCR-Encryption.json...
[28Mar2026 04:54:45.217] [modloading-worker-0/INFO] [NoChatReports/]: Client initialization...
[28Mar2026 04:54:45.231] [modloading-worker-0/INFO] [com.simibubi.create.Create/]: Create 6.0.8 initializing! Commit hash: 1a1a9a2819b4f89f78caec41b55ed8cb222fa24b
[28Mar2026 04:54:45.417] [modloading-worker-0/INFO] [de.keksuccino.fancymenu.FancyMenu/]: [FANCYMENU] Loading v3.8.1 in client-side mode on FORGE!
[28Mar2026 04:54:45.452] [modloading-worker-0/INFO] [mcqoy/]: [McQoy] I’m beginning to think I can cure a rainy day!
[28Mar2026 04:54:45.458] [modloading-worker-0/INFO] [YetAnotherConfigLib/]: Deserializing YACLConfig from '/Users/jonasbauer/Library/Application Support/PrismLauncher/instances/1.20.1(3)/minecraft/config/yacl.json5'
[28Mar2026 04:54:45.474] [modloading-worker-0/INFO] [quark/]: Initializing TerraBlender underground biome compat
[28Mar2026 04:54:45.491] [modloading-worker-0/INFO] [dev.architectury.networking.forge.NetworkManagerImpl/]: Registering C2S receiver with id wildernature:screen_action
[28Mar2026 04:54:45.497] [modloading-worker-0/WARN] [net.minecraftforge.common.ForgeConfigSpec/CORE]: Configuration file /Users/jonasbauer/Library/Application Support/PrismLauncher/instances/1.20.1(3)/minecraft/config/wildernature.toml is not correct. Correcting
[28Mar2026 04:54:45.497] [modloading-worker-0/WARN] [net.minecraftforge.common.ForgeConfigSpec/CORE]: Incorrect key removeSavannaAnimals was corrected from null to its default, true. 
[28Mar2026 04:54:45.497] [modloading-worker-0/WARN] [net.minecraftforge.common.ForgeConfigSpec/CORE]: Incorrect key removeSwampAnimals was corrected from null to its default, true. 
[28Mar2026 04:54:45.498] [modloading-worker-0/WARN] [net.minecraftforge.common.ForgeConfigSpec/CORE]: Incorrect key removeJungleAnimals was corrected from null to its default, true. 
[28Mar2026 04:54:45.498] [modloading-worker-0/WARN] [net.minecraftforge.common.ForgeConfigSpec/CORE]: Incorrect key removeForestAnimals was corrected from null to its default, true. 
[28Mar2026 04:54:45.498] [modloading-worker-0/WARN] [net.minecraftforge.common.ForgeConfigSpec/CORE]: Incorrect key addJungleAnimals was corrected from null to its default, true. 
[28Mar2026 04:54:45.498] [modloading-worker-0/WARN] [net.minecraftforge.common.ForgeConfigSpec/CORE]: Incorrect key spawnHazelnutBush was corrected from null to its default, true. 
[28Mar2026 04:54:45.498] [modloading-worker-0/WARN] [net.minecraftforge.common.ForgeConfigSpec/CORE]: Incorrect key pelicanSpawnWeight was corrected from null to its default, 5. 
[28Mar2026 04:54:45.499] [modloading-worker-0/WARN] [net.minecraftforge.common.ForgeConfigSpec/CORE]: Incorrect key pelicanMinGroupSize was corrected from null to its default, 3. 
[28Mar2026 04:54:45.499] [modloading-worker-0/WARN] [net.minecraftforge.common.ForgeConfigSpec/CORE]: Incorrect key pelicanMaxGroupSize was corrected from null to its default, 5. 
[28Mar2026 04:54:45.500] [modloading-worker-0/WARN] [net.minecraftforge.common.ForgeConfigSpec/CORE]: Incorrect key deerSpawnWeight was corrected from null to its default, 12. 
[28Mar2026 04:54:45.501] [modloading-worker-0/WARN] [net.minecraftforge.common.ForgeConfigSpec/CORE]: Incorrect key deerMinGroupSize was corrected from null to its default, 2. 
[28Mar2026 04:54:45.501] [modloading-worker-0/WARN] [net.minecraftforge.common.ForgeConfigSpec/CORE]: Incorrect key deerMaxGroupSize was corrected from null to its default, 4. 
[28Mar2026 04:54:45.501] [modloading-worker-0/WARN] [net.minecraftforge.common.ForgeConfigSpec/CORE]: Incorrect key raccoonSpawnWeight was corrected from null to its default, 8. 
[28Mar2026 04:54:45.502] [modloading-worker-0/WARN] [net.minecraftforge.common.ForgeConfigSpec/CORE]: Incorrect key raccoonMinGroupSize was corrected from null to its default, 2. 
[28Mar2026 04:54:45.502] [modloading-worker-0/WARN] [net.minecraftforge.common.ForgeConfigSpec/CORE]: Incorrect key raccoonMaxGroupSize was corrected from null to its default, 3. 
[28Mar2026 04:54:45.502] [modloading-worker-0/WARN] [net.minecraftforge.common.ForgeConfigSpec/CORE]: Incorrect key squirrelSpawnWeight was corrected from null to its default, 8. 
[28Mar2026 04:54:45.503] [modloading-worker-0/WARN] [net.minecraftforge.common.ForgeConfigSpec/CORE]: Incorrect key squirrelMinGroupSize was corrected from null to its default, 2. 
[28Mar2026 04:54:45.503] [modloading-worker-0/WARN] [net.minecraftforge.common.ForgeConfigSpec/CORE]: Incorrect key squirrelMaxGroupSize was corrected from null to its default, 2. 
[28Mar2026 04:54:45.504] [modloading-worker-0/WARN] [net.minecraftforge.common.ForgeConfigSpec/CORE]: Incorrect key redWolfSpawnWeight was corrected from null to its default, 10. 
[28Mar2026 04:54:45.504] [modloading-worker-0/WARN] [net.minecraftforge.common.ForgeConfigSpec/CORE]: Incorrect key redWolfMinGroupSize was corrected from null to its default, 2. 
[28Mar2026 04:54:45.504] [modloading-worker-0/WARN] [net.minecraftforge.common.ForgeConfigSpec/CORE]: Incorrect key redWolfMaxGroupSize was corrected from null to its default, 4. 
[28Mar2026 04:54:45.505] [modloading-worker-0/WARN] [net.minecraftforge.common.ForgeConfigSpec/CORE]: Incorrect key owlSpawnWeight was corrected from null to its default, 12. 
[28Mar2026 04:54:45.505] [modloading-worker-0/WARN] [net.minecraftforge.common.ForgeConfigSpec/CORE]: Incorrect key owlMinGroupSize was corrected from null to its default, 3. 
[28Mar2026 04:54:45.506] [modloading-worker-0/WARN] [net.minecraftforge.common.ForgeConfigSpec/CORE]: Incorrect key owlMaxGroupSize was corrected from null to its default, 3. 
[28Mar2026 04:54:45.506] [modloading-worker-0/WARN] [net.minecraftforge.common.ForgeConfigSpec/CORE]: Incorrect key boarSpawnWeight was corrected from null to its default, 14. 
[28Mar2026 04:54:45.506] [modloading-worker-0/WARN] [net.minecraftforge.common.ForgeConfigSpec/CORE]: Incorrect key boarMinGroupSize was corrected from null to its default, 4. 
[28Mar2026 04:54:45.506] [modloading-worker-0/WARN] [net.minecraftforge.common.ForgeConfigSpec/CORE]: Incorrect key boarMaxGroupSize was corrected from null to its default, 5. 
[28Mar2026 04:54:45.507] [modloading-worker-0/WARN] [net.minecraftforge.common.ForgeConfigSpec/CORE]: Incorrect key bisonSpawnWeight was corrected from null to its default, 10. 
[28Mar2026 04:54:45.507] [modloading-worker-0/WARN] [net.minecraftforge.common.ForgeConfigSpec/CORE]: Incorrect key bisonMinGroupSize was corrected from null to its default, 3. 
[28Mar2026 04:54:45.507] [modloading-worker-0/WARN] [net.minecraftforge.common.ForgeConfigSpec/CORE]: Incorrect key bisonMaxGroupSize was corrected from null to its default, 5. 
[28Mar2026 04:54:45.507] [modloading-worker-0/WARN] [net.minecraftforge.common.ForgeConfigSpec/CORE]: Incorrect key turkeySpawnWeight was corrected from null to its default, 12. 
[28Mar2026 04:54:45.508] [modloading-worker-0/WARN] [net.minecraftforge.common.ForgeConfigSpec/CORE]: Incorrect key turkeyMinGroupSize was corrected from null to its default, 3. 
[28Mar2026 04:54:45.508] [modloading-worker-0/WARN] [net.minecraftforge.common.ForgeConfigSpec/CORE]: Incorrect key turkeyMaxGroupSize was corrected from null to its default, 5. 
[28Mar2026 04:54:45.509] [modloading-worker-0/WARN] [net.minecraftforge.common.ForgeConfigSpec/CORE]: Incorrect key dogSpawnWeight was corrected from null to its default, 2. 
[28Mar2026 04:54:45.509] [modloading-worker-0/WARN] [net.minecraftforge.common.ForgeConfigSpec/CORE]: Incorrect key dogMinGroupSize was corrected from null to its default, 1. 
[28Mar2026 04:54:45.509] [modloading-worker-0/WARN] [net.minecraftforge.common.ForgeConfigSpec/CORE]: Incorrect key dogMaxGroupSize was corrected from null to its default, 1. 
[28Mar2026 04:54:45.510] [modloading-worker-0/WARN] [net.minecraftforge.common.ForgeConfigSpec/CORE]: Incorrect key minisheepSpawnWeight was corrected from null to its default, 8. 
[28Mar2026 04:54:45.509] [modloading-worker-0/INFO] [zeta/]: Doing super early config setup for zeta
[28Mar2026 04:54:45.510] [modloading-worker-0/WARN] [net.minecraftforge.common.ForgeConfigSpec/CORE]: Incorrect key minisheepMinGroupSize was corrected from null to its default, 2. 
[28Mar2026 04:54:45.510] [modloading-worker-0/WARN] [net.minecraftforge.common.ForgeConfigSpec/CORE]: Incorrect key minisheepMaxGroupSize was corrected from null to its default, 4. 
[28Mar2026 04:54:45.511] [modloading-worker-0/WARN] [net.minecraftforge.common.ForgeConfigSpec/CORE]: Incorrect key penguinSpawnWeight was corrected from null to its default, 10. 
[28Mar2026 04:54:45.511] [modloading-worker-0/WARN] [net.minecraftforge.common.ForgeConfigSpec/CORE]: Incorrect key penguinMinGroupSize was corrected from null to its default, 2. 
[28Mar2026 04:54:45.511] [modloading-worker-0/WARN] [net.minecraftforge.common.ForgeConfigSpec/CORE]: Incorrect key penguinMaxGroupSize was corrected from null to its default, 5. 
[28Mar2026 04:54:45.512] [modloading-worker-0/WARN] [net.minecraftforge.common.ForgeConfigSpec/CORE]: Incorrect key cassowarySpawnWeight was corrected from null to its default, 12. 
[28Mar2026 04:54:45.512] [modloading-worker-0/WARN] [net.minecraftforge.common.ForgeConfigSpec/CORE]: Incorrect key cassowaryMinGroupSize was corrected from null to its default, 3. 
[28Mar2026 04:54:45.513] [modloading-worker-0/WARN] [net.minecraftforge.common.ForgeConfigSpec/CORE]: Incorrect key cassowaryMaxGroupSize was corrected from null to its default, 4. 
[28Mar2026 04:54:45.513] [modloading-worker-0/WARN] [net.minecraftforge.common.ForgeConfigSpec/CORE]: Incorrect key flamingoSpawnWeight was corrected from null to its default, 9. 
[28Mar2026 04:54:45.514] [modloading-worker-0/WARN] [net.minecraftforge.common.ForgeConfigSpec/CORE]: Incorrect key flamingoMinGroupSize was corrected from null to its default, 3. 
[28Mar2026 04:54:45.514] [modloading-worker-0/WARN] [net.minecraftforge.common.ForgeConfigSpec/CORE]: Incorrect key flamingoMaxGroupSize was corrected from null to its default, 6. 
[28Mar2026 04:54:45.515] [modloading-worker-0/WARN] [net.minecraftforge.common.ForgeConfigSpec/CORE]: Incorrect key hedgehogSpawnWeight was corrected from null to its default, 10. 
[28Mar2026 04:54:45.515] [modloading-worker-0/WARN] [net.minecraftforge.common.ForgeConfigSpec/CORE]: Incorrect key hedgehogMinGroupSize was corrected from null to its default, 2. 
[28Mar2026 04:54:45.515] [modloading-worker-0/WARN] [net.minecraftforge.common.ForgeConfigSpec/CORE]: Incorrect key hedgehogMaxGroupSize was corrected from null to its default, 4. 
[28Mar2026 04:54:45.728] [modloading-worker-0/INFO] [quark-zeta/]: Discovered 164 modules to load.
[28Mar2026 04:54:45.728] [modloading-worker-0/INFO] [quark-zeta/]: Constructing module Abacus...
[28Mar2026 04:54:45.733] [modloading-worker-0/INFO] [quark-zeta/]: Constructing module Adjustable Chat...
[28Mar2026 04:54:45.733] [modloading-worker-0/INFO] [quark-zeta/]: Constructing module Ambient Discs...
[28Mar2026 04:54:45.735] [modloading-worker-0/INFO] [quark-zeta/]: Constructing module Ancient Tomes...
[28Mar2026 04:54:45.739] [modloading-worker-0/INFO] [quark-zeta/]: Constructing module Ancient Wood...
[28Mar2026 04:54:45.744] [modloading-worker-0/INFO] [quark-zeta/]: Constructing module Armed Armor Stands...
[28Mar2026 04:54:45.745] [modloading-worker-0/INFO] [quark-zeta/]: Constructing module Auto Walk Keybind...
[28Mar2026 04:54:45.745] [modloading-worker-0/INFO] [quark-zeta/]: Constructing module Automatic Recipe Unlock...
[28Mar2026 04:54:45.745] [modloading-worker-0/INFO] [quark-zeta/]: Constructing module Automatic Tool Restock...
[28Mar2026 04:54:45.746] [modloading-worker-0/INFO] [quark-zeta/]: Constructing module Azalea Wood...
[28Mar2026 04:54:45.746] [modloading-worker-0/INFO] [quark-zeta/]: Constructing module Back Button Keybind...
[28Mar2026 04:54:45.747] [modloading-worker-0/INFO] [quark-zeta/]: Constructing module Backpack...
[28Mar2026 04:54:45.770] [modloading-worker-0/INFO] [quark-zeta/]: Constructing module Beacon Redirection...
[28Mar2026 04:54:45.771] [modloading-worker-0/INFO] [quark-zeta/]: Constructing module Better Elytra Rocket...
[28Mar2026 04:54:45.771] [modloading-worker-0/INFO] [quark-zeta/]: Constructing module Big Stone Clusters...
[28Mar2026 04:54:45.778] [modloading-worker-0/INFO] [quark-zeta/]: Constructing module Blossom Trees...
[28Mar2026 04:54:45.779] [modloading-worker-0/INFO] [quark-zeta/]: Constructing module Bottled Cloud...
[28Mar2026 04:54:45.795] [modloading-worker-0/INFO] [quark-zeta/]: Constructing module Buckets Show Inhabitants...
[28Mar2026 04:54:45.796] [modloading-worker-0/INFO] [quark-zeta/]: Constructing module Camera...
[28Mar2026 04:54:45.797] [modloading-worker-0/INFO] [quark-zeta/]: Constructing module Campfires Boost Elytra...
[28Mar2026 04:54:45.798] [modloading-worker-0/INFO] [quark-zeta/]: Constructing module Celebratory Lamps...
[28Mar2026 04:54:45.798] [modloading-worker-0/INFO] [quark-zeta/]: Constructing module Chains Connect Blocks...
[28Mar2026 04:54:45.798] [modloading-worker-0/INFO] [quark-zeta/]: Constructing module Chest Searching...
[28Mar2026 04:54:45.798] [modloading-worker-0/INFO] [quark-zeta/]: Constructing module Chorus Vegetation...
[28Mar2026 04:54:45.801] [modloading-worker-0/INFO] [quark-zeta/]: Constructing module Chute...
[28Mar2026 04:54:45.802] [modloading-worker-0/INFO] [quark-zeta/]: Constructing module Climate Control Remover...
[28Mar2026 04:54:45.803] [modloading-worker-0/INFO] [quark-zeta/]: Constructing module Color Runes...
[28Mar2026 04:54:45.805] [modloading-worker-0/INFO] [quark-zeta/]: Constructing module Compasses Work Everywhere...
[28Mar2026 04:54:45.805] [modloading-worker-0/INFO] [quark-zeta/]: Constructing module Compressed Blocks...
[28Mar2026 04:54:45.806] [modloading-worker-0/INFO] [quark-zeta/]: Constructing module Coral On Cactus...
[28Mar2026 04:54:45.806] [modloading-worker-0/INFO] [quark-zeta/]: Constructing module Corundum...
[28Mar2026 04:54:45.816] [modloading-worker-0/INFO] [quark-zeta/]: Constructing module Crabs...
[28Mar2026 04:54:45.818] [modloading-worker-0/INFO] [quark-zeta/]: Constructing module Crafter...
[28Mar2026 04:54:45.819] [modloading-worker-0/INFO] [quark-zeta/]: Constructing module Crate...
[28Mar2026 04:54:45.819] [modloading-worker-0/INFO] [quark-zeta/]: Constructing module Diamond Repair...
[28Mar2026 04:54:45.820] [modloading-worker-0/INFO] [quark-zeta/]: Constructing module Dispensers Place Blocks...
[28Mar2026 04:54:45.820] [modloading-worker-0/INFO] [quark-zeta/]: Constructing module Double Door Opening...
[28Mar2026 04:54:45.820] [modloading-worker-0/INFO] [quark-zeta/]: Constructing module Dragon Scales...
[28Mar2026 04:54:45.821] [modloading-worker-0/INFO] [quark-zeta/]: Constructing module Duskbound Blocks...
[28Mar2026 04:54:45.821] [modloading-worker-0/INFO] [quark-zeta/]: Constructing module Dyeable Item Frames...
[28Mar2026 04:54:45.822] [modloading-worker-0/INFO] [quark-zeta/]: Constructing module Easy Transfering...
[28Mar2026 04:54:45.822] [modloading-worker-0/INFO] [quark-zeta/]: Constructing module Elytra Indicator...
[28Mar2026 04:54:45.822] [modloading-worker-0/INFO] [quark-zeta/]: Constructing module Emotes...
[28Mar2026 04:54:45.824] [modloading-worker-0/INFO] [quark-zeta/]: Constructing module Enchantment Predicates...
[28Mar2026 04:54:45.824] [modloading-worker-0/INFO] [quark-zeta/]: Constructing module Enchantments Begone...
[28Mar2026 04:54:45.824] [modloading-worker-0/INFO] [quark-zeta/]: Constructing module Ender Watcher...
[28Mar2026 04:54:45.825] [modloading-worker-0/INFO] [quark-zeta/]: Constructing module Endermosh Music Disc...
[28Mar2026 04:54:45.836] [modloading-worker-0/INFO] [quark-zeta/]: Constructing module Enhanced Ladders...
[28Mar2026 04:54:45.837] [modloading-worker-0/INFO] [quark-zeta/]: Constructing module Expanded Item Interactions...
[28Mar2026 04:54:45.838] [modloading-worker-0/INFO] [quark-zeta/]: Constructing module Fairy Rings...
[28Mar2026 04:54:45.839] [modloading-worker-0/INFO] [quark-zeta/]: Constructing module Fallen Logs...
[28Mar2026 04:54:45.840] [modloading-worker-0/INFO] [quark-zeta/]: Constructing module Feeding Trough...
[28Mar2026 04:54:45.842] [modloading-worker-0/INFO] [quark-zeta/]: Constructing module Forgotten...
[28Mar2026 04:54:45.846] [modloading-worker-0/INFO] [quark-zeta/]: Constructing module Foxhound...
[28Mar2026 04:54:45.847] [modloading-worker-0/INFO] [quark-zeta/]: Constructing module Framed Glass...
[28Mar2026 04:54:45.847] [modloading-worker-0/INFO] [quark-zeta/]: Constructing module Game Nerfs...
[28Mar2026 04:54:45.847] [modloading-worker-0/INFO] [quark-zeta/]: Constructing module Glass Item Frame...
[28Mar2026 04:54:45.851] [modloading-worker-0/INFO] [quark-zeta/]: Constructing module Glass Shard...
[28Mar2026 04:54:45.851] [modloading-worker-0/INFO] [quark-zeta/]: Constructing module Glimmering Weald...
[28Mar2026 04:54:45.860] [modloading-worker-0/INFO] [quark-zeta/]: Constructing module Gold Bars...
[28Mar2026 04:54:45.860] [modloading-worker-0/INFO] [quark-zeta/]: Constructing module Gold Tools Have Fortune...
[28Mar2026 04:54:45.861] [modloading-worker-0/INFO] [quark-zeta/]: Constructing module Grab Chickens...
[28Mar2026 04:54:45.861] [modloading-worker-0/INFO] [quark-zeta/]: Constructing module Grate...
[28Mar2026 04:54:45.863] [modloading-worker-0/INFO] [quark-zeta/]: Constructing module Gravisand...
[28Mar2026 04:54:45.865] [modloading-worker-0/INFO] [quark-zeta/]: Constructing module Greener Grass...
[28Mar2026 04:54:45.881] [modloading-worker-0/INFO] [quark-zeta/]: Constructing module Hedges...
[28Mar2026 04:54:45.888] [modloading-worker-0/INFO] [quark-zeta/]: Constructing module Hoe Harvesting...
[28Mar2026 04:54:45.888] [modloading-worker-0/INFO] [quark-zeta/]: Constructing module Hollow Logs...
[28Mar2026 04:54:45.888] [modloading-worker-0/INFO] [quark-zeta/]: Constructing module Horses Swim...
[28Mar2026 04:54:45.888] [modloading-worker-0/INFO] [quark-zeta/]: Constructing module Hotbar Changer...
[28Mar2026 04:54:45.889] [modloading-worker-0/INFO] [quark-zeta/]: Constructing module Improved Sponges...
[28Mar2026 04:54:45.889] [modloading-worker-0/INFO] [quark-zeta/]: Constructing module Improved Tooltips...
[28Mar2026 04:54:45.890] [modloading-worker-0/INFO] [quark-zeta/]: Constructing module Industrial Palette...
[28Mar2026 04:54:45.891] [modloading-worker-0/INFO] [quark-zeta/]: Constructing module Inventory Sorting...
[28Mar2026 04:54:45.891] [modloading-worker-0/INFO] [quark-zeta/]: Constructing module Iron Rod...
[28Mar2026 04:54:45.897] [modloading-worker-0/INFO] [quark-zeta/]: Constructing module Item Sharing...
[28Mar2026 04:54:45.897] [modloading-worker-0/INFO] [quark-zeta/]: Constructing module Japanese Palette...
[28Mar2026 04:54:45.897] [modloading-worker-0/INFO] [quark-zeta/]: Constructing module Leaf Carpet...
[28Mar2026 04:54:45.899] [modloading-worker-0/INFO] [quark-zeta/]: Constructing module Lock Rotation...
[28Mar2026 04:54:45.899] [modloading-worker-0/INFO] [quark-zeta/]: Constructing module Long Range Pick Block...
[28Mar2026 04:54:45.900] [modloading-worker-0/INFO] [quark-zeta/]: Constructing module Magma Keeps Concrete Powder...
[28Mar2026 04:54:45.900] [modloading-worker-0/INFO] [quark-zeta/]: Constructing module Magnets...
[28Mar2026 04:54:45.902] [modloading-worker-0/INFO] [quark-zeta/]: Constructing module Map Washing...
[28Mar2026 04:54:45.902] [modloading-worker-0/INFO] [quark-zeta/]: Constructing module Matrix Enchanting...
[28Mar2026 04:54:45.907] [modloading-worker-0/INFO] [quark-zeta/]: Constructing module Metal Buttons...
[28Mar2026 04:54:45.908] [modloading-worker-0/INFO] [quark-zeta/]: Constructing module Microcrafting Helper...
[28Mar2026 04:54:45.909] [modloading-worker-0/INFO] [quark-zeta/]: Constructing module Midori...
[28Mar2026 04:54:45.910] [modloading-worker-0/INFO] [quark-zeta/]: Constructing module Monster Box...
[28Mar2026 04:54:45.910] [modloading-worker-0/INFO] [quark-zeta/]: Constructing module More Banner Layers...
[28Mar2026 04:54:45.911] [modloading-worker-0/INFO] [quark-zeta/]: Constructing module More Brick Types...
[28Mar2026 04:54:45.911] [modloading-worker-0/INFO] [quark-zeta/]: Constructing module More Mud Blocks...
[28Mar2026 04:54:45.911] [modloading-worker-0/INFO] [quark-zeta/]: Constructing module More Note Block Sounds...
[28Mar2026 04:54:45.911] [modloading-worker-0/INFO] [quark-zeta/]: Constructing module More Potted Plants...
[28Mar2026 04:54:45.911] [modloading-worker-0/INFO] [quark-zeta/]: Constructing module More Villagers...
[28Mar2026 04:54:45.911] [modloading-worker-0/INFO] [quark-zeta/]: Constructing module Narrator Readout...
[28Mar2026 04:54:45.912] [modloading-worker-0/INFO] [quark-zeta/]: Constructing module Nether Brick Fence Gate...
[28Mar2026 04:54:45.912] [modloading-worker-0/INFO] [quark-zeta/]: Constructing module Nether Obsidian Spikes...
[28Mar2026 04:54:45.912] [modloading-worker-0/INFO] [quark-zeta/]: Constructing module New Stone Types...
[28Mar2026 04:54:45.919] [modloading-worker-0/INFO] [quark-zeta/]: Constructing module No Durability On Cosmetics...
[28Mar2026 04:54:45.919] [modloading-worker-0/INFO] [quark-zeta/]: Constructing module No More Lava Pockets...
[28Mar2026 04:54:45.919] [modloading-worker-0/INFO] [quark-zeta/]: Constructing module Obsidian Plate...
[28Mar2026 04:54:45.919] [modloading-worker-0/INFO] [quark-zeta/]: Constructing module Overlay Shader...
[28Mar2026 04:54:45.920] [modloading-worker-0/INFO] [quark-zeta/]: Constructing module Parrot Eggs...
[28Mar2026 04:54:45.920] [modloading-worker-0/INFO] [quark-zeta/]: Constructing module Pat The Dogs...
[28Mar2026 04:54:45.921] [modloading-worker-0/INFO] [quark-zeta/]: Constructing module Pathfinder Maps...
[28Mar2026 04:54:45.923] [modloading-worker-0/INFO] [quark-zeta/]: Constructing module Permafrost...
[28Mar2026 04:54:45.924] [modloading-worker-0/INFO] [quark-zeta/]: Constructing module Petals On Water...
[28Mar2026 04:54:45.925] [modloading-worker-0/INFO] [quark-zeta/]: Constructing module Pickarang...
[28Mar2026 04:54:45.927] [modloading-worker-0/INFO] [quark-zeta/]: Constructing module Pig Litters...
[28Mar2026 04:54:45.927] [modloading-worker-0/INFO] [quark-zeta/]: Constructing module Pipes...
[28Mar2026 04:54:45.930] [modloading-worker-0/INFO] [quark-zeta/]: Constructing module Pistons Move Tile Entities...
[28Mar2026 04:54:45.930] [modloading-worker-0/INFO] [quark-zeta/]: Constructing module Poison Potato Usage...
[28Mar2026 04:54:45.931] [modloading-worker-0/INFO] [quark-zeta/]: Constructing module Quick Armor Swapping...
[28Mar2026 04:54:45.931] [modloading-worker-0/INFO] [quark-zeta/]: Constructing module Rainbow Lamps...
[28Mar2026 04:54:45.931] [modloading-worker-0/INFO] [quark-zeta/]: Constructing module Raw Metal Bricks...
[28Mar2026 04:54:45.931] [modloading-worker-0/INFO] [quark-zeta/]: Constructing module Reacharound Placing...
[28Mar2026 04:54:45.932] [modloading-worker-0/INFO] [quark-zeta/]: Constructing module Redstone Randomizer...
[28Mar2026 04:54:45.933] [modloading-worker-0/INFO] [quark-zeta/]: Constructing module Renewable Spore Blossoms...
[28Mar2026 04:54:45.933] [modloading-worker-0/INFO] [quark-zeta/]: Constructing module Replace Scaffolding...
[28Mar2026 04:54:45.933] [modloading-worker-0/INFO] [quark-zeta/]: Constructing module Rope...
[28Mar2026 04:54:45.935] [modloading-worker-0/INFO] [quark-zeta/]: Constructing module Safer Creatures...
[28Mar2026 04:54:45.935] [modloading-worker-0/INFO] [quark-zeta/]: Constructing module Seed Pouch...
[28Mar2026 04:54:45.938] [modloading-worker-0/INFO] [quark-zeta/]: Constructing module Shear Vines...
[28Mar2026 04:54:45.946] [modloading-worker-0/INFO] [quark-zeta/]: Constructing module Shiba...
[28Mar2026 04:54:45.947] [modloading-worker-0/INFO] [quark-zeta/]: Constructing module Shingles...
[28Mar2026 04:54:45.947] [modloading-worker-0/INFO] [quark-zeta/]: Constructing module Shulker Packing...
[28Mar2026 04:54:45.947] [modloading-worker-0/INFO] [quark-zeta/]: Constructing module Simple Harvest...
[28Mar2026 04:54:45.948] [modloading-worker-0/INFO] [quark-zeta/]: Constructing module Skull Pikes...
[28Mar2026 04:54:45.950] [modloading-worker-0/INFO] [quark-zeta/]: Constructing module Slabs To Blocks...
[28Mar2026 04:54:45.950] [modloading-worker-0/INFO] [quark-zeta/]: Constructing module Slime In A Bucket...
[28Mar2026 04:54:45.952] [modloading-worker-0/INFO] [quark-zeta/]: Constructing module Slimes To Magma Cubes...
[28Mar2026 04:54:45.952] [modloading-worker-0/INFO] [quark-zeta/]: Constructing module Snow Golem Player Heads...
[28Mar2026 04:54:45.952] [modloading-worker-0/INFO] [quark-zeta/]: Constructing module Soul Candles...
[28Mar2026 04:54:45.952] [modloading-worker-0/INFO] [quark-zeta/]: Constructing module Soul Sandstone...
[28Mar2026 04:54:45.952] [modloading-worker-0/INFO] [quark-zeta/]: Constructing module Spawner Replacer...
[28Mar2026 04:54:45.953] [modloading-worker-0/INFO] [quark-zeta/]: Constructing module Spiral Spires...
[28Mar2026 04:54:45.954] [modloading-worker-0/INFO] [quark-zeta/]: Constructing module Stonelings...
[28Mar2026 04:54:45.955] [modloading-worker-0/INFO] [quark-zeta/]: Constructing module Stools...
[28Mar2026 04:54:45.956] [modloading-worker-0/INFO] [quark-zeta/]: Constructing module Sturdy Stone...
[28Mar2026 04:54:45.957] [modloading-worker-0/INFO] [quark-zeta/]: Constructing module Thatch...
[28Mar2026 04:54:45.957] [modloading-worker-0/INFO] [quark-zeta/]: Constructing module Tiny Potato...
[28Mar2026 04:54:45.960] [modloading-worker-0/INFO] [quark-zeta/]: Constructing module Torch Arrow...
[28Mar2026 04:54:45.962] [modloading-worker-0/INFO] [quark-zeta/]: Constructing module Toretoise...
[28Mar2026 04:54:45.962] [modloading-worker-0/INFO] [quark-zeta/]: Constructing module Totem Of Holding...
[28Mar2026 04:54:45.964] [modloading-worker-0/INFO] [quark-zeta/]: Constructing module Trowel...
[28Mar2026 04:54:45.966] [modloading-worker-0/INFO] [quark-zeta/]: Constructing module Usage Ticker...
[28Mar2026 04:54:45.966] [modloading-worker-0/INFO] [quark-zeta/]: Constructing module Uses For Curses...
[28Mar2026 04:54:45.969] [modloading-worker-0/INFO] [quark-zeta/]: Constructing module Utility Recipes...
[28Mar2026 04:54:45.971] [modloading-worker-0/INFO] [quark-zeta/]: Constructing module Variant Animal Textures...
[28Mar2026 04:54:45.973] [modloading-worker-0/INFO] [quark-zeta/]: Constructing module Variant Bookshelves...
[28Mar2026 04:54:45.973] [modloading-worker-0/INFO] [quark-zeta/]: Constructing module Variant Chests...
[28Mar2026 04:54:46.015] [modloading-worker-0/INFO] [quark-zeta/]: Constructing module Variant Furnaces...
[28Mar2026 04:54:46.030] [modloading-worker-0/INFO] [quark-zeta/]: Constructing module Variant Ladders...
[28Mar2026 04:54:46.032] [modloading-worker-0/INFO] [quark-zeta/]: Constructing module Variant Selector...
[28Mar2026 04:54:46.063] [modloading-worker-0/INFO] [quark-zeta/]: Constructing module Vertical Planks...
[28Mar2026 04:54:46.068] [modloading-worker-0/INFO] [quark-zeta/]: Constructing module Vertical Slabs...
[28Mar2026 04:54:46.122] [modloading-worker-0/INFO] [quark-zeta/]: Constructing module Vexes Die With Their Masters...
[28Mar2026 04:54:46.123] [modloading-worker-0/INFO] [quark-zeta/]: Constructing module Villager Rerolling Rework...
[28Mar2026 04:54:46.128] [modloading-worker-0/INFO] [quark-zeta/]: Constructing module Villagers Follow Emeralds...
[28Mar2026 04:54:46.128] [modloading-worker-0/INFO] [quark-zeta/]: Constructing module Wooden Posts...
[28Mar2026 04:54:46.130] [modloading-worker-0/INFO] [quark-zeta/]: Constructing module Wool Shuts Up Minecarts...
[28Mar2026 04:54:46.131] [modloading-worker-0/INFO] [quark-zeta/]: Constructing module Wraith...
[28Mar2026 04:54:46.135] [modloading-worker-0/INFO] [quark-zeta/]: Constructing module Zombie Villagers On Normal...
[28Mar2026 04:54:46.136] [modloading-worker-0/INFO] [quark-zeta/]: Constructing module More Stone Variants...
[28Mar2026 04:54:46.136] [modloading-worker-0/INFO] [quark-zeta/]: Constructed 164 modules.
[28Mar2026 04:54:46.181] [modloading-worker-0/INFO] [quark-zeta/]: Doing super early config setup for quark
[28Mar2026 04:54:46.324] [modloading-worker-0/WARN] [forestry/]: Detected IForestryPlugin forestry:kubejs with class forestry.compat.kubejs.KubeForestryPlugin but did not load it because IForestryPlugin.shouldLoad returned false.
[28Mar2026 04:54:46.434] [modloading-worker-0/INFO] [Railways/]: Registered bogey styles from railways
[28Mar2026 04:54:46.654] [modloading-worker-0/INFO] [Railways/]: Registering data fixers
[28Mar2026 04:54:46.663] [Railways Datafixer Bootstrap/INFO] [com.mojang.datafixers.DataFixerBuilder/]: 5 Datafixer optimizations took 1 milliseconds
[28Mar2026 04:54:46.664] [modloading-worker-0/INFO] [Railways/MultiRegistryCallback/]: Registering callback for create:track_signal in minecraft:block_entity_type
[28Mar2026 04:54:46.664] [modloading-worker-0/INFO] [Railways/MultiRegistryCallback/]: Registering callback for railways:track_signal_source in create:display_source
[28Mar2026 04:54:46.665] [modloading-worker-0/INFO] [Railways/MultiRegistryCallback/]: Registering callback for create:copycat in minecraft:block_entity_type
[28Mar2026 04:54:46.665] [modloading-worker-0/INFO] [Railways/MultiRegistryCallback/]: Registering callback for railways:conductor_vent in minecraft:block
[28Mar2026 04:54:46.665] [modloading-worker-0/INFO] [Railways/MultiRegistryCallback/]: Registering callback for create:flywheel in minecraft:block_entity_type
[28Mar2026 04:54:46.665] [modloading-worker-0/INFO] [Railways/MultiRegistryCallback/]: Registering callback for railways:locometal_flywheel in minecraft:block
[28Mar2026 04:54:46.665] [modloading-worker-0/INFO] [Railways/MultiRegistryCallback/]: Registering callback for create:sliding_door in minecraft:block_entity_type
[28Mar2026 04:54:46.665] [modloading-worker-0/INFO] [Railways/MultiRegistryCallback/]: Registering callback for railways:sliding_locometal_door in minecraft:block
[28Mar2026 04:54:46.665] [modloading-worker-0/INFO] [Railways/MultiRegistryCallback/]: Registering callback for create:sliding_door in minecraft:block_entity_type
[28Mar2026 04:54:46.665] [modloading-worker-0/INFO] [Railways/MultiRegistryCallback/]: Registering callback for railways:folding_locometal_door in minecraft:block
[28Mar2026 04:54:46.665] [modloading-worker-0/INFO] [Railways/MultiRegistryCallback/]: Registering callback for create:flywheel in minecraft:block_entity_type
[28Mar2026 04:54:46.665] [modloading-worker-0/INFO] [Railways/MultiRegistryCallback/]: Registering callback for railways:brown_locometal_flywheel in minecraft:block
[28Mar2026 04:54:46.665] [modloading-worker-0/INFO] [Railways/MultiRegistryCallback/]: Registering callback for create:sliding_door in minecraft:block_entity_type
[28Mar2026 04:54:46.665] [modloading-worker-0/INFO] [Railways/MultiRegistryCallback/]: Registering callback for railways:brown_sliding_locometal_door in minecraft:block
[28Mar2026 04:54:46.665] [modloading-worker-0/INFO] [Railways/MultiRegistryCallback/]: Registering callback for create:sliding_door in minecraft:block_entity_type
[28Mar2026 04:54:46.665] [modloading-worker-0/INFO] [Railways/MultiRegistryCallback/]: Registering callback for railways:brown_folding_locometal_door in minecraft:block
[28Mar2026 04:54:46.665] [modloading-worker-0/INFO] [Railways/MultiRegistryCallback/]: Registering callback for create:flywheel in minecraft:block_entity_type
[28Mar2026 04:54:46.665] [modloading-worker-0/INFO] [Railways/MultiRegistryCallback/]: Registering callback for railways:maroon_locometal_flywheel in minecraft:block
[28Mar2026 04:54:46.665] [modloading-worker-0/INFO] [Railways/MultiRegistryCallback/]: Registering callback for create:sliding_door in minecraft:block_entity_type
[28Mar2026 04:54:46.665] [modloading-worker-0/INFO] [Railways/MultiRegistryCallback/]: Registering callback for railways:maroon_sliding_locometal_door in minecraft:block
[28Mar2026 04:54:46.665] [modloading-worker-0/INFO] [Railways/MultiRegistryCallback/]: Registering callback for create:sliding_door in minecraft:block_entity_type
[28Mar2026 04:54:46.665] [modloading-worker-0/INFO] [Railways/MultiRegistryCallback/]: Registering callback for railways:maroon_folding_locometal_door in minecraft:block
[28Mar2026 04:54:46.665] [modloading-worker-0/INFO] [Railways/MultiRegistryCallback/]: Registering callback for create:flywheel in minecraft:block_entity_type
[28Mar2026 04:54:46.665] [modloading-worker-0/INFO] [Railways/MultiRegistryCallback/]: Registering callback for railways:red_locometal_flywheel in minecraft:block
[28Mar2026 04:54:46.665] [modloading-worker-0/INFO] [Railways/MultiRegistryCallback/]: Registering callback for create:sliding_door in minecraft:block_entity_type
[28Mar2026 04:54:46.665] [modloading-worker-0/INFO] [Railways/MultiRegistryCallback/]: Registering callback for railways:red_sliding_locometal_door in minecraft:block
[28Mar2026 04:54:46.665] [modloading-worker-0/INFO] [Railways/MultiRegistryCallback/]: Registering callback for create:sliding_door in minecraft:block_entity_type
[28Mar2026 04:54:46.665] [modloading-worker-0/INFO] [Railways/MultiRegistryCallback/]: Registering callback for railways:red_folding_locometal_door in minecraft:block
[28Mar2026 04:54:46.665] [modloading-worker-0/INFO] [Railways/MultiRegistryCallback/]: Registering callback for create:flywheel in minecraft:block_entity_type
[28Mar2026 04:54:46.665] [modloading-worker-0/INFO] [Railways/MultiRegistryCallback/]: Registering callback for railways:vermilion_locometal_flywheel in minecraft:block
[28Mar2026 04:54:46.665] [modloading-worker-0/INFO] [Railways/MultiRegistryCallback/]: Registering callback for create:sliding_door in minecraft:block_entity_type
[28Mar2026 04:54:46.665] [modloading-worker-0/INFO] [Railways/MultiRegistryCallback/]: Registering callback for railways:vermilion_sliding_locometal_door in minecraft:block
[28Mar2026 04:54:46.665] [modloading-worker-0/INFO] [Railways/MultiRegistryCallback/]: Registering callback for create:sliding_door in minecraft:block_entity_type
[28Mar2026 04:54:46.665] [modloading-worker-0/INFO] [Railways/MultiRegistryCallback/]: Registering callback for railways:vermilion_folding_locometal_door in minecraft:block
[28Mar2026 04:54:46.665] [modloading-worker-0/INFO] [Railways/MultiRegistryCallback/]: Registering callback for create:flywheel in minecraft:block_entity_type
[28Mar2026 04:54:46.665] [modloading-worker-0/INFO] [Railways/MultiRegistryCallback/]: Registering callback for railways:orange_locometal_flywheel in minecraft:block
[28Mar2026 04:54:46.665] [modloading-worker-0/INFO] [Railways/MultiRegistryCallback/]: Registering callback for create:sliding_door in minecraft:block_entity_type
[28Mar2026 04:54:46.665] [modloading-worker-0/INFO] [Railways/MultiRegistryCallback/]: Registering callback for railways:orange_sliding_locometal_door in minecraft:block
[28Mar2026 04:54:46.666] [modloading-worker-0/INFO] [Railways/MultiRegistryCallback/]: Registering callback for create:sliding_door in minecraft:block_entity_type
[28Mar2026 04:54:46.666] [modloading-worker-0/INFO] [Railways/MultiRegistryCallback/]: Registering callback for railways:orange_folding_locometal_door in minecraft:block
[28Mar2026 04:54:46.666] [modloading-worker-0/INFO] [Railways/MultiRegistryCallback/]: Registering callback for create:flywheel in minecraft:block_entity_type
[28Mar2026 04:54:46.666] [modloading-worker-0/INFO] [Railways/MultiRegistryCallback/]: Registering callback for railways:granite_locometal_flywheel in minecraft:block
[28Mar2026 04:54:46.666] [modloading-worker-0/INFO] [Railways/MultiRegistryCallback/]: Registering callback for create:sliding_door in minecraft:block_entity_type
[28Mar2026 04:54:46.666] [modloading-worker-0/INFO] [Railways/MultiRegistryCallback/]: Registering callback for railways:granite_sliding_locometal_door in minecraft:block
[28Mar2026 04:54:46.666] [modloading-worker-0/INFO] [Railways/MultiRegistryCallback/]: Registering callback for create:sliding_door in minecraft:block_entity_type
[28Mar2026 04:54:46.666] [modloading-worker-0/INFO] [Railways/MultiRegistryCallback/]: Registering callback for railways:granite_folding_locometal_door in minecraft:block
[28Mar2026 04:54:46.666] [modloading-worker-0/INFO] [Railways/MultiRegistryCallback/]: Registering callback for create:flywheel in minecraft:block_entity_type
[28Mar2026 04:54:46.666] [modloading-worker-0/INFO] [Railways/MultiRegistryCallback/]: Registering callback for railways:dripstone_locometal_flywheel in minecraft:block
[28Mar2026 04:54:46.666] [modloading-worker-0/INFO] [Railways/MultiRegistryCallback/]: Registering callback for create:sliding_door in minecraft:block_entity_type
[28Mar2026 04:54:46.666] [modloading-worker-0/INFO] [Railways/MultiRegistryCallback/]: Registering callback for railways:dripstone_sliding_locometal_door in minecraft:block
[28Mar2026 04:54:46.666] [modloading-worker-0/INFO] [Railways/MultiRegistryCallback/]: Registering callback for create:sliding_door in minecraft:block_entity_type
[28Mar2026 04:54:46.666] [modloading-worker-0/INFO] [Railways/MultiRegistryCallback/]: Registering callback for railways:dripstone_folding_locometal_door in minecraft:block
[28Mar2026 04:54:46.666] [modloading-worker-0/INFO] [Railways/MultiRegistryCallback/]: Registering callback for create:flywheel in minecraft:block_entity_type
[28Mar2026 04:54:46.666] [modloading-worker-0/INFO] [Railways/MultiRegistryCallback/]: Registering callback for railways:ochrum_locometal_flywheel in minecraft:block
[28Mar2026 04:54:46.666] [modloading-worker-0/INFO] [Railways/MultiRegistryCallback/]: Registering callback for create:sliding_door in minecraft:block_entity_type
[28Mar2026 04:54:46.666] [modloading-worker-0/INFO] [Railways/MultiRegistryCallback/]: Registering callback for railways:ochrum_sliding_locometal_door in minecraft:block
[28Mar2026 04:54:46.666] [modloading-worker-0/INFO] [Railways/MultiRegistryCallback/]: Registering callback for create:sliding_door in minecraft:block_entity_type
[28Mar2026 04:54:46.666] [modloading-worker-0/INFO] [Railways/MultiRegistryCallback/]: Registering callback for railways:ochrum_folding_locometal_door in minecraft:block
[28Mar2026 04:54:46.666] [modloading-worker-0/INFO] [Railways/MultiRegistryCallback/]: Registering callback for create:flywheel in minecraft:block_entity_type
[28Mar2026 04:54:46.666] [modloading-worker-0/INFO] [Railways/MultiRegistryCallback/]: Registering callback for railways:yellow_locometal_flywheel in minecraft:block
[28Mar2026 04:54:46.666] [modloading-worker-0/INFO] [Railways/MultiRegistryCallback/]: Registering callback for create:sliding_door in minecraft:block_entity_type
[28Mar2026 04:54:46.666] [modloading-worker-0/INFO] [Railways/MultiRegistryCallback/]: Registering callback for railways:yellow_sliding_locometal_door in minecraft:block
[28Mar2026 04:54:46.666] [modloading-worker-0/INFO] [Railways/MultiRegistryCallback/]: Registering callback for create:sliding_door in minecraft:block_entity_type
[28Mar2026 04:54:46.666] [modloading-worker-0/INFO] [Railways/MultiRegistryCallback/]: Registering callback for railways:yellow_folding_locometal_door in minecraft:block
[28Mar2026 04:54:46.666] [modloading-worker-0/INFO] [Railways/MultiRegistryCallback/]: Registering callback for create:flywheel in minecraft:block_entity_type
[28Mar2026 04:54:46.666] [modloading-worker-0/INFO] [Railways/MultiRegistryCallback/]: Registering callback for railways:chartreuse_locometal_flywheel in minecraft:block
[28Mar2026 04:54:46.666] [modloading-worker-0/INFO] [Railways/MultiRegistryCallback/]: Registering callback for create:sliding_door in minecraft:block_entity_type
[28Mar2026 04:54:46.666] [modloading-worker-0/INFO] [Railways/MultiRegistryCallback/]: Registering callback for railways:chartreuse_sliding_locometal_door in minecraft:block
[28Mar2026 04:54:46.666] [modloading-worker-0/INFO] [Railways/MultiRegistryCallback/]: Registering callback for create:sliding_door in minecraft:block_entity_type
[28Mar2026 04:54:46.666] [modloading-worker-0/INFO] [Railways/MultiRegistryCallback/]: Registering callback for railways:chartreuse_folding_locometal_door in minecraft:block
[28Mar2026 04:54:46.666] [modloading-worker-0/INFO] [Railways/MultiRegistryCallback/]: Registering callback for create:flywheel in minecraft:block_entity_type
[28Mar2026 04:54:46.666] [modloading-worker-0/INFO] [Railways/MultiRegistryCallback/]: Registering callback for railways:olive_green_locometal_flywheel in minecraft:block
[28Mar2026 04:54:46.666] [modloading-worker-0/INFO] [Railways/MultiRegistryCallback/]: Registering callback for create:sliding_door in minecraft:block_entity_type
[28Mar2026 04:54:46.666] [modloading-worker-0/INFO] [Railways/MultiRegistryCallback/]: Registering callback for railways:olive_green_sliding_locometal_door in minecraft:block
[28Mar2026 04:54:46.666] [modloading-worker-0/INFO] [Railways/MultiRegistryCallback/]: Registering callback for create:sliding_door in minecraft:block_entity_type
[28Mar2026 04:54:46.666] [modloading-worker-0/INFO] [Railways/MultiRegistryCallback/]: Registering callback for railways:olive_green_folding_locometal_door in minecraft:block
[28Mar2026 04:54:46.666] [modloading-worker-0/INFO] [Railways/MultiRegistryCallback/]: Registering callback for create:flywheel in minecraft:block_entity_type
[28Mar2026 04:54:46.666] [modloading-worker-0/INFO] [Railways/MultiRegistryCallback/]: Registering callback for railways:lime_locometal_flywheel in minecraft:block
[28Mar2026 04:54:46.666] [modloading-worker-0/INFO] [Railways/MultiRegistryCallback/]: Registering callback for create:sliding_door in minecraft:block_entity_type
[28Mar2026 04:54:46.667] [modloading-worker-0/INFO] [Railways/MultiRegistryCallback/]: Registering callback for railways:lime_sliding_locometal_door in minecraft:block
[28Mar2026 04:54:46.667] [modloading-worker-0/INFO] [Railways/MultiRegistryCallback/]: Registering callback for create:sliding_door in minecraft:block_entity_type
[28Mar2026 04:54:46.667] [modloading-worker-0/INFO] [Railways/MultiRegistryCallback/]: Registering callback for railways:lime_folding_locometal_door in minecraft:block
[28Mar2026 04:54:46.667] [modloading-worker-0/INFO] [Railways/MultiRegistryCallback/]: Registering callback for create:flywheel in minecraft:block_entity_type
[28Mar2026 04:54:46.667] [modloading-worker-0/INFO] [Railways/MultiRegistryCallback/]: Registering callback for railways:green_locometal_flywheel in minecraft:block
[28Mar2026 04:54:46.667] [modloading-worker-0/INFO] [Railways/MultiRegistryCallback/]: Registering callback for create:sliding_door in minecraft:block_entity_type
[28Mar2026 04:54:46.667] [modloading-worker-0/INFO] [Railways/MultiRegistryCallback/]: Registering callback for railways:green_sliding_locometal_door in minecraft:block
[28Mar2026 04:54:46.667] [modloading-worker-0/INFO] [Railways/MultiRegistryCallback/]: Registering callback for create:sliding_door in minecraft:block_entity_type
[28Mar2026 04:54:46.667] [modloading-worker-0/INFO] [Railways/MultiRegistryCallback/]: Registering callback for railways:green_folding_locometal_door in minecraft:block
[28Mar2026 04:54:46.667] [modloading-worker-0/INFO] [Railways/MultiRegistryCallback/]: Registering callback for create:flywheel in minecraft:block_entity_type
[28Mar2026 04:54:46.667] [modloading-worker-0/INFO] [Railways/MultiRegistryCallback/]: Registering callback for railways:pine_green_locometal_flywheel in minecraft:block
[28Mar2026 04:54:46.667] [modloading-worker-0/INFO] [Railways/MultiRegistryCallback/]: Registering callback for create:sliding_door in minecraft:block_entity_type
[28Mar2026 04:54:46.667] [modloading-worker-0/INFO] [Railways/MultiRegistryCallback/]: Registering callback for railways:pine_green_sliding_locometal_door in minecraft:block
[28Mar2026 04:54:46.667] [modloading-worker-0/INFO] [Railways/MultiRegistryCallback/]: Registering callback for create:sliding_door in minecraft:block_entity_type
[28Mar2026 04:54:46.667] [modloading-worker-0/INFO] [Railways/MultiRegistryCallback/]: Registering callback for railways:pine_green_folding_locometal_door in minecraft:block
[28Mar2026 04:54:46.667] [modloading-worker-0/INFO] [Railways/MultiRegistryCallback/]: Registering callback for create:flywheel in minecraft:block_entity_type
[28Mar2026 04:54:46.667] [modloading-worker-0/INFO] [Railways/MultiRegistryCallback/]: Registering callback for railways:cyan_locometal_flywheel in minecraft:block
[28Mar2026 04:54:46.667] [modloading-worker-0/INFO] [Railways/MultiRegistryCallback/]: Registering callback for create:sliding_door in minecraft:block_entity_type
[28Mar2026 04:54:46.667] [modloading-worker-0/INFO] [Railways/MultiRegistryCallback/]: Registering callback for railways:cyan_sliding_locometal_door in minecraft:block
[28Mar2026 04:54:46.667] [modloading-worker-0/INFO] [Railways/MultiRegistryCallback/]: Registering callback for create:sliding_door in minecraft:block_entity_type
[28Mar2026 04:54:46.667] [modloading-worker-0/INFO] [Railways/MultiRegistryCallback/]: Registering callback for railways:cyan_folding_locometal_door in minecraft:block
[28Mar2026 04:54:46.667] [modloading-worker-0/INFO] [Railways/MultiRegistryCallback/]: Registering callback for create:flywheel in minecraft:block_entity_type
[28Mar2026 04:54:46.667] [modloading-worker-0/INFO] [Railways/MultiRegistryCallback/]: Registering callback for railways:sea_green_locometal_flywheel in minecraft:block
[28Mar2026 04:54:46.667] [modloading-worker-0/INFO] [Railways/MultiRegistryCallback/]: Registering callback for create:sliding_door in minecraft:block_entity_type
[28Mar2026 04:54:46.667] [modloading-worker-0/INFO] [Railways/MultiRegistryCallback/]: Registering callback for railways:sea_green_sliding_locometal_door in minecraft:block
[28Mar2026 04:54:46.667] [modloading-worker-0/INFO] [Railways/MultiRegistryCallback/]: Registering callback for create:sliding_door in minecraft:block_entity_type
[28Mar2026 04:54:46.667] [modloading-worker-0/INFO] [Railways/MultiRegistryCallback/]: Registering callback for railways:sea_green_folding_locometal_door in minecraft:block
[28Mar2026 04:54:46.667] [modloading-worker-0/INFO] [Railways/MultiRegistryCallback/]: Registering callback for create:flywheel in minecraft:block_entity_type
[28Mar2026 04:54:46.667] [modloading-worker-0/INFO] [Railways/MultiRegistryCallback/]: Registering callback for railways:turquoise_locometal_flywheel in minecraft:block
[28Mar2026 04:54:46.667] [modloading-worker-0/INFO] [Railways/MultiRegistryCallback/]: Registering callback for create:sliding_door in minecraft:block_entity_type
[28Mar2026 04:54:46.667] [modloading-worker-0/INFO] [Railways/MultiRegistryCallback/]: Registering callback for railways:turquoise_sliding_locometal_door in minecraft:block
[28Mar2026 04:54:46.667] [modloading-worker-0/INFO] [Railways/MultiRegistryCallback/]: Registering callback for create:sliding_door in minecraft:block_entity_type
[28Mar2026 04:54:46.667] [modloading-worker-0/INFO] [Railways/MultiRegistryCallback/]: Registering callback for railways:turquoise_folding_locometal_door in minecraft:block
[28Mar2026 04:54:46.667] [modloading-worker-0/INFO] [Railways/MultiRegistryCallback/]: Registering callback for create:flywheel in minecraft:block_entity_type
[28Mar2026 04:54:46.667] [modloading-worker-0/INFO] [Railways/MultiRegistryCallback/]: Registering callback for railways:light_blue_locometal_flywheel in minecraft:block
[28Mar2026 04:54:46.667] [modloading-worker-0/INFO] [Railways/MultiRegistryCallback/]: Registering callback for create:sliding_door in minecraft:block_entity_type
[28Mar2026 04:54:46.667] [modloading-worker-0/INFO] [Railways/MultiRegistryCallback/]: Registering callback for railways:light_blue_sliding_locometal_door in minecraft:block
[28Mar2026 04:54:46.667] [modloading-worker-0/INFO] [Railways/MultiRegistryCallback/]: Registering callback for create:sliding_door in minecraft:block_entity_type
[28Mar2026 04:54:46.667] [modloading-worker-0/INFO] [Railways/MultiRegistryCallback/]: Registering callback for railways:light_blue_folding_locometal_door in minecraft:block
[28Mar2026 04:54:46.667] [modloading-worker-0/INFO] [Railways/MultiRegistryCallback/]: Registering callback for create:flywheel in minecraft:block_entity_type
[28Mar2026 04:54:46.667] [modloading-worker-0/INFO] [Railways/MultiRegistryCallback/]: Registering callback for railways:blue_locometal_flywheel in minecraft:block
[28Mar2026 04:54:46.667] [modloading-worker-0/INFO] [Railways/MultiRegistryCallback/]: Registering callback for create:sliding_door in minecraft:block_entity_type
[28Mar2026 04:54:46.667] [modloading-worker-0/INFO] [Railways/MultiRegistryCallback/]: Registering callback for railways:blue_sliding_locometal_door in minecraft:block
[28Mar2026 04:54:46.667] [modloading-worker-0/INFO] [Railways/MultiRegistryCallback/]: Registering callback for create:sliding_door in minecraft:block_entity_type
[28Mar2026 04:54:46.667] [modloading-worker-0/INFO] [Railways/MultiRegistryCallback/]: Registering callback for railways:blue_folding_locometal_door in minecraft:block
[28Mar2026 04:54:46.667] [modloading-worker-0/INFO] [Railways/MultiRegistryCallback/]: Registering callback for create:flywheel in minecraft:block_entity_type
[28Mar2026 04:54:46.668] [modloading-worker-0/INFO] [Railways/MultiRegistryCallback/]: Registering callback for railways:royal_blue_locometal_flywheel in minecraft:block
[28Mar2026 04:54:46.668] [modloading-worker-0/INFO] [Railways/MultiRegistryCallback/]: Registering callback for create:sliding_door in minecraft:block_entity_type
[28Mar2026 04:54:46.668] [modloading-worker-0/INFO] [Railways/MultiRegistryCallback/]: Registering callback for railways:royal_blue_sliding_locometal_door in minecraft:block
[28Mar2026 04:54:46.668] [modloading-worker-0/INFO] [Railways/MultiRegistryCallback/]: Registering callback for create:sliding_door in minecraft:block_entity_type
[28Mar2026 04:54:46.668] [modloading-worker-0/INFO] [Railways/MultiRegistryCallback/]: Registering callback for railways:royal_blue_folding_locometal_door in minecraft:block
[28Mar2026 04:54:46.668] [modloading-worker-0/INFO] [Railways/MultiRegistryCallback/]: Registering callback for create:flywheel in minecraft:block_entity_type
[28Mar2026 04:54:46.668] [modloading-worker-0/INFO] [Railways/MultiRegistryCallback/]: Registering callback for railways:purple_locometal_flywheel in minecraft:block
[28Mar2026 04:54:46.668] [modloading-worker-0/INFO] [Railways/MultiRegistryCallback/]: Registering callback for create:sliding_door in minecraft:block_entity_type
[28Mar2026 04:54:46.668] [modloading-worker-0/INFO] [Railways/MultiRegistryCallback/]: Registering callback for railways:purple_sliding_locometal_door in minecraft:block
[28Mar2026 04:54:46.668] [modloading-worker-0/INFO] [Railways/MultiRegistryCallback/]: Registering callback for create:sliding_door in minecraft:block_entity_type
[28Mar2026 04:54:46.668] [modloading-worker-0/INFO] [Railways/MultiRegistryCallback/]: Registering callback for railways:purple_folding_locometal_door in minecraft:block
[28Mar2026 04:54:46.668] [modloading-worker-0/INFO] [Railways/MultiRegistryCallback/]: Registering callback for create:flywheel in minecraft:block_entity_type
[28Mar2026 04:54:46.668] [modloading-worker-0/INFO] [Railways/MultiRegistryCallback/]: Registering callback for railways:magenta_locometal_flywheel in minecraft:block
[28Mar2026 04:54:46.668] [modloading-worker-0/INFO] [Railways/MultiRegistryCallback/]: Registering callback for create:sliding_door in minecraft:block_entity_type
[28Mar2026 04:54:46.668] [modloading-worker-0/INFO] [Railways/MultiRegistryCallback/]: Registering callback for railways:magenta_sliding_locometal_door in minecraft:block
[28Mar2026 04:54:46.668] [modloading-worker-0/INFO] [Railways/MultiRegistryCallback/]: Registering callback for create:sliding_door in minecraft:block_entity_type
[28Mar2026 04:54:46.668] [modloading-worker-0/INFO] [Railways/MultiRegistryCallback/]: Registering callback for railways:magenta_folding_locometal_door in minecraft:block
[28Mar2026 04:54:46.668] [modloading-worker-0/INFO] [Railways/MultiRegistryCallback/]: Registering callback for create:flywheel in minecraft:block_entity_type
[28Mar2026 04:54:46.668] [modloading-worker-0/INFO] [Railways/MultiRegistryCallback/]: Registering callback for railways:pink_locometal_flywheel in minecraft:block
[28Mar2026 04:54:46.668] [modloading-worker-0/INFO] [Railways/MultiRegistryCallback/]: Registering callback for create:sliding_door in minecraft:block_entity_type
[28Mar2026 04:54:46.668] [modloading-worker-0/INFO] [Railways/MultiRegistryCallback/]: Registering callback for railways:pink_sliding_locometal_door in minecraft:block
[28Mar2026 04:54:46.668] [modloading-worker-0/INFO] [Railways/MultiRegistryCallback/]: Registering callback for create:sliding_door in minecraft:block_entity_type
[28Mar2026 04:54:46.668] [modloading-worker-0/INFO] [Railways/MultiRegistryCallback/]: Registering callback for railways:pink_folding_locometal_door in minecraft:block
[28Mar2026 04:54:46.668] [modloading-worker-0/INFO] [Railways/MultiRegistryCallback/]: Registering callback for create:flywheel in minecraft:block_entity_type
[28Mar2026 04:54:46.668] [modloading-worker-0/INFO] [Railways/MultiRegistryCallback/]: Registering callback for railways:white_locometal_flywheel in minecraft:block
[28Mar2026 04:54:46.668] [modloading-worker-0/INFO] [Railways/MultiRegistryCallback/]: Registering callback for create:sliding_door in minecraft:block_entity_type
[28Mar2026 04:54:46.668] [modloading-worker-0/INFO] [Railways/MultiRegistryCallback/]: Registering callback for railways:white_sliding_locometal_door in minecraft:block
[28Mar2026 04:54:46.668] [modloading-worker-0/INFO] [Railways/MultiRegistryCallback/]: Registering callback for create:sliding_door in minecraft:block_entity_type
[28Mar2026 04:54:46.668] [modloading-worker-0/INFO] [Railways/MultiRegistryCallback/]: Registering callback for railways:white_folding_locometal_door in minecraft:block
[28Mar2026 04:54:46.668] [modloading-worker-0/INFO] [Railways/MultiRegistryCallback/]: Registering callback for create:flywheel in minecraft:block_entity_type
[28Mar2026 04:54:46.668] [modloading-worker-0/INFO] [Railways/MultiRegistryCallback/]: Registering callback for railways:diorite_locometal_flywheel in minecraft:block
[28Mar2026 04:54:46.668] [modloading-worker-0/INFO] [Railways/MultiRegistryCallback/]: Registering callback for create:sliding_door in minecraft:block_entity_type
[28Mar2026 04:54:46.668] [modloading-worker-0/INFO] [Railways/MultiRegistryCallback/]: Registering callback for railways:diorite_sliding_locometal_door in minecraft:block
[28Mar2026 04:54:46.668] [modloading-worker-0/INFO] [Railways/MultiRegistryCallback/]: Registering callback for create:sliding_door in minecraft:block_entity_type
[28Mar2026 04:54:46.668] [modloading-worker-0/INFO] [Railways/MultiRegistryCallback/]: Registering callback for railways:diorite_folding_locometal_door in minecraft:block
[28Mar2026 04:54:46.668] [modloading-worker-0/INFO] [Railways/MultiRegistryCallback/]: Registering callback for create:flywheel in minecraft:block_entity_type
[28Mar2026 04:54:46.668] [modloading-worker-0/INFO] [Railways/MultiRegistryCallback/]: Registering callback for railways:limestone_locometal_flywheel in minecraft:block
[28Mar2026 04:54:46.668] [modloading-worker-0/INFO] [Railways/MultiRegistryCallback/]: Registering callback for create:sliding_door in minecraft:block_entity_type
[28Mar2026 04:54:46.668] [modloading-worker-0/INFO] [Railways/MultiRegistryCallback/]: Registering callback for railways:limestone_sliding_locometal_door in minecraft:block
[28Mar2026 04:54:46.668] [modloading-worker-0/INFO] [Railways/MultiRegistryCallback/]: Registering callback for create:sliding_door in minecraft:block_entity_type
[28Mar2026 04:54:46.668] [modloading-worker-0/INFO] [Railways/MultiRegistryCallback/]: Registering callback for railways:limestone_folding_locometal_door in minecraft:block
[28Mar2026 04:54:46.668] [modloading-worker-0/INFO] [Railways/MultiRegistryCallback/]: Registering callback for create:flywheel in minecraft:block_entity_type
[28Mar2026 04:54:46.668] [modloading-worker-0/INFO] [Railways/MultiRegistryCallback/]: Registering callback for railways:light_gray_locometal_flywheel in minecraft:block
[28Mar2026 04:54:46.668] [modloading-worker-0/INFO] [Railways/MultiRegistryCallback/]: Registering callback for create:sliding_door in minecraft:block_entity_type
[28Mar2026 04:54:46.668] [modloading-worker-0/INFO] [Railways/MultiRegistryCallback/]: Registering callback for railways:light_gray_sliding_locometal_door in minecraft:block
[28Mar2026 04:54:46.669] [modloading-worker-0/INFO] [Railways/MultiRegistryCallback/]: Registering callback for create:sliding_door in minecraft:block_entity_type
[28Mar2026 04:54:46.669] [modloading-worker-0/INFO] [Railways/MultiRegistryCallback/]: Registering callback for railways:light_gray_folding_locometal_door in minecraft:block
[28Mar2026 04:54:46.669] [modloading-worker-0/INFO] [Railways/MultiRegistryCallback/]: Registering callback for create:flywheel in minecraft:block_entity_type
[28Mar2026 04:54:46.669] [modloading-worker-0/INFO] [Railways/MultiRegistryCallback/]: Registering callback for railways:tuff_locometal_flywheel in minecraft:block
[28Mar2026 04:54:46.669] [modloading-worker-0/INFO] [Railways/MultiRegistryCallback/]: Registering callback for create:sliding_door in minecraft:block_entity_type
[28Mar2026 04:54:46.669] [modloading-worker-0/INFO] [Railways/MultiRegistryCallback/]: Registering callback for railways:tuff_sliding_locometal_door in minecraft:block
[28Mar2026 04:54:46.669] [modloading-worker-0/INFO] [Railways/MultiRegistryCallback/]: Registering callback for create:sliding_door in minecraft:block_entity_type
[28Mar2026 04:54:46.669] [modloading-worker-0/INFO] [Railways/MultiRegistryCallback/]: Registering callback for railways:tuff_folding_locometal_door in minecraft:block
[28Mar2026 04:54:46.669] [modloading-worker-0/INFO] [Railways/MultiRegistryCallback/]: Registering callback for create:flywheel in minecraft:block_entity_type
[28Mar2026 04:54:46.669] [modloading-worker-0/INFO] [Railways/MultiRegistryCallback/]: Registering callback for railways:gray_locometal_flywheel in minecraft:block
[28Mar2026 04:54:46.669] [modloading-worker-0/INFO] [Railways/MultiRegistryCallback/]: Registering callback for create:sliding_door in minecraft:block_entity_type
[28Mar2026 04:54:46.669] [modloading-worker-0/INFO] [Railways/MultiRegistryCallback/]: Registering callback for railways:gray_sliding_locometal_door in minecraft:block
[28Mar2026 04:54:46.669] [modloading-worker-0/INFO] [Railways/MultiRegistryCallback/]: Registering callback for create:sliding_door in minecraft:block_entity_type
[28Mar2026 04:54:46.669] [modloading-worker-0/INFO] [Railways/MultiRegistryCallback/]: Registering callback for railways:gray_folding_locometal_door in minecraft:block
[28Mar2026 04:54:46.669] [modloading-worker-0/INFO] [Railways/MultiRegistryCallback/]: Registering callback for create:flywheel in minecraft:block_entity_type
[28Mar2026 04:54:46.669] [modloading-worker-0/INFO] [Railways/MultiRegistryCallback/]: Registering callback for railways:scorchia_locometal_flywheel in minecraft:block
[28Mar2026 04:54:46.669] [modloading-worker-0/INFO] [Railways/MultiRegistryCallback/]: Registering callback for create:sliding_door in minecraft:block_entity_type
[28Mar2026 04:54:46.669] [modloading-worker-0/INFO] [Railways/MultiRegistryCallback/]: Registering callback for railways:scorchia_sliding_locometal_door in minecraft:block
[28Mar2026 04:54:46.669] [modloading-worker-0/INFO] [Railways/MultiRegistryCallback/]: Registering callback for create:sliding_door in minecraft:block_entity_type
[28Mar2026 04:54:46.669] [modloading-worker-0/INFO] [Railways/MultiRegistryCallback/]: Registering callback for railways:scorchia_folding_locometal_door in minecraft:block
[28Mar2026 04:54:46.669] [modloading-worker-0/INFO] [Railways/MultiRegistryCallback/]: Registering callback for create:flywheel in minecraft:block_entity_type
[28Mar2026 04:54:46.669] [modloading-worker-0/INFO] [Railways/MultiRegistryCallback/]: Registering callback for railways:black_locometal_flywheel in minecraft:block
[28Mar2026 04:54:46.669] [modloading-worker-0/INFO] [Railways/MultiRegistryCallback/]: Registering callback for create:sliding_door in minecraft:block_entity_type
[28Mar2026 04:54:46.669] [modloading-worker-0/INFO] [Railways/MultiRegistryCallback/]: Registering callback for railways:black_sliding_locometal_door in minecraft:block
[28Mar2026 04:54:46.669] [modloading-worker-0/INFO] [Railways/MultiRegistryCallback/]: Registering callback for create:sliding_door in minecraft:block_entity_type
[28Mar2026 04:54:46.669] [modloading-worker-0/INFO] [Railways/MultiRegistryCallback/]: Registering callback for railways:black_folding_locometal_door in minecraft:block
[28Mar2026 04:54:46.675] [modloading-worker-0/INFO] [Railways/]: Registering tracks for Hex Casting
[28Mar2026 04:54:46.676] [modloading-worker-0/INFO] [Railways/]: Registering tracks for Oh The Biomes You'll Go
[28Mar2026 04:54:46.676] [modloading-worker-0/INFO] [Railways/]: Registering tracks for Blue Skies
[28Mar2026 04:54:46.676] [modloading-worker-0/INFO] [Railways/]: Registering tracks for Twilight Forest
[28Mar2026 04:54:46.677] [modloading-worker-0/INFO] [Railways/]: Registering tracks for Biomes O' Plenty
[28Mar2026 04:54:46.677] [modloading-worker-0/INFO] [Railways/]: Registering tracks for Nature's Spirit
[28Mar2026 04:54:46.677] [modloading-worker-0/INFO] [Railways/]: Registering tracks for Dreams and Desires
[28Mar2026 04:54:46.677] [modloading-worker-0/INFO] [Railways/]: Registering tracks for Quark
[28Mar2026 04:54:46.684] [modloading-worker-0/INFO] [Railways/]: Registering tracks for TerraFirmaCraft
[28Mar2026 04:54:46.730] [modloading-worker-0/INFO] [mixin/]: Mixing common.MixinServerStatus from mixins/common/nochatreports.mixins.json into net.minecraft.network.protocol.status.ServerStatus
[28Mar2026 04:54:46.782] [Render thread/INFO] [Cold Sweat/]: Gathering Cold Sweat registries
[28Mar2026 04:54:46.783] [Render thread/INFO] [Cold Sweat/]: The event bus was started early to gather Cold Sweat registries; it will now be stopped again until the correct loading phase.
[28Mar2026 04:54:47.331] [Render thread/WARN] [mixin/]: @Inject(@At("INVOKE")) Shift.BY=2 on cold_sweat.mixin.json:MixinRegistration from mod cold_sweat::handler$eii000$cold_sweat$loadRegistryContents exceeds the maximum allowed value: 0. Increase the value of maxShiftBy to suppress this warning.
[28Mar2026 04:54:47.343] [Render thread/INFO] [net.minecraft.resources.RegistryDataLoader/]: Capturing existing worldgen registries
[28Mar2026 04:54:47.343] [Render thread/INFO] [net.minecraft.resources.RegistryDataLoader/]: Found 0 injected RegistryDataLoader worldgen registries
[28Mar2026 04:54:49.571] [Render thread/INFO] [dev.architectury.networking.forge.NetworkManagerImpl/]: Registering S2C receiver with id wildernature:screen_update
[28Mar2026 04:54:49.584] [Render thread/INFO] [dev.architectury.networking.forge.NetworkManagerImpl/]: Registering S2C receiver with id wildernature:screen_update
[28Mar2026 04:54:53.892] [Render thread/INFO] [dev.architectury.networking.forge.NetworkManagerImpl/]: Registering S2C receiver with id wildernature:screen_update
[28Mar2026 04:54:54.100] [Render thread/INFO] [dev.architectury.networking.forge.NetworkManagerImpl/]: Registering S2C receiver with id wildernature:screen_update
[28Mar2026 04:54:54.107] [Render thread/INFO] [dev.architectury.networking.forge.NetworkManagerImpl/]: Registering S2C receiver with id wildernature:screen_update
[28Mar2026 04:54:54.118] [Render thread/INFO] [dev.architectury.networking.forge.NetworkManagerImpl/]: Registering S2C receiver with id wildernature:screen_update
[28Mar2026 04:54:54.385] [Render thread/INFO] [dev.architectury.networking.forge.NetworkManagerImpl/]: Registering S2C receiver with id wildernature:screen_update
[28Mar2026 04:54:54.650] [Render thread/WARN] [dev.architectury.registry.registries.forge.RegistrarManagerImpl/]: Registry entry listened Registry Entry [minecraft:entity_type / wildernature:dog] was not realized!
[28Mar2026 04:54:54.650] [Render thread/WARN] [dev.architectury.registry.registries.forge.RegistrarManagerImpl/]: Registry entry listened Registry Entry [minecraft:entity_type / wildernature:penguin] was not realized!
[28Mar2026 04:54:54.650] [Render thread/WARN] [dev.architectury.registry.registries.forge.RegistrarManagerImpl/]: Registry entry listened Registry Entry [minecraft:entity_type / wildernature:cassowary] was not realized!
[28Mar2026 04:54:54.650] [Render thread/WARN] [dev.architectury.registry.registries.forge.RegistrarManagerImpl/]: Registry entry listened Registry Entry [minecraft:entity_type / vinery:wandering_winemaker] was not realized!
[28Mar2026 04:54:54.650] [Render thread/WARN] [dev.architectury.registry.registries.forge.RegistrarManagerImpl/]: Registry entry listened Registry Entry [minecraft:entity_type / wildernature:turkey] was not realized!
[28Mar2026 04:54:54.650] [Render thread/WARN] [dev.architectury.registry.registries.forge.RegistrarManagerImpl/]: Registry entry listened Registry Entry [minecraft:entity_type / vinery:mule] was not realized!
[28Mar2026 04:54:54.650] [Render thread/WARN] [dev.architectury.registry.registries.forge.RegistrarManagerImpl/]: Registry entry listened Registry Entry [minecraft:entity_type / brewery:beer_elemental] was not realized!
[28Mar2026 04:54:54.651] [Render thread/WARN] [dev.architectury.registry.registries.forge.RegistrarManagerImpl/]: Registry entry listened Registry Entry [minecraft:entity_type / wildernature:owl] was not realized!
[28Mar2026 04:54:54.651] [Render thread/WARN] [dev.architectury.registry.registries.forge.RegistrarManagerImpl/]: Registry entry listened Registry Entry [minecraft:entity_type / wildernature:minisheep] was not realized!
[28Mar2026 04:54:54.651] [Render thread/WARN] [dev.architectury.registry.registries.forge.RegistrarManagerImpl/]: Registry entry listened Registry Entry [minecraft:entity_type / wildernature:deer] was not realized!
[28Mar2026 04:54:54.651] [Render thread/WARN] [dev.architectury.registry.registries.forge.RegistrarManagerImpl/]: Registry entry listened Registry Entry [minecraft:entity_type / wildernature:bison] was not realized!
[28Mar2026 04:54:54.651] [Render thread/WARN] [dev.architectury.registry.registries.forge.RegistrarManagerImpl/]: Registry entry listened Registry Entry [minecraft:entity_type / bakery:wandering_baker] was not realized!
[28Mar2026 04:54:54.651] [Render thread/WARN] [dev.architectury.registry.registries.forge.RegistrarManagerImpl/]: Registry entry listened Registry Entry [minecraft:entity_type / wildernature:hedgehog] was not realized!
[28Mar2026 04:54:54.651] [Render thread/WARN] [dev.architectury.registry.registries.forge.RegistrarManagerImpl/]: Registry entry listened Registry Entry [minecraft:entity_type / wildernature:squirrel] was not realized!
[28Mar2026 04:54:54.651] [Render thread/WARN] [dev.architectury.registry.registries.forge.RegistrarManagerImpl/]: Registry entry listened Registry Entry [minecraft:entity_type / wildernature:pelican] was not realized!
[28Mar2026 04:54:54.651] [Render thread/WARN] [dev.architectury.registry.registries.forge.RegistrarManagerImpl/]: Registry entry listened Registry Entry [minecraft:entity_type / wildernature:raccoon] was not realized!
[28Mar2026 04:54:54.651] [Render thread/WARN] [dev.architectury.registry.registries.forge.RegistrarManagerImpl/]: Registry entry listened Registry Entry [minecraft:entity_type / wildernature:boar] was not realized!
[28Mar2026 04:54:54.651] [Render thread/WARN] [dev.architectury.registry.registries.forge.RegistrarManagerImpl/]: Registry entry listened Registry Entry [minecraft:entity_type / wildernature:red_wolf] was not realized!
[28Mar2026 04:54:54.651] [Render thread/WARN] [dev.architectury.registry.registries.forge.RegistrarManagerImpl/]: Registry entry listened Registry Entry [minecraft:entity_type / wildernature:flamingo] was not realized!
[28Mar2026 04:54:54.651] [Render thread/WARN] [dev.architectury.registry.registries.forge.RegistrarManagerImpl/]: Registry entry listened Registry Entry [minecraft:entity_type / wildernature:dog] was not realized!
[28Mar2026 04:54:54.651] [Render thread/WARN] [dev.architectury.registry.registries.forge.RegistrarManagerImpl/]: Registry entry listened Registry Entry [minecraft:entity_type / wildernature:penguin] was not realized!
[28Mar2026 04:54:54.651] [Render thread/WARN] [dev.architectury.registry.registries.forge.RegistrarManagerImpl/]: Registry entry listened Registry Entry [minecraft:entity_type / wildernature:cassowary] was not realized!
[28Mar2026 04:54:54.651] [Render thread/WARN] [dev.architectury.registry.registries.forge.RegistrarManagerImpl/]: Registry entry listened Registry Entry [minecraft:entity_type / vinery:wandering_winemaker] was not realized!
[28Mar2026 04:54:54.651] [Render thread/WARN] [dev.architectury.registry.registries.forge.RegistrarManagerImpl/]: Registry entry listened Registry Entry [minecraft:entity_type / wildernature:turkey] was not realized!
[28Mar2026 04:54:54.651] [Render thread/WARN] [dev.architectury.registry.registries.forge.RegistrarManagerImpl/]: Registry entry listened Registry Entry [minecraft:entity_type / vinery:mule] was not realized!
[28Mar2026 04:54:54.651] [Render thread/WARN] [dev.architectury.registry.registries.forge.RegistrarManagerImpl/]: Registry entry listened Registry Entry [minecraft:entity_type / brewery:beer_elemental] was not realized!
[28Mar2026 04:54:54.651] [Render thread/WARN] [dev.architectury.registry.registries.forge.RegistrarManagerImpl/]: Registry entry listened Registry Entry [minecraft:entity_type / wildernature:owl] was not realized!
[28Mar2026 04:54:54.651] [Render thread/WARN] [dev.architectury.registry.registries.forge.RegistrarManagerImpl/]: Registry entry listened Registry Entry [minecraft:entity_type / wildernature:minisheep] was not realized!
[28Mar2026 04:54:54.651] [Render thread/WARN] [dev.architectury.registry.registries.forge.RegistrarManagerImpl/]: Registry entry listened Registry Entry [minecraft:entity_type / wildernature:deer] was not realized!
[28Mar2026 04:54:54.651] [Render thread/WARN] [dev.architectury.registry.registries.forge.RegistrarManagerImpl/]: Registry entry listened Registry Entry [minecraft:entity_type / wildernature:bison] was not realized!
[28Mar2026 04:54:54.651] [Render thread/WARN] [dev.architectury.registry.registries.forge.RegistrarManagerImpl/]: Registry entry listened Registry Entry [minecraft:entity_type / bakery:wandering_baker] was not realized!
[28Mar2026 04:54:54.651] [Render thread/WARN] [dev.architectury.registry.registries.forge.RegistrarManagerImpl/]: Registry entry listened Registry Entry [minecraft:entity_type / wildernature:hedgehog] was not realized!
[28Mar2026 04:54:54.651] [Render thread/WARN] [dev.architectury.registry.registries.forge.RegistrarManagerImpl/]: Registry entry listened Registry Entry [minecraft:entity_type / wildernature:squirrel] was not realized!
[28Mar2026 04:54:54.651] [Render thread/WARN] [dev.architectury.registry.registries.forge.RegistrarManagerImpl/]: Registry entry listened Registry Entry [minecraft:entity_type / wildernature:pelican] was not realized!
[28Mar2026 04:54:54.651] [Render thread/WARN] [dev.architectury.registry.registries.forge.RegistrarManagerImpl/]: Registry entry listened Registry Entry [minecraft:entity_type / wildernature:raccoon] was not realized!
[28Mar2026 04:54:54.651] [Render thread/WARN] [dev.architectury.registry.registries.forge.RegistrarManagerImpl/]: Registry entry listened Registry Entry [minecraft:entity_type / wildernature:boar] was not realized!
[28Mar2026 04:54:54.651] [Render thread/WARN] [dev.architectury.registry.registries.forge.RegistrarManagerImpl/]: Registry entry listened Registry Entry [minecraft:entity_type / wildernature:red_wolf] was not realized!
[28Mar2026 04:54:54.651] [Render thread/WARN] [dev.architectury.registry.registries.forge.RegistrarManagerImpl/]: Registry entry listened Registry Entry [minecraft:entity_type / wildernature:flamingo] was not realized!
[28Mar2026 04:54:54.653] [Render thread/WARN] [dev.architectury.registry.registries.forge.RegistrarManagerImpl/]: Registry entry listened Registry Entry [minecraft:entity_type / wildernature:dog] was not realized!
[28Mar2026 04:54:54.653] [Render thread/WARN] [dev.architectury.registry.registries.forge.RegistrarManagerImpl/]: Registry entry listened Registry Entry [minecraft:entity_type / wildernature:penguin] was not realized!
[28Mar2026 04:54:54.653] [Render thread/WARN] [dev.architectury.registry.registries.forge.RegistrarManagerImpl/]: Registry entry listened Registry Entry [minecraft:entity_type / wildernature:cassowary] was not realized!
[28Mar2026 04:54:54.653] [Render thread/WARN] [dev.architectury.registry.registries.forge.RegistrarManagerImpl/]: Registry entry listened Registry Entry [minecraft:entity_type / vinery:wandering_winemaker] was not realized!
[28Mar2026 04:54:54.653] [Render thread/WARN] [dev.architectury.registry.registries.forge.RegistrarManagerImpl/]: Registry entry listened Registry Entry [minecraft:entity_type / wildernature:turkey] was not realized!
[28Mar2026 04:54:54.653] [Render thread/WARN] [dev.architectury.registry.registries.forge.RegistrarManagerImpl/]: Registry entry listened Registry Entry [minecraft:entity_type / vinery:mule] was not realized!
[28Mar2026 04:54:54.653] [Render thread/WARN] [dev.architectury.registry.registries.forge.RegistrarManagerImpl/]: Registry entry listened Registry Entry [minecraft:entity_type / brewery:beer_elemental] was not realized!
[28Mar2026 04:54:54.653] [Render thread/WARN] [dev.architectury.registry.registries.forge.RegistrarManagerImpl/]: Registry entry listened Registry Entry [minecraft:entity_type / wildernature:owl] was not realized!
[28Mar2026 04:54:54.653] [Render thread/WARN] [dev.architectury.registry.registries.forge.RegistrarManagerImpl/]: Registry entry listened Registry Entry [minecraft:entity_type / wildernature:minisheep] was not realized!
[28Mar2026 04:54:54.653] [Render thread/WARN] [dev.architectury.registry.registries.forge.RegistrarManagerImpl/]: Registry entry listened Registry Entry [minecraft:entity_type / wildernature:deer] was not realized!
[28Mar2026 04:54:54.653] [Render thread/WARN] [dev.architectury.registry.registries.forge.RegistrarManagerImpl/]: Registry entry listened Registry Entry [minecraft:entity_type / wildernature:bison] was not realized!
[28Mar2026 04:54:54.653] [Render thread/WARN] [dev.architectury.registry.registries.forge.RegistrarManagerImpl/]: Registry entry listened Registry Entry [minecraft:entity_type / wildernature:hedgehog] was not realized!
[28Mar2026 04:54:54.653] [Render thread/WARN] [dev.architectury.registry.registries.forge.RegistrarManagerImpl/]: Registry entry listened Registry Entry [minecraft:entity_type / wildernature:squirrel] was not realized!
[28Mar2026 04:54:54.653] [Render thread/WARN] [dev.architectury.registry.registries.forge.RegistrarManagerImpl/]: Registry entry listened Registry Entry [minecraft:entity_type / wildernature:pelican] was not realized!
[28Mar2026 04:54:54.653] [Render thread/WARN] [dev.architectury.registry.registries.forge.RegistrarManagerImpl/]: Registry entry listened Registry Entry [minecraft:entity_type / wildernature:raccoon] was not realized!
[28Mar2026 04:54:54.653] [Render thread/WARN] [dev.architectury.registry.registries.forge.RegistrarManagerImpl/]: Registry entry listened Registry Entry [minecraft:entity_type / wildernature:boar] was not realized!
[28Mar2026 04:54:54.653] [Render thread/WARN] [dev.architectury.registry.registries.forge.RegistrarManagerImpl/]: Registry entry listened Registry Entry [minecraft:entity_type / wildernature:red_wolf] was not realized!
[28Mar2026 04:54:54.653] [Render thread/WARN] [dev.architectury.registry.registries.forge.RegistrarManagerImpl/]: Registry entry listened Registry Entry [minecraft:entity_type / wildernature:flamingo] was not realized!
[28Mar2026 04:54:54.656] [Render thread/WARN] [dev.architectury.registry.registries.forge.RegistrarManagerImpl/]: Registry entry listened Registry Entry [minecraft:entity_type / wildernature:dog] was not realized!
[28Mar2026 04:54:54.656] [Render thread/WARN] [dev.architectury.registry.registries.forge.RegistrarManagerImpl/]: Registry entry listened Registry Entry [minecraft:entity_type / wildernature:penguin] was not realized!
[28Mar2026 04:54:54.656] [Render thread/WARN] [dev.architectury.registry.registries.forge.RegistrarManagerImpl/]: Registry entry listened Registry Entry [minecraft:entity_type / wildernature:cassowary] was not realized!
[28Mar2026 04:54:54.656] [Render thread/WARN] [dev.architectury.registry.registries.forge.RegistrarManagerImpl/]: Registry entry listened Registry Entry [minecraft:entity_type / wildernature:turkey] was not realized!
[28Mar2026 04:54:54.656] [Render thread/WARN] [dev.architectury.registry.registries.forge.RegistrarManagerImpl/]: Registry entry listened Registry Entry [minecraft:entity_type / brewery:beer_elemental] was not realized!
[28Mar2026 04:54:54.656] [Render thread/WARN] [dev.architectury.registry.registries.forge.RegistrarManagerImpl/]: Registry entry listened Registry Entry [minecraft:entity_type / wildernature:owl] was not realized!
[28Mar2026 04:54:54.656] [Render thread/WARN] [dev.architectury.registry.registries.forge.RegistrarManagerImpl/]: Registry entry listened Registry Entry [minecraft:entity_type / wildernature:minisheep] was not realized!
[28Mar2026 04:54:54.656] [Render thread/WARN] [dev.architectury.registry.registries.forge.RegistrarManagerImpl/]: Registry entry listened Registry Entry [minecraft:entity_type / wildernature:deer] was not realized!
[28Mar2026 04:54:54.656] [Render thread/WARN] [dev.architectury.registry.registries.forge.RegistrarManagerImpl/]: Registry entry listened Registry Entry [minecraft:entity_type / wildernature:bison] was not realized!
[28Mar2026 04:54:54.656] [Render thread/WARN] [dev.architectury.registry.registries.forge.RegistrarManagerImpl/]: Registry entry listened Registry Entry [minecraft:entity_type / wildernature:hedgehog] was not realized!
[28Mar2026 04:54:54.656] [Render thread/WARN] [dev.architectury.registry.registries.forge.RegistrarManagerImpl/]: Registry entry listened Registry Entry [minecraft:entity_type / wildernature:squirrel] was not realized!
[28Mar2026 04:54:54.656] [Render thread/WARN] [dev.architectury.registry.registries.forge.RegistrarManagerImpl/]: Registry entry listened Registry Entry [minecraft:entity_type / wildernature:pelican] was not realized!
[28Mar2026 04:54:54.656] [Render thread/WARN] [dev.architectury.registry.registries.forge.RegistrarManagerImpl/]: Registry entry listened Registry Entry [minecraft:entity_type / wildernature:raccoon] was not realized!
[28Mar2026 04:54:54.656] [Render thread/WARN] [dev.architectury.registry.registries.forge.RegistrarManagerImpl/]: Registry entry listened Registry Entry [minecraft:entity_type / wildernature:boar] was not realized!
[28Mar2026 04:54:54.656] [Render thread/WARN] [dev.architectury.registry.registries.forge.RegistrarManagerImpl/]: Registry entry listened Registry Entry [minecraft:entity_type / wildernature:red_wolf] was not realized!
[28Mar2026 04:54:54.656] [Render thread/WARN] [dev.architectury.registry.registries.forge.RegistrarManagerImpl/]: Registry entry listened Registry Entry [minecraft:entity_type / wildernature:flamingo] was not realized!
[28Mar2026 04:54:54.658] [Render thread/WARN] [dev.architectury.registry.registries.forge.RegistrarManagerImpl/]: Registry entry listened Registry Entry [minecraft:entity_type / wildernature:dog] was not realized!
[28Mar2026 04:54:54.658] [Render thread/WARN] [dev.architectury.registry.registries.forge.RegistrarManagerImpl/]: Registry entry listened Registry Entry [minecraft:entity_type / wildernature:penguin] was not realized!
[28Mar2026 04:54:54.658] [Render thread/WARN] [dev.architectury.registry.registries.forge.RegistrarManagerImpl/]: Registry entry listened Registry Entry [minecraft:entity_type / wildernature:cassowary] was not realized!
[28Mar2026 04:54:54.658] [Render thread/WARN] [dev.architectury.registry.registries.forge.RegistrarManagerImpl/]: Registry entry listened Registry Entry [minecraft:entity_type / wildernature:turkey] was not realized!
[28Mar2026 04:54:54.658] [Render thread/WARN] [dev.architectury.registry.registries.forge.RegistrarManagerImpl/]: Registry entry listened Registry Entry [minecraft:entity_type / wildernature:owl] was not realized!
[28Mar2026 04:54:54.658] [Render thread/WARN] [dev.architectury.registry.registries.forge.RegistrarManagerImpl/]: Registry entry listened Registry Entry [minecraft:entity_type / wildernature:minisheep] was not realized!
[28Mar2026 04:54:54.658] [Render thread/WARN] [dev.architectury.registry.registries.forge.RegistrarManagerImpl/]: Registry entry listened Registry Entry [minecraft:entity_type / wildernature:deer] was not realized!
[28Mar2026 04:54:54.658] [Render thread/WARN] [dev.architectury.registry.registries.forge.RegistrarManagerImpl/]: Registry entry listened Registry Entry [minecraft:entity_type / wildernature:bison] was not realized!
[28Mar2026 04:54:54.658] [Render thread/WARN] [dev.architectury.registry.registries.forge.RegistrarManagerImpl/]: Registry entry listened Registry Entry [minecraft:entity_type / wildernature:hedgehog] was not realized!
[28Mar2026 04:54:54.658] [Render thread/WARN] [dev.architectury.registry.registries.forge.RegistrarManagerImpl/]: Registry entry listened Registry Entry [minecraft:entity_type / wildernature:squirrel] was not realized!
[28Mar2026 04:54:54.658] [Render thread/WARN] [dev.architectury.registry.registries.forge.RegistrarManagerImpl/]: Registry entry listened Registry Entry [minecraft:entity_type / wildernature:pelican] was not realized!
[28Mar2026 04:54:54.658] [Render thread/WARN] [dev.architectury.registry.registries.forge.RegistrarManagerImpl/]: Registry entry listened Registry Entry [minecraft:entity_type / wildernature:raccoon] was not realized!
[28Mar2026 04:54:54.658] [Render thread/WARN] [dev.architectury.registry.registries.forge.RegistrarManagerImpl/]: Registry entry listened Registry Entry [minecraft:entity_type / wildernature:boar] was not realized!
[28Mar2026 04:54:54.658] [Render thread/WARN] [dev.architectury.registry.registries.forge.RegistrarManagerImpl/]: Registry entry listened Registry Entry [minecraft:entity_type / wildernature:red_wolf] was not realized!
[28Mar2026 04:54:54.658] [Render thread/WARN] [dev.architectury.registry.registries.forge.RegistrarManagerImpl/]: Registry entry listened Registry Entry [minecraft:entity_type / wildernature:flamingo] was not realized!
[28Mar2026 04:54:54.658] [Render thread/WARN] [dev.architectury.registry.registries.forge.RegistrarManagerImpl/]: Registry entry listened Registry Entry [minecraft:entity_type / wildernature:dog] was not realized!
[28Mar2026 04:54:54.658] [Render thread/WARN] [dev.architectury.registry.registries.forge.RegistrarManagerImpl/]: Registry entry listened Registry Entry [minecraft:entity_type / wildernature:penguin] was not realized!
[28Mar2026 04:54:54.658] [Render thread/WARN] [dev.architectury.registry.registries.forge.RegistrarManagerImpl/]: Registry entry listened Registry Entry [minecraft:entity_type / wildernature:cassowary] was not realized!
[28Mar2026 04:54:54.658] [Render thread/WARN] [dev.architectury.registry.registries.forge.RegistrarManagerImpl/]: Registry entry listened Registry Entry [minecraft:entity_type / wildernature:turkey] was not realized!
[28Mar2026 04:54:54.658] [Render thread/WARN] [dev.architectury.registry.registries.forge.RegistrarManagerImpl/]: Registry entry listened Registry Entry [minecraft:entity_type / wildernature:owl] was not realized!
[28Mar2026 04:54:54.658] [Render thread/WARN] [dev.architectury.registry.registries.forge.RegistrarManagerImpl/]: Registry entry listened Registry Entry [minecraft:entity_type / wildernature:minisheep] was not realized!
[28Mar2026 04:54:54.658] [Render thread/WARN] [dev.architectury.registry.registries.forge.RegistrarManagerImpl/]: Registry entry listened Registry Entry [minecraft:entity_type / wildernature:deer] was not realized!
[28Mar2026 04:54:54.658] [Render thread/WARN] [dev.architectury.registry.registries.forge.RegistrarManagerImpl/]: Registry entry listened Registry Entry [minecraft:entity_type / wildernature:bison] was not realized!
[28Mar2026 04:54:54.658] [Render thread/WARN] [dev.architectury.registry.registries.forge.RegistrarManagerImpl/]: Registry entry listened Registry Entry [minecraft:entity_type / wildernature:hedgehog] was not realized!
[28Mar2026 04:54:54.658] [Render thread/WARN] [dev.architectury.registry.registries.forge.RegistrarManagerImpl/]: Registry entry listened Registry Entry [minecraft:entity_type / wildernature:squirrel] was not realized!
[28Mar2026 04:54:54.658] [Render thread/WARN] [dev.architectury.registry.registries.forge.RegistrarManagerImpl/]: Registry entry listened Registry Entry [minecraft:entity_type / wildernature:pelican] was not realized!
[28Mar2026 04:54:54.658] [Render thread/WARN] [dev.architectury.registry.registries.forge.RegistrarManagerImpl/]: Registry entry listened Registry Entry [minecraft:entity_type / wildernature:raccoon] was not realized!
[28Mar2026 04:54:54.658] [Render thread/WARN] [dev.architectury.registry.registries.forge.RegistrarManagerImpl/]: Registry entry listened Registry Entry [minecraft:entity_type / wildernature:boar] was not realized!
[28Mar2026 04:54:54.658] [Render thread/WARN] [dev.architectury.registry.registries.forge.RegistrarManagerImpl/]: Registry entry listened Registry Entry [minecraft:entity_type / wildernature:red_wolf] was not realized!
[28Mar2026 04:54:54.658] [Render thread/WARN] [dev.architectury.registry.registries.forge.RegistrarManagerImpl/]: Registry entry listened Registry Entry [minecraft:entity_type / wildernature:flamingo] was not realized!
[28Mar2026 04:54:54.670] [Render thread/WARN] [dev.architectury.registry.registries.forge.RegistrarManagerImpl/]: Registry entry listened Registry Entry [minecraft:entity_type / wildernature:dog] was not realized!
[28Mar2026 04:54:54.670] [Render thread/WARN] [dev.architectury.registry.registries.forge.RegistrarManagerImpl/]: Registry entry listened Registry Entry [minecraft:entity_type / wildernature:penguin] was not realized!
[28Mar2026 04:54:54.670] [Render thread/WARN] [dev.architectury.registry.registries.forge.RegistrarManagerImpl/]: Registry entry listened Registry Entry [minecraft:entity_type / wildernature:cassowary] was not realized!
[28Mar2026 04:54:54.670] [Render thread/WARN] [dev.architectury.registry.registries.forge.RegistrarManagerImpl/]: Registry entry listened Registry Entry [minecraft:entity_type / wildernature:turkey] was not realized!
[28Mar2026 04:54:54.670] [Render thread/WARN] [dev.architectury.registry.registries.forge.RegistrarManagerImpl/]: Registry entry listened Registry Entry [minecraft:entity_type / wildernature:owl] was not realized!
[28Mar2026 04:54:54.670] [Render thread/WARN] [dev.architectury.registry.registries.forge.RegistrarManagerImpl/]: Registry entry listened Registry Entry [minecraft:entity_type / wildernature:minisheep] was not realized!
[28Mar2026 04:54:54.670] [Render thread/WARN] [dev.architectury.registry.registries.forge.RegistrarManagerImpl/]: Registry entry listened Registry Entry [minecraft:entity_type / wildernature:deer] was not realized!
[28Mar2026 04:54:54.670] [Render thread/WARN] [dev.architectury.registry.registries.forge.RegistrarManagerImpl/]: Registry entry listened Registry Entry [minecraft:entity_type / wildernature:bison] was not realized!
[28Mar2026 04:54:54.670] [Render thread/WARN] [dev.architectury.registry.registries.forge.RegistrarManagerImpl/]: Registry entry listened Registry Entry [minecraft:entity_type / wildernature:hedgehog] was not realized!
[28Mar2026 04:54:54.670] [Render thread/WARN] [dev.architectury.registry.registries.forge.RegistrarManagerImpl/]: Registry entry listened Registry Entry [minecraft:entity_type / wildernature:squirrel] was not realized!
[28Mar2026 04:54:54.670] [Render thread/WARN] [dev.architectury.registry.registries.forge.RegistrarManagerImpl/]: Registry entry listened Registry Entry [minecraft:entity_type / wildernature:pelican] was not realized!
[28Mar2026 04:54:54.670] [Render thread/WARN] [dev.architectury.registry.registries.forge.RegistrarManagerImpl/]: Registry entry listened Registry Entry [minecraft:entity_type / wildernature:raccoon] was not realized!
[28Mar2026 04:54:54.670] [Render thread/WARN] [dev.architectury.registry.registries.forge.RegistrarManagerImpl/]: Registry entry listened Registry Entry [minecraft:entity_type / wildernature:boar] was not realized!
[28Mar2026 04:54:54.670] [Render thread/WARN] [dev.architectury.registry.registries.forge.RegistrarManagerImpl/]: Registry entry listened Registry Entry [minecraft:entity_type / wildernature:red_wolf] was not realized!
[28Mar2026 04:54:54.670] [Render thread/WARN] [dev.architectury.registry.registries.forge.RegistrarManagerImpl/]: Registry entry listened Registry Entry [minecraft:entity_type / wildernature:flamingo] was not realized!
[28Mar2026 04:54:54.810] [Render thread/WARN] [Moonlight/]: Failed to find child for WoodType: luminous_nether:mushroom - stick. Ignored! ERROR: No value present
[28Mar2026 04:54:54.841] [Render thread/INFO] [Moonlight/]: Initialized block sets in 32ms
[28Mar2026 04:54:54.846] [Render thread/INFO] [dev.architectury.networking.forge.NetworkManagerImpl/]: Registering S2C receiver with id wildernature:screen_update
[28Mar2026 04:54:54.854] [Render thread/INFO] [dev.architectury.networking.forge.NetworkManagerImpl/]: Registering S2C receiver with id wildernature:screen_update
[28Mar2026 04:54:54.856] [Render thread/INFO] [dev.architectury.networking.forge.NetworkManagerImpl/]: Registering S2C receiver with id wildernature:screen_update
[28Mar2026 04:54:54.858] [Render thread/INFO] [dev.architectury.networking.forge.NetworkManagerImpl/]: Registering S2C receiver with id wildernature:screen_update
[28Mar2026 04:54:54.859] [Render thread/INFO] [dev.architectury.networking.forge.NetworkManagerImpl/]: Registering S2C receiver with id wildernature:screen_update
[28Mar2026 04:54:54.862] [Render thread/INFO] [dev.architectury.networking.forge.NetworkManagerImpl/]: Registering S2C receiver with id wildernature:screen_update
[28Mar2026 04:54:54.944] [Render thread/INFO] [Railways/MultiRegistryCallback/]: Running callback for create:flywheel and railways:locometal_flywheel
[28Mar2026 04:54:54.944] [Render thread/INFO] [Railways/MultiRegistryCallback/]: Running callback for create:flywheel and railways:brown_locometal_flywheel
[28Mar2026 04:54:54.944] [Render thread/INFO] [Railways/MultiRegistryCallback/]: Running callback for create:flywheel and railways:maroon_locometal_flywheel
[28Mar2026 04:54:54.944] [Render thread/INFO] [Railways/MultiRegistryCallback/]: Running callback for create:flywheel and railways:red_locometal_flywheel
[28Mar2026 04:54:54.944] [Render thread/INFO] [Railways/MultiRegistryCallback/]: Running callback for create:flywheel and railways:vermilion_locometal_flywheel
[28Mar2026 04:54:54.944] [Render thread/INFO] [Railways/MultiRegistryCallback/]: Running callback for create:flywheel and railways:orange_locometal_flywheel
[28Mar2026 04:54:54.944] [Render thread/INFO] [Railways/MultiRegistryCallback/]: Running callback for create:flywheel and railways:granite_locometal_flywheel
[28Mar2026 04:54:54.944] [Render thread/INFO] [Railways/MultiRegistryCallback/]: Running callback for create:flywheel and railways:dripstone_locometal_flywheel
[28Mar2026 04:54:54.944] [Render thread/INFO] [Railways/MultiRegistryCallback/]: Running callback for create:flywheel and railways:ochrum_locometal_flywheel
[28Mar2026 04:54:54.944] [Render thread/INFO] [Railways/MultiRegistryCallback/]: Running callback for create:flywheel and railways:yellow_locometal_flywheel
[28Mar2026 04:54:54.944] [Render thread/INFO] [Railways/MultiRegistryCallback/]: Running callback for create:flywheel and railways:chartreuse_locometal_flywheel
[28Mar2026 04:54:54.944] [Render thread/INFO] [Railways/MultiRegistryCallback/]: Running callback for create:flywheel and railways:olive_green_locometal_flywheel
[28Mar2026 04:54:54.944] [Render thread/INFO] [Railways/MultiRegistryCallback/]: Running callback for create:flywheel and railways:lime_locometal_flywheel
[28Mar2026 04:54:54.944] [Render thread/INFO] [Railways/MultiRegistryCallback/]: Running callback for create:flywheel and railways:green_locometal_flywheel
[28Mar2026 04:54:54.944] [Render thread/INFO] [Railways/MultiRegistryCallback/]: Running callback for create:flywheel and railways:pine_green_locometal_flywheel
[28Mar2026 04:54:54.944] [Render thread/INFO] [Railways/MultiRegistryCallback/]: Running callback for create:flywheel and railways:cyan_locometal_flywheel
[28Mar2026 04:54:54.944] [Render thread/INFO] [Railways/MultiRegistryCallback/]: Running callback for create:flywheel and railways:sea_green_locometal_flywheel
[28Mar2026 04:54:54.944] [Render thread/INFO] [Railways/MultiRegistryCallback/]: Running callback for create:flywheel and railways:turquoise_locometal_flywheel
[28Mar2026 04:54:54.944] [Render thread/INFO] [Railways/MultiRegistryCallback/]: Running callback for create:flywheel and railways:light_blue_locometal_flywheel
[28Mar2026 04:54:54.944] [Render thread/INFO] [Railways/MultiRegistryCallback/]: Running callback for create:flywheel and railways:blue_locometal_flywheel
[28Mar2026 04:54:54.944] [Render thread/INFO] [Railways/MultiRegistryCallback/]: Running callback for create:flywheel and railways:royal_blue_locometal_flywheel
[28Mar2026 04:54:54.944] [Render thread/INFO] [Railways/MultiRegistryCallback/]: Running callback for create:flywheel and railways:purple_locometal_flywheel
[28Mar2026 04:54:54.944] [Render thread/INFO] [Railways/MultiRegistryCallback/]: Running callback for create:flywheel and railways:magenta_locometal_flywheel
[28Mar2026 04:54:54.944] [Render thread/INFO] [Railways/MultiRegistryCallback/]: Running callback for create:flywheel and railways:pink_locometal_flywheel
[28Mar2026 04:54:54.944] [Render thread/INFO] [Railways/MultiRegistryCallback/]: Running callback for create:flywheel and railways:white_locometal_flywheel
[28Mar2026 04:54:54.945] [Render thread/INFO] [Railways/MultiRegistryCallback/]: Running callback for create:flywheel and railways:diorite_locometal_flywheel
[28Mar2026 04:54:54.945] [Render thread/INFO] [Railways/MultiRegistryCallback/]: Running callback for create:flywheel and railways:limestone_locometal_flywheel
[28Mar2026 04:54:54.945] [Render thread/INFO] [Railways/MultiRegistryCallback/]: Running callback for create:flywheel and railways:light_gray_locometal_flywheel
[28Mar2026 04:54:54.945] [Render thread/INFO] [Railways/MultiRegistryCallback/]: Running callback for create:flywheel and railways:tuff_locometal_flywheel
[28Mar2026 04:54:54.945] [Render thread/INFO] [Railways/MultiRegistryCallback/]: Running callback for create:flywheel and railways:gray_locometal_flywheel
[28Mar2026 04:54:54.945] [Render thread/INFO] [Railways/MultiRegistryCallback/]: Running callback for create:flywheel and railways:scorchia_locometal_flywheel
[28Mar2026 04:54:54.945] [Render thread/INFO] [Railways/MultiRegistryCallback/]: Running callback for create:flywheel and railways:black_locometal_flywheel
[28Mar2026 04:54:54.945] [Render thread/INFO] [Railways/MultiRegistryCallback/]: Running callback for create:sliding_door and railways:sliding_locometal_door
[28Mar2026 04:54:54.945] [Render thread/INFO] [Railways/MultiRegistryCallback/]: Running callback for create:sliding_door and railways:folding_locometal_door
[28Mar2026 04:54:54.945] [Render thread/INFO] [Railways/MultiRegistryCallback/]: Running callback for create:sliding_door and railways:brown_sliding_locometal_door
[28Mar2026 04:54:54.945] [Render thread/INFO] [Railways/MultiRegistryCallback/]: Running callback for create:sliding_door and railways:brown_folding_locometal_door
[28Mar2026 04:54:54.945] [Render thread/INFO] [Railways/MultiRegistryCallback/]: Running callback for create:sliding_door and railways:maroon_sliding_locometal_door
[28Mar2026 04:54:54.945] [Render thread/INFO] [Railways/MultiRegistryCallback/]: Running callback for create:sliding_door and railways:maroon_folding_locometal_door
[28Mar2026 04:54:54.945] [Render thread/INFO] [Railways/MultiRegistryCallback/]: Running callback for create:sliding_door and railways:red_sliding_locometal_door
[28Mar2026 04:54:54.945] [Render thread/INFO] [Railways/MultiRegistryCallback/]: Running callback for create:sliding_door and railways:red_folding_locometal_door
[28Mar2026 04:54:54.945] [Render thread/INFO] [Railways/MultiRegistryCallback/]: Running callback for create:sliding_door and railways:vermilion_sliding_locometal_door
[28Mar2026 04:54:54.945] [Render thread/INFO] [Railways/MultiRegistryCallback/]: Running callback for create:sliding_door and railways:vermilion_folding_locometal_door
[28Mar2026 04:54:54.945] [Render thread/INFO] [Railways/MultiRegistryCallback/]: Running callback for create:sliding_door and railways:orange_sliding_locometal_door
[28Mar2026 04:54:54.945] [Render thread/INFO] [Railways/MultiRegistryCallback/]: Running callback for create:sliding_door and railways:orange_folding_locometal_door
[28Mar2026 04:54:54.945] [Render thread/INFO] [Railways/MultiRegistryCallback/]: Running callback for create:sliding_door and railways:granite_sliding_locometal_door
[28Mar2026 04:54:54.945] [Render thread/INFO] [Railways/MultiRegistryCallback/]: Running callback for create:sliding_door and railways:granite_folding_locometal_door
[28Mar2026 04:54:54.945] [Render thread/INFO] [Railways/MultiRegistryCallback/]: Running callback for create:sliding_door and railways:dripstone_sliding_locometal_door
[28Mar2026 04:54:54.945] [Render thread/INFO] [Railways/MultiRegistryCallback/]: Running callback for create:sliding_door and railways:dripstone_folding_locometal_door
[28Mar2026 04:54:54.945] [Render thread/INFO] [Railways/MultiRegistryCallback/]: Running callback for create:sliding_door and railways:ochrum_sliding_locometal_door
[28Mar2026 04:54:54.945] [Render thread/INFO] [Railways/MultiRegistryCallback/]: Running callback for create:sliding_door and railways:ochrum_folding_locometal_door
[28Mar2026 04:54:54.945] [Render thread/INFO] [Railways/MultiRegistryCallback/]: Running callback for create:sliding_door and railways:yellow_sliding_locometal_door
[28Mar2026 04:54:54.945] [Render thread/INFO] [Railways/MultiRegistryCallback/]: Running callback for create:sliding_door and railways:yellow_folding_locometal_door
[28Mar2026 04:54:54.946] [Render thread/INFO] [Railways/MultiRegistryCallback/]: Running callback for create:sliding_door and railways:chartreuse_sliding_locometal_door
[28Mar2026 04:54:54.946] [Render thread/INFO] [Railways/MultiRegistryCallback/]: Running callback for create:sliding_door and railways:chartreuse_folding_locometal_door
[28Mar2026 04:54:54.946] [Render thread/INFO] [Railways/MultiRegistryCallback/]: Running callback for create:sliding_door and railways:olive_green_sliding_locometal_door
[28Mar2026 04:54:54.946] [Render thread/INFO] [Railways/MultiRegistryCallback/]: Running callback for create:sliding_door and railways:olive_green_folding_locometal_door
[28Mar2026 04:54:54.946] [Render thread/INFO] [Railways/MultiRegistryCallback/]: Running callback for create:sliding_door and railways:lime_sliding_locometal_door
[28Mar2026 04:54:54.946] [Render thread/INFO] [Railways/MultiRegistryCallback/]: Running callback for create:sliding_door and railways:lime_folding_locometal_door
[28Mar2026 04:54:54.946] [Render thread/INFO] [Railways/MultiRegistryCallback/]: Running callback for create:sliding_door and railways:green_sliding_locometal_door
[28Mar2026 04:54:54.946] [Render thread/INFO] [Railways/MultiRegistryCallback/]: Running callback for create:sliding_door and railways:green_folding_locometal_door
[28Mar2026 04:54:54.946] [Render thread/INFO] [Railways/MultiRegistryCallback/]: Running callback for create:sliding_door and railways:pine_green_sliding_locometal_door
[28Mar2026 04:54:54.946] [Render thread/INFO] [Railways/MultiRegistryCallback/]: Running callback for create:sliding_door and railways:pine_green_folding_locometal_door
[28Mar2026 04:54:54.946] [Render thread/INFO] [Railways/MultiRegistryCallback/]: Running callback for create:sliding_door and railways:cyan_sliding_locometal_door
[28Mar2026 04:54:54.946] [Render thread/INFO] [Railways/MultiRegistryCallback/]: Running callback for create:sliding_door and railways:cyan_folding_locometal_door
[28Mar2026 04:54:54.946] [Render thread/INFO] [Railways/MultiRegistryCallback/]: Running callback for create:sliding_door and railways:sea_green_sliding_locometal_door
[28Mar2026 04:54:54.946] [Render thread/INFO] [Railways/MultiRegistryCallback/]: Running callback for create:sliding_door and railways:sea_green_folding_locometal_door
[28Mar2026 04:54:54.946] [Render thread/INFO] [Railways/MultiRegistryCallback/]: Running callback for create:sliding_door and railways:turquoise_sliding_locometal_door
[28Mar2026 04:54:54.946] [Render thread/INFO] [Railways/MultiRegistryCallback/]: Running callback for create:sliding_door and railways:turquoise_folding_locometal_door
[28Mar2026 04:54:54.946] [Render thread/INFO] [Railways/MultiRegistryCallback/]: Running callback for create:sliding_door and railways:light_blue_sliding_locometal_door
[28Mar2026 04:54:54.946] [Render thread/INFO] [Railways/MultiRegistryCallback/]: Running callback for create:sliding_door and railways:light_blue_folding_locometal_door
[28Mar2026 04:54:54.946] [Render thread/INFO] [Railways/MultiRegistryCallback/]: Running callback for create:sliding_door and railways:blue_sliding_locometal_door
[28Mar2026 04:54:54.946] [Render thread/INFO] [Railways/MultiRegistryCallback/]: Running callback for create:sliding_door and railways:blue_folding_locometal_door
[28Mar2026 04:54:54.946] [Render thread/INFO] [Railways/MultiRegistryCallback/]: Running callback for create:sliding_door and railways:royal_blue_sliding_locometal_door
[28Mar2026 04:54:54.946] [Render thread/INFO] [Railways/MultiRegistryCallback/]: Running callback for create:sliding_door and railways:royal_blue_folding_locometal_door
[28Mar2026 04:54:54.946] [Render thread/INFO] [Railways/MultiRegistryCallback/]: Running callback for create:sliding_door and railways:purple_sliding_locometal_door
[28Mar2026 04:54:54.946] [Render thread/INFO] [Railways/MultiRegistryCallback/]: Running callback for create:sliding_door and railways:purple_folding_locometal_door
[28Mar2026 04:54:54.946] [Render thread/INFO] [Railways/MultiRegistryCallback/]: Running callback for create:sliding_door and railways:magenta_sliding_locometal_door
[28Mar2026 04:54:54.946] [Render thread/INFO] [Railways/MultiRegistryCallback/]: Running callback for create:sliding_door and railways:magenta_folding_locometal_door
[28Mar2026 04:54:54.946] [Render thread/INFO] [Railways/MultiRegistryCallback/]: Running callback for create:sliding_door and railways:pink_sliding_locometal_door
[28Mar2026 04:54:54.946] [Render thread/INFO] [Railways/MultiRegistryCallback/]: Running callback for create:sliding_door and railways:pink_folding_locometal_door
[28Mar2026 04:54:54.946] [Render thread/INFO] [Railways/MultiRegistryCallback/]: Running callback for create:sliding_door and railways:white_sliding_locometal_door
[28Mar2026 04:54:54.946] [Render thread/INFO] [Railways/MultiRegistryCallback/]: Running callback for create:sliding_door and railways:white_folding_locometal_door
[28Mar2026 04:54:54.946] [Render thread/INFO] [Railways/MultiRegistryCallback/]: Running callback for create:sliding_door and railways:diorite_sliding_locometal_door
[28Mar2026 04:54:54.946] [Render thread/INFO] [Railways/MultiRegistryCallback/]: Running callback for create:sliding_door and railways:diorite_folding_locometal_door
[28Mar2026 04:54:54.946] [Render thread/INFO] [Railways/MultiRegistryCallback/]: Running callback for create:sliding_door and railways:limestone_sliding_locometal_door
[28Mar2026 04:54:54.946] [Render thread/INFO] [Railways/MultiRegistryCallback/]: Running callback for create:sliding_door and railways:limestone_folding_locometal_door
[28Mar2026 04:54:54.946] [Render thread/INFO] [Railways/MultiRegistryCallback/]: Running callback for create:sliding_door and railways:light_gray_sliding_locometal_door
[28Mar2026 04:54:54.946] [Render thread/INFO] [Railways/MultiRegistryCallback/]: Running callback for create:sliding_door and railways:light_gray_folding_locometal_door
[28Mar2026 04:54:54.946] [Render thread/INFO] [Railways/MultiRegistryCallback/]: Running callback for create:sliding_door and railways:tuff_sliding_locometal_door
[28Mar2026 04:54:54.946] [Render thread/INFO] [Railways/MultiRegistryCallback/]: Running callback for create:sliding_door and railways:tuff_folding_locometal_door
[28Mar2026 04:54:54.946] [Render thread/INFO] [Railways/MultiRegistryCallback/]: Running callback for create:sliding_door and railways:gray_sliding_locometal_door
[28Mar2026 04:54:54.946] [Render thread/INFO] [Railways/MultiRegistryCallback/]: Running callback for create:sliding_door and railways:gray_folding_locometal_door
[28Mar2026 04:54:54.946] [Render thread/INFO] [Railways/MultiRegistryCallback/]: Running callback for create:sliding_door and railways:scorchia_sliding_locometal_door
[28Mar2026 04:54:54.946] [Render thread/INFO] [Railways/MultiRegistryCallback/]: Running callback for create:sliding_door and railways:scorchia_folding_locometal_door
[28Mar2026 04:54:54.946] [Render thread/INFO] [Railways/MultiRegistryCallback/]: Running callback for create:sliding_door and railways:black_sliding_locometal_door
[28Mar2026 04:54:54.946] [Render thread/INFO] [Railways/MultiRegistryCallback/]: Running callback for create:sliding_door and railways:black_folding_locometal_door
[28Mar2026 04:54:54.946] [Render thread/INFO] [Railways/MultiRegistryCallback/]: Running callback for create:copycat and railways:conductor_vent
[28Mar2026 04:54:54.950] [Render thread/INFO] [dev.architectury.networking.forge.NetworkManagerImpl/]: Registering S2C receiver with id wildernature:screen_update
[28Mar2026 04:54:54.956] [Render thread/INFO] [dev.architectury.networking.forge.NetworkManagerImpl/]: Registering S2C receiver with id wildernature:screen_update
[28Mar2026 04:54:54.958] [Render thread/INFO] [dev.architectury.networking.forge.NetworkManagerImpl/]: Registering S2C receiver with id wildernature:screen_update
[28Mar2026 04:54:54.959] [Render thread/INFO] [dev.architectury.networking.forge.NetworkManagerImpl/]: Registering S2C receiver with id wildernature:screen_update
[28Mar2026 04:54:54.961] [Render thread/INFO] [dev.architectury.networking.forge.NetworkManagerImpl/]: Registering S2C receiver with id wildernature:screen_update
[28Mar2026 04:54:54.963] [Render thread/INFO] [dev.architectury.networking.forge.NetworkManagerImpl/]: Registering S2C receiver with id wildernature:screen_update
[28Mar2026 04:54:54.965] [Render thread/INFO] [dev.architectury.networking.forge.NetworkManagerImpl/]: Registering S2C receiver with id wildernature:screen_update
[28Mar2026 04:54:54.966] [Render thread/INFO] [dev.architectury.networking.forge.NetworkManagerImpl/]: Registering S2C receiver with id wildernature:screen_update
[28Mar2026 04:54:55.040] [Render thread/INFO] [dev.architectury.networking.forge.NetworkManagerImpl/]: Registering S2C receiver with id wildernature:screen_update
[28Mar2026 04:54:55.047] [Render thread/INFO] [dev.architectury.networking.forge.NetworkManagerImpl/]: Registering S2C receiver with id wildernature:screen_update
[28Mar2026 04:54:55.085] [Render thread/INFO] [dev.architectury.networking.forge.NetworkManagerImpl/]: Registering S2C receiver with id wildernature:screen_update
[28Mar2026 04:54:55.089] [Render thread/INFO] [dev.architectury.networking.forge.NetworkManagerImpl/]: Registering S2C receiver with id wildernature:screen_update
[28Mar2026 04:54:55.095] [Render thread/INFO] [dev.architectury.networking.forge.NetworkManagerImpl/]: Registering S2C receiver with id wildernature:screen_update
[28Mar2026 04:54:55.100] [Render thread/INFO] [dev.architectury.networking.forge.NetworkManagerImpl/]: Registering S2C receiver with id wildernature:screen_update
[28Mar2026 04:54:55.102] [Render thread/INFO] [dev.architectury.networking.forge.NetworkManagerImpl/]: Registering S2C receiver with id wildernature:screen_update
[28Mar2026 04:54:55.105] [Render thread/INFO] [dev.architectury.networking.forge.NetworkManagerImpl/]: Registering S2C receiver with id wildernature:screen_update
[28Mar2026 04:54:55.107] [Render thread/INFO] [dev.architectury.networking.forge.NetworkManagerImpl/]: Registering S2C receiver with id wildernature:screen_update
[28Mar2026 04:54:55.108] [Render thread/INFO] [dev.architectury.networking.forge.NetworkManagerImpl/]: Registering S2C receiver with id wildernature:screen_update
[28Mar2026 04:54:55.110] [Render thread/INFO] [dev.architectury.networking.forge.NetworkManagerImpl/]: Registering S2C receiver with id wildernature:screen_update
[28Mar2026 04:54:55.116] [Render thread/INFO] [dev.architectury.networking.forge.NetworkManagerImpl/]: Registering S2C receiver with id wildernature:screen_update
[28Mar2026 04:54:55.122] [Render thread/INFO] [dev.architectury.networking.forge.NetworkManagerImpl/]: Registering S2C receiver with id wildernature:screen_update
[28Mar2026 04:54:55.125] [Render thread/INFO] [dev.architectury.networking.forge.NetworkManagerImpl/]: Registering S2C receiver with id wildernature:screen_update
[28Mar2026 04:54:55.126] [Render thread/INFO] [dev.architectury.networking.forge.NetworkManagerImpl/]: Registering S2C receiver with id wildernature:screen_update
[28Mar2026 04:54:55.127] [Render thread/INFO] [dev.architectury.networking.forge.NetworkManagerImpl/]: Registering S2C receiver with id wildernature:screen_update
[28Mar2026 04:54:55.128] [Render thread/INFO] [dev.architectury.networking.forge.NetworkManagerImpl/]: Registering S2C receiver with id wildernature:screen_update
[28Mar2026 04:54:55.129] [Render thread/INFO] [dev.architectury.networking.forge.NetworkManagerImpl/]: Registering S2C receiver with id wildernature:screen_update
[28Mar2026 04:54:55.131] [Render thread/INFO] [dev.architectury.networking.forge.NetworkManagerImpl/]: Registering S2C receiver with id wildernature:screen_update
[28Mar2026 04:54:55.132] [Render thread/INFO] [dev.architectury.networking.forge.NetworkManagerImpl/]: Registering S2C receiver with id wildernature:screen_update
[28Mar2026 04:54:55.134] [Render thread/INFO] [dev.architectury.networking.forge.NetworkManagerImpl/]: Registering S2C receiver with id wildernature:screen_update
[28Mar2026 04:54:55.156] [Render thread/INFO] [dev.architectury.networking.forge.NetworkManagerImpl/]: Registering S2C receiver with id wildernature:screen_update
[28Mar2026 04:54:55.161] [Render thread/INFO] [dev.architectury.networking.forge.NetworkManagerImpl/]: Registering S2C receiver with id wildernature:screen_update
[28Mar2026 04:54:55.163] [Render thread/INFO] [dev.architectury.networking.forge.NetworkManagerImpl/]: Registering S2C receiver with id wildernature:screen_update
[28Mar2026 04:54:55.180] [Render thread/INFO] [dev.architectury.networking.forge.NetworkManagerImpl/]: Registering S2C receiver with id wildernature:screen_update
[28Mar2026 04:54:55.184] [Render thread/INFO] [dev.architectury.networking.forge.NetworkManagerImpl/]: Registering S2C receiver with id wildernature:screen_update
[28Mar2026 04:54:55.188] [Render thread/INFO] [dev.architectury.networking.forge.NetworkManagerImpl/]: Registering S2C receiver with id wildernature:screen_update
[28Mar2026 04:54:55.190] [Render thread/INFO] [dev.architectury.networking.forge.NetworkManagerImpl/]: Registering S2C receiver with id wildernature:screen_update
[28Mar2026 04:54:55.194] [Render thread/INFO] [dev.architectury.networking.forge.NetworkManagerImpl/]: Registering S2C receiver with id wildernature:screen_update
[28Mar2026 04:54:55.198] [Render thread/INFO] [dev.architectury.networking.forge.NetworkManagerImpl/]: Registering S2C receiver with id wildernature:screen_update
[28Mar2026 04:54:55.201] [Render thread/INFO] [dev.architectury.networking.forge.NetworkManagerImpl/]: Registering S2C receiver with id wildernature:screen_update
[28Mar2026 04:54:55.204] [Render thread/INFO] [dev.architectury.networking.forge.NetworkManagerImpl/]: Registering S2C receiver with id wildernature:screen_update
[28Mar2026 04:54:55.205] [Render thread/INFO] [dev.architectury.networking.forge.NetworkManagerImpl/]: Registering S2C receiver with id wildernature:screen_update
[28Mar2026 04:54:55.207] [Render thread/INFO] [dev.architectury.networking.forge.NetworkManagerImpl/]: Registering S2C receiver with id wildernature:screen_update
[28Mar2026 04:54:55.208] [Render thread/INFO] [dev.architectury.networking.forge.NetworkManagerImpl/]: Registering S2C receiver with id wildernature:screen_update
[28Mar2026 04:54:55.210] [Render thread/INFO] [dev.architectury.networking.forge.NetworkManagerImpl/]: Registering S2C receiver with id wildernature:screen_update
[28Mar2026 04:54:55.212] [Render thread/INFO] [dev.architectury.networking.forge.NetworkManagerImpl/]: Registering S2C receiver with id wildernature:screen_update
[28Mar2026 04:54:55.213] [Render thread/INFO] [dev.architectury.networking.forge.NetworkManagerImpl/]: Registering S2C receiver with id wildernature:screen_update
[28Mar2026 04:54:55.215] [Render thread/INFO] [dev.architectury.networking.forge.NetworkManagerImpl/]: Registering S2C receiver with id wildernature:screen_update
[28Mar2026 04:54:55.216] [Render thread/INFO] [dev.architectury.networking.forge.NetworkManagerImpl/]: Registering S2C receiver with id wildernature:screen_update
[28Mar2026 04:54:55.218] [Render thread/INFO] [dev.architectury.networking.forge.NetworkManagerImpl/]: Registering S2C receiver with id wildernature:screen_update
[28Mar2026 04:54:55.219] [Render thread/INFO] [dev.architectury.networking.forge.NetworkManagerImpl/]: Registering S2C receiver with id wildernature:screen_update
[28Mar2026 04:54:55.220] [Render thread/INFO] [dev.architectury.networking.forge.NetworkManagerImpl/]: Registering S2C receiver with id wildernature:screen_update
[28Mar2026 04:54:55.223] [Render thread/INFO] [dev.architectury.networking.forge.NetworkManagerImpl/]: Registering S2C receiver with id wildernature:screen_update
[28Mar2026 04:54:55.235] [Render thread/INFO] [dev.architectury.networking.forge.NetworkManagerImpl/]: Registering S2C receiver with id wildernature:screen_update
[28Mar2026 04:54:55.239] [Render thread/INFO] [dev.architectury.networking.forge.NetworkManagerImpl/]: Registering S2C receiver with id wildernature:screen_update
[28Mar2026 04:54:55.241] [Render thread/INFO] [dev.architectury.networking.forge.NetworkManagerImpl/]: Registering S2C receiver with id wildernature:screen_update
[28Mar2026 04:54:55.247] [Render thread/INFO] [dev.architectury.networking.forge.NetworkManagerImpl/]: Registering S2C receiver with id wildernature:screen_update
[28Mar2026 04:54:55.249] [Render thread/INFO] [dev.architectury.networking.forge.NetworkManagerImpl/]: Registering S2C receiver with id wildernature:screen_update
[28Mar2026 04:54:55.251] [Render thread/INFO] [dev.architectury.networking.forge.NetworkManagerImpl/]: Registering S2C receiver with id wildernature:screen_update
[28Mar2026 04:54:55.252] [Render thread/INFO] [Railways/MultiRegistryCallback/]: Running callback for create:track_signal and railways:track_signal_source
[28Mar2026 04:54:55.252] [Render thread/INFO] [Railways/MultiRegistryCallback/]: Running finalizers
[28Mar2026 04:54:55.253] [Render thread/INFO] [dev.architectury.networking.forge.NetworkManagerImpl/]: Registering S2C receiver with id wildernature:screen_update
[28Mar2026 04:54:55.255] [Render thread/INFO] [dev.architectury.networking.forge.NetworkManagerImpl/]: Registering S2C receiver with id wildernature:screen_update
[28Mar2026 04:54:55.256] [Render thread/INFO] [dev.architectury.networking.forge.NetworkManagerImpl/]: Registering S2C receiver with id wildernature:screen_update
[28Mar2026 04:54:55.256] [Render thread/INFO] [dev.architectury.networking.forge.NetworkManagerImpl/]: Registering S2C receiver with id wildernature:screen_update
[28Mar2026 04:54:55.259] [Render thread/INFO] [dev.architectury.networking.forge.NetworkManagerImpl/]: Registering S2C receiver with id wildernature:screen_update
[28Mar2026 04:54:55.267] [Render thread/INFO] [dev.architectury.networking.forge.NetworkManagerImpl/]: Registering S2C receiver with id wildernature:screen_update
[28Mar2026 04:54:55.269] [Render thread/INFO] [dev.architectury.networking.forge.NetworkManagerImpl/]: Registering S2C receiver with id wildernature:screen_update
[28Mar2026 04:54:55.270] [Render thread/INFO] [dev.architectury.networking.forge.NetworkManagerImpl/]: Registering S2C receiver with id wildernature:screen_update
[28Mar2026 04:54:55.272] [Render thread/INFO] [dev.architectury.networking.forge.NetworkManagerImpl/]: Registering S2C receiver with id wildernature:screen_update
[28Mar2026 04:54:55.281] [Render thread/INFO] [mixin/]: Mixing client.MixinJoinMultiplayerScreen from mixins/common/nochatreports.mixins.json into net.minecraft.client.gui.screens.multiplayer.JoinMultiplayerScreen
[28Mar2026 04:54:55.281] [Render thread/INFO] [mixin/]: Renaming synthetic method lambda$onInit$2()Lnet/minecraft/network/chat/Component; to mdf95480$nochatreports$lambda$onInit$2$0 in mixins/common/nochatreports.mixins.json:client.MixinJoinMultiplayerScreen from mod nochatreports
[28Mar2026 04:54:55.281] [Render thread/INFO] [mixin/]: Renaming synthetic method lambda$onInit$1(Lnet/minecraft/client/gui/components/Button;)V to mdf95480$nochatreports$lambda$onInit$1$1 in mixins/common/nochatreports.mixins.json:client.MixinJoinMultiplayerScreen from mod nochatreports
[28Mar2026 04:54:55.281] [Render thread/INFO] [mixin/]: Renaming synthetic method lambda$onInit$0(Lnet/minecraft/client/gui/components/Button;)V to mdf95480$nochatreports$lambda$onInit$0$2 in mixins/common/nochatreports.mixins.json:client.MixinJoinMultiplayerScreen from mod nochatreports
[28Mar2026 04:54:55.288] [Render thread/INFO] [dev.architectury.networking.forge.NetworkManagerImpl/]: Registering S2C receiver with id wildernature:screen_update
[28Mar2026 04:54:55.291] [Render thread/INFO] [dev.architectury.networking.forge.NetworkManagerImpl/]: Registering S2C receiver with id wildernature:screen_update
[28Mar2026 04:54:55.293] [Render thread/INFO] [ModdingLegacy/StructureGel/]: [structure_gel] Registering data for structure_gel:loot_table_alias
[28Mar2026 04:54:55.301] [Render thread/INFO] [ModdingLegacy/StructureGel/]: [structure_gel] Registering data for structure_gel:data_handler_type
[28Mar2026 04:54:55.302] [Render thread/INFO] [ModdingLegacy/StructureGel/]: [structure_gel] Registering data for structure_gel:dynamic_spawner
[28Mar2026 04:54:55.303] [Render thread/INFO] [ModdingLegacy/StructureGel/]: [structure_gel] Registering data for structure_gel:jigsaw_type
[28Mar2026 04:54:55.310] [Render thread/INFO] [dev.architectury.networking.forge.NetworkManagerImpl/]: Registering S2C receiver with id wildernature:screen_update
[28Mar2026 04:54:55.313] [Render thread/INFO] [dev.architectury.networking.forge.NetworkManagerImpl/]: Registering S2C receiver with id wildernature:screen_update
[28Mar2026 04:54:55.314] [Render thread/INFO] [dev.architectury.networking.forge.NetworkManagerImpl/]: Registering S2C receiver with id wildernature:screen_update
[28Mar2026 04:54:55.321] [Render thread/INFO] [dev.architectury.networking.forge.NetworkManagerImpl/]: Registering S2C receiver with id wildernature:screen_update
[28Mar2026 04:54:55.334] [Render thread/INFO] [dev.architectury.networking.forge.NetworkManagerImpl/]: Registering S2C receiver with id wildernature:screen_update
[28Mar2026 04:54:55.347] [Render thread/INFO] [dev.architectury.networking.forge.NetworkManagerImpl/]: Registering S2C receiver with id wildernature:screen_update
[28Mar2026 04:54:55.350] [Render thread/INFO] [dev.architectury.networking.forge.NetworkManagerImpl/]: Registering S2C receiver with id wildernature:screen_update
[28Mar2026 04:54:55.352] [Render thread/INFO] [dev.architectury.networking.forge.NetworkManagerImpl/]: Registering S2C receiver with id wildernature:screen_update
[28Mar2026 04:54:55.381] [Render thread/WARN] [net.minecraft.network.syncher.SynchedEntityData/]: defineId called for: class com.github.alexmodguy.alexscaves.server.entity.living.TremorzillaEntity from class com.github.alexmodguy.alexscaves.server.entity.living.LicowitchEntity
[28Mar2026 04:54:55.536] [Render thread/INFO] [Embeddium/]: Block minecraft:fern had its color provider replaced and will not use per-vertex coloring
[28Mar2026 04:54:55.536] [Render thread/INFO] [Embeddium/]: Block minecraft:grass had its color provider replaced and will not use per-vertex coloring
[28Mar2026 04:54:55.536] [Render thread/INFO] [Embeddium/]: Block minecraft:large_fern had its color provider replaced and will not use per-vertex coloring
[28Mar2026 04:54:55.536] [Render thread/INFO] [Embeddium/]: Block minecraft:tall_grass had its color provider replaced and will not use per-vertex coloring
[28Mar2026 04:54:55.538] [Render thread/INFO] [com.github.alexmodguy.alexscaves.AlexsCaves/]: loaded in block colorizer
[28Mar2026 04:54:55.543] [Render thread/INFO] [com.github.alexmodguy.alexscaves.AlexsCaves/]: loaded in item colorizer
[28Mar2026 04:54:55.938] [Render thread/INFO] [quark/]: Registering model layer quark:crab#main
[28Mar2026 04:54:55.938] [Render thread/INFO] [quark/]: Registering model layer quark:shiba#main
[28Mar2026 04:54:55.938] [Render thread/INFO] [quark/]: Registering model layer quark:quark_boat_chest#main
[28Mar2026 04:54:55.938] [Render thread/INFO] [quark/]: Registering model layer quark:wraith#main
[28Mar2026 04:54:55.938] [Render thread/INFO] [quark/]: Registering model layer quark:forgotten_hat#main
[28Mar2026 04:54:55.938] [Render thread/INFO] [quark/]: Registering model layer quark:stoneling#main
[28Mar2026 04:54:55.938] [Render thread/INFO] [quark/]: Registering model layer quark:toretoise#main
[28Mar2026 04:54:55.938] [Render thread/INFO] [quark/]: Registering model layer quark:quark_boat#main
[28Mar2026 04:54:55.938] [Render thread/INFO] [quark/]: Registering model layer quark:foxhound#main
[28Mar2026 04:54:55.938] [Render thread/INFO] [quark/]: Registering model layer quark:backpack#main
[28Mar2026 04:54:56.200] [Render thread/INFO] [net.minecraft.client.Minecraft/]: [FANCYMENU] Registering resource reload listener..
[28Mar2026 04:54:57.031] [Render thread/INFO] [de.keksuccino.fancymenu.customization.ScreenCustomization/]: [FANCYMENU] Initializing screen customization engine! Addons should NOT REGISTER TO REGISTRIES anymore now!
[28Mar2026 04:54:57.168] [Render thread/INFO] [mixin/]: Mixing client.MixinConnectScreen from mixins/common/nochatreports.mixins.json into net.minecraft.client.gui.screens.ConnectScreen
[28Mar2026 04:54:57.229] [Render thread/INFO] [mixin/]: Mixing client.MixinChatListener from mixins/common/nochatreports.mixins.json into net.minecraft.client.multiplayer.chat.ChatListener
[28Mar2026 04:54:57.249] [Render thread/INFO] [de.keksuccino.fancymenu.customization.layer.ScreenCustomizationLayerHandler/]: [FANCYMENU] Minecraft resource reload: STARTING
[28Mar2026 04:54:57.251] [Render thread/INFO] [net.minecraft.server.packs.resources.ReloadableResourceManager/]: Reloading ResourceManager: vanilla, mod_resources, Moonlight Mods Dynamic Assets, fabric
[28Mar2026 04:54:57.261] [Worker-Main-2/INFO] [Moonlight/]: Starting runtime resource generation for pack type CLIENT_RESOURCES with generators from mods [moonlight]: [net.mehvahdjukaar.moonlight.core.MoonlightClient$MLDynamicClientResources@46dc3007]
[28Mar2026 04:54:57.262] [Worker-Main-2/INFO] [Moonlight/]: Generating runtime assets for pack Moonlight Mods Dynamic Assets (moonlight)
[28Mar2026 04:54:57.262] [Render thread/INFO] [de.keksuccino.fancymenu.FancyMenu/]: [FANCYMENU] Starting late client initialization phase..
[28Mar2026 04:54:57.265] [Worker-Main-2/INFO] [Moonlight/]: Generated runtime CLIENT_RESOURCES for pack Moonlight Mods Dynamic Assets (moonlight) in: 3 ms (multithreaded)
[28Mar2026 04:54:57.265] [Worker-Main-2/INFO] [Moonlight/]: Finished runtime resources generation for 1 packs in a total of 3 ms
[28Mar2026 04:54:57.360] [modloading-worker-0/WARN] [net.minecraftforge.common.ForgeConfigSpec/CORE]: Configuration file /Users/jonasbauer/Library/Application Support/PrismLauncher/instances/1.20.1(3)/minecraft/config/curios-client.toml is not correct. Correcting
[28Mar2026 04:54:57.361] [modloading-worker-0/WARN] [net.minecraftforge.common.ForgeConfigSpec/CORE]: Incorrect key client.enableButton was corrected from null to its default, true. 
[28Mar2026 04:54:57.395] [modloading-worker-0/INFO] [com.armilp.ezvcsurvival.EZVCSurvival/]: [SoundConfig] Loading configuration...
[28Mar2026 04:54:57.446] [modloading-worker-0/INFO] [net.stirdrem.overgeared.OvergearedMod/]: Tool types initialized: 5
[28Mar2026 04:54:57.463] [modloading-worker-0/WARN] [net.minecraftforge.common.ForgeConfigSpec/CORE]: Configuration file /Users/jonasbauer/Library/Application Support/PrismLauncher/instances/1.20.1(3)/minecraft/config/Butchery.toml is not correct. Correcting
[28Mar2026 04:54:57.464] [modloading-worker-0/WARN] [net.minecraftforge.common.ForgeConfigSpec/CORE]: Incorrect key General was corrected from null to its default, SimpleCommentedConfig:{}. 
[28Mar2026 04:54:57.464] [modloading-worker-0/WARN] [net.minecraftforge.common.ForgeConfigSpec/CORE]: Incorrect key General.First Join Book was corrected from null to its default, true. 
[28Mar2026 04:54:57.464] [modloading-worker-0/WARN] [net.minecraftforge.common.ForgeConfigSpec/CORE]: Incorrect key General.Show Hints was corrected from null to its default, true. 
[28Mar2026 04:54:57.464] [modloading-worker-0/WARN] [net.minecraftforge.common.ForgeConfigSpec/CORE]: Incorrect key General.Only Cleavers Drop Carcasses was corrected from null to its default, true. 
[28Mar2026 04:54:57.464] [modloading-worker-0/WARN] [net.minecraftforge.common.ForgeConfigSpec/CORE]: Incorrect key General.Instant Bleeding was corrected from null to its default, false. 
[28Mar2026 04:54:57.464] [modloading-worker-0/WARN] [net.minecraftforge.common.ForgeConfigSpec/CORE]: Incorrect key General.Organs was corrected from null to its default, true. 
[28Mar2026 04:54:57.464] [modloading-worker-0/WARN] [net.minecraftforge.common.ForgeConfigSpec/CORE]: Incorrect key General.Weighted Carcasses was corrected from null to its default, true. 
[28Mar2026 04:54:57.464] [modloading-worker-0/WARN] [net.minecraftforge.common.ForgeConfigSpec/CORE]: Incorrect key General.Looting Enchantment was corrected from null to its default, true. 
[28Mar2026 04:54:57.464] [modloading-worker-0/WARN] [net.minecraftforge.common.ForgeConfigSpec/CORE]: Incorrect key General.Sulfur Ore Generation was corrected from null to its default, true. 
[28Mar2026 04:54:57.464] [modloading-worker-0/WARN] [net.minecraftforge.common.ForgeConfigSpec/CORE]: Incorrect key General.Salt Generation was corrected from null to its default, true. 
[28Mar2026 04:54:57.464] [modloading-worker-0/WARN] [net.minecraftforge.common.ForgeConfigSpec/CORE]: Incorrect key General.Blood Puddle was corrected from null to its default, true. 
[28Mar2026 04:54:57.464] [modloading-worker-0/WARN] [net.minecraftforge.common.ForgeConfigSpec/CORE]: Incorrect key General.Blood Spread was corrected from null to its default, true. 
[28Mar2026 04:54:57.464] [modloading-worker-0/WARN] [net.minecraftforge.common.ForgeConfigSpec/CORE]: Incorrect key Mobs was corrected from null to its default, SimpleCommentedConfig:{}. 
[28Mar2026 04:54:57.464] [modloading-worker-0/WARN] [net.minecraftforge.common.ForgeConfigSpec/CORE]: Incorrect key Mobs.Axolotl was corrected from null to its default, true. 
[28Mar2026 04:54:57.464] [modloading-worker-0/WARN] [net.minecraftforge.common.ForgeConfigSpec/CORE]: Incorrect key Mobs.Bat Carcass was corrected from null to its default, true. 
[28Mar2026 04:54:57.464] [modloading-worker-0/WARN] [net.minecraftforge.common.ForgeConfigSpec/CORE]: Incorrect key Mobs.Bee Carcass was corrected from null to its default, true. 
[28Mar2026 04:54:57.464] [modloading-worker-0/WARN] [net.minecraftforge.common.ForgeConfigSpec/CORE]: Incorrect key Mobs.Brown Mooshroom was corrected from null to its default, true. 
[28Mar2026 04:54:57.464] [modloading-worker-0/WARN] [net.minecraftforge.common.ForgeConfigSpec/CORE]: Incorrect key Mobs.Camel was corrected from null to its default, true. 
[28Mar2026 04:54:57.464] [modloading-worker-0/WARN] [net.minecraftforge.common.ForgeConfigSpec/CORE]: Incorrect key Mobs.Cat was corrected from null to its default, true. 
[28Mar2026 04:54:57.464] [modloading-worker-0/WARN] [net.minecraftforge.common.ForgeConfigSpec/CORE]: Incorrect key Mobs.Cave Spider was corrected from null to its default, true. 
[28Mar2026 04:54:57.464] [modloading-worker-0/WARN] [net.minecraftforge.common.ForgeConfigSpec/CORE]: Incorrect key Mobs.Chicken Carcass was corrected from null to its default, true. 
[28Mar2026 04:54:57.464] [modloading-worker-0/WARN] [net.minecraftforge.common.ForgeConfigSpec/CORE]: Incorrect key Mobs.Cod was corrected from null to its default, true. 
[28Mar2026 04:54:57.464] [modloading-worker-0/WARN] [net.minecraftforge.common.ForgeConfigSpec/CORE]: Incorrect key Mobs.Cow Carcass was corrected from null to its default, true. 
[28Mar2026 04:54:57.464] [modloading-worker-0/WARN] [net.minecraftforge.common.ForgeConfigSpec/CORE]: Incorrect key Mobs.Creeper was corrected from null to its default, true. 
[28Mar2026 04:54:57.464] [modloading-worker-0/WARN] [net.minecraftforge.common.ForgeConfigSpec/CORE]: Incorrect key Mobs.Dolphin Carcass was corrected from null to its default, true. 
[28Mar2026 04:54:57.464] [modloading-worker-0/WARN] [net.minecraftforge.common.ForgeConfigSpec/CORE]: Incorrect key Mobs.Donkey was corrected from null to its default, true. 
[28Mar2026 04:54:57.464] [modloading-worker-0/WARN] [net.minecraftforge.common.ForgeConfigSpec/CORE]: Incorrect key Mobs.Drowned was corrected from null to its default, true. 
[28Mar2026 04:54:57.464] [modloading-worker-0/WARN] [net.minecraftforge.common.ForgeConfigSpec/CORE]: Incorrect key Mobs.Elder Guardian was corrected from null to its default, true. 
[28Mar2026 04:54:57.464] [modloading-worker-0/WARN] [net.minecraftforge.common.ForgeConfigSpec/CORE]: Incorrect key Mobs.Evoker was corrected from null to its default, true. 
[28Mar2026 04:54:57.464] [modloading-worker-0/WARN] [net.minecraftforge.common.ForgeConfigSpec/CORE]: Incorrect key Mobs.Ender Dragon was corrected from null to its default, true. 
[28Mar2026 04:54:57.464] [modloading-worker-0/WARN] [net.minecraftforge.common.ForgeConfigSpec/CORE]: Incorrect key Mobs.Enderman was corrected from null to its default, true. 
[28Mar2026 04:54:57.464] [modloading-worker-0/WARN] [net.minecraftforge.common.ForgeConfigSpec/CORE]: Incorrect key Mobs.Endermite was corrected from null to its default, true. 
[28Mar2026 04:54:57.464] [modloading-worker-0/WARN] [net.minecraftforge.common.ForgeConfigSpec/CORE]: Incorrect key Mobs.Fox was corrected from null to its default, true. 
[28Mar2026 04:54:57.464] [modloading-worker-0/WARN] [net.minecraftforge.common.ForgeConfigSpec/CORE]: Incorrect key Mobs.Frog was corrected from null to its default, true. 
[28Mar2026 04:54:57.464] [modloading-worker-0/WARN] [net.minecraftforge.common.ForgeConfigSpec/CORE]: Incorrect key Mobs.Glow Squid Carcass was corrected from null to its default, true. 
[28Mar2026 04:54:57.465] [modloading-worker-0/WARN] [net.minecraftforge.common.ForgeConfigSpec/CORE]: Incorrect key Mobs.Goat Carcass was corrected from null to its default, true. 
[28Mar2026 04:54:57.465] [modloading-worker-0/WARN] [net.minecraftforge.common.ForgeConfigSpec/CORE]: Incorrect key Mobs.Guardian was corrected from null to its default, true. 
[28Mar2026 04:54:57.465] [modloading-worker-0/WARN] [net.minecraftforge.common.ForgeConfigSpec/CORE]: Incorrect key Mobs.Hoglin was corrected from null to its default, true. 
[28Mar2026 04:54:57.465] [modloading-worker-0/WARN] [net.minecraftforge.common.ForgeConfigSpec/CORE]: Incorrect key Mobs.Horse was corrected from null to its default, true. 
[28Mar2026 04:54:57.465] [modloading-worker-0/WARN] [net.minecraftforge.common.ForgeConfigSpec/CORE]: Incorrect key Mobs.Husk was corrected from null to its default, true. 
[28Mar2026 04:54:57.465] [modloading-worker-0/WARN] [net.minecraftforge.common.ForgeConfigSpec/CORE]: Incorrect key Mobs.Iron Golem was corrected from null to its default, true. 
[28Mar2026 04:54:57.465] [modloading-worker-0/WARN] [net.minecraftforge.common.ForgeConfigSpec/CORE]: Incorrect key Mobs.Llama was corrected from null to its default, true. 
[28Mar2026 04:54:57.465] [modloading-worker-0/WARN] [net.minecraftforge.common.ForgeConfigSpec/CORE]: Incorrect key Mobs.Magma Cube was corrected from null to its default, true. 
[28Mar2026 04:54:57.465] [modloading-worker-0/WARN] [net.minecraftforge.common.ForgeConfigSpec/CORE]: Incorrect key Mobs.Mule was corrected from null to its default, true. 
[28Mar2026 04:54:57.465] [modloading-worker-0/WARN] [net.minecraftforge.common.ForgeConfigSpec/CORE]: Incorrect key Mobs.Ocelot was corrected from null to its default, true. 
[28Mar2026 04:54:57.465] [modloading-worker-0/WARN] [net.minecraftforge.common.ForgeConfigSpec/CORE]: Incorrect key Mobs.Panda was corrected from null to its default, true. 
[28Mar2026 04:54:57.465] [modloading-worker-0/WARN] [net.minecraftforge.common.ForgeConfigSpec/CORE]: Incorrect key Mobs.Pig Carcass was corrected from null to its default, true. 
[28Mar2026 04:54:57.465] [modloading-worker-0/WARN] [net.minecraftforge.common.ForgeConfigSpec/CORE]: Incorrect key Mobs.Piglin was corrected from null to its default, true. 
[28Mar2026 04:54:57.465] [modloading-worker-0/WARN] [net.minecraftforge.common.ForgeConfigSpec/CORE]: Incorrect key Mobs.Piglin Brute was corrected from null to its default, true. 
[28Mar2026 04:54:57.465] [modloading-worker-0/WARN] [net.minecraftforge.common.ForgeConfigSpec/CORE]: Incorrect key Mobs.Pillager was corrected from null to its default, true. 
[28Mar2026 04:54:57.465] [modloading-worker-0/WARN] [net.minecraftforge.common.ForgeConfigSpec/CORE]: Incorrect key Mobs.Polar Bear was corrected from null to its default, true. 
[28Mar2026 04:54:57.465] [modloading-worker-0/WARN] [net.minecraftforge.common.ForgeConfigSpec/CORE]: Incorrect key Mobs.Player was corrected from null to its default, true. 
[28Mar2026 04:54:57.465] [modloading-worker-0/WARN] [net.minecraftforge.common.ForgeConfigSpec/CORE]: Incorrect key Mobs.Pufferfish was corrected from null to its default, true. 
[28Mar2026 04:54:57.465] [modloading-worker-0/WARN] [net.minecraftforge.common.ForgeConfigSpec/CORE]: Incorrect key Mobs.Phantom was corrected from null to its default, true. 
[28Mar2026 04:54:57.465] [modloading-worker-0/WARN] [net.minecraftforge.common.ForgeConfigSpec/CORE]: Incorrect key Mobs.Ravager was corrected from null to its default, true. 
[28Mar2026 04:54:57.465] [modloading-worker-0/WARN] [net.minecraftforge.common.ForgeConfigSpec/CORE]: Incorrect key Mobs.Rabbit was corrected from null to its default, true. 
[28Mar2026 04:54:57.465] [modloading-worker-0/WARN] [net.minecraftforge.common.ForgeConfigSpec/CORE]: Incorrect key Mobs.Red Mooshroom was corrected from null to its default, true. 
[28Mar2026 04:54:57.465] [modloading-worker-0/WARN] [net.minecraftforge.common.ForgeConfigSpec/CORE]: Incorrect key Mobs.Salmon was corrected from null to its default, true. 
[28Mar2026 04:54:57.465] [modloading-worker-0/WARN] [net.minecraftforge.common.ForgeConfigSpec/CORE]: Incorrect key Mobs.Sheep Carcass was corrected from null to its default, true. 
[28Mar2026 04:54:57.465] [modloading-worker-0/WARN] [net.minecraftforge.common.ForgeConfigSpec/CORE]: Incorrect key Mobs.Shulker was corrected from null to its default, true. 
[28Mar2026 04:54:57.465] [modloading-worker-0/WARN] [net.minecraftforge.common.ForgeConfigSpec/CORE]: Incorrect key Mobs.Silverfish was corrected from null to its default, true. 
[28Mar2026 04:54:57.465] [modloading-worker-0/WARN] [net.minecraftforge.common.ForgeConfigSpec/CORE]: Incorrect key Mobs.Skeleton was corrected from null to its default, true. 
[28Mar2026 04:54:57.465] [modloading-worker-0/WARN] [net.minecraftforge.common.ForgeConfigSpec/CORE]: Incorrect key Mobs.Skeleton Horse was corrected from null to its default, true. 
[28Mar2026 04:54:57.465] [modloading-worker-0/WARN] [net.minecraftforge.common.ForgeConfigSpec/CORE]: Incorrect key Mobs.Slime was corrected from null to its default, true. 
[28Mar2026 04:54:57.465] [modloading-worker-0/WARN] [net.minecraftforge.common.ForgeConfigSpec/CORE]: Incorrect key Mobs.Sniffer was corrected from null to its default, true. 
[28Mar2026 04:54:57.465] [modloading-worker-0/WARN] [net.minecraftforge.common.ForgeConfigSpec/CORE]: Incorrect key Mobs.Spider Carcass was corrected from null to its default, true. 
[28Mar2026 04:54:57.465] [modloading-worker-0/WARN] [net.minecraftforge.common.ForgeConfigSpec/CORE]: Incorrect key Mobs.Squid Carcass was corrected from null to its default, true. 
[28Mar2026 04:54:57.465] [modloading-worker-0/WARN] [net.minecraftforge.common.ForgeConfigSpec/CORE]: Incorrect key Mobs.Stray was corrected from null to its default, true. 
[28Mar2026 04:54:57.466] [modloading-worker-0/WARN] [net.minecraftforge.common.ForgeConfigSpec/CORE]: Incorrect key Mobs.Strider was corrected from null to its default, true. 
[28Mar2026 04:54:57.466] [modloading-worker-0/WARN] [net.minecraftforge.common.ForgeConfigSpec/CORE]: Incorrect key Mobs.Turtle was corrected from null to its default, true. 
[28Mar2026 04:54:57.466] [modloading-worker-0/WARN] [net.minecraftforge.common.ForgeConfigSpec/CORE]: Incorrect key Mobs.Villager was corrected from null to its default, true. 
[28Mar2026 04:54:57.466] [modloading-worker-0/WARN] [net.minecraftforge.common.ForgeConfigSpec/CORE]: Incorrect key Mobs.Vindicator was corrected from null to its default, true. 
[28Mar2026 04:54:57.466] [modloading-worker-0/WARN] [net.minecraftforge.common.ForgeConfigSpec/CORE]: Incorrect key Mobs.Warden was corrected from null to its default, true. 
[28Mar2026 04:54:57.466] [modloading-worker-0/WARN] [net.minecraftforge.common.ForgeConfigSpec/CORE]: Incorrect key Mobs.Witch was corrected from null to its default, true. 
[28Mar2026 04:54:57.466] [modloading-worker-0/WARN] [net.minecraftforge.common.ForgeConfigSpec/CORE]: Incorrect key Mobs.Wither Skeleton was corrected from null to its default, true. 
[28Mar2026 04:54:57.466] [modloading-worker-0/WARN] [net.minecraftforge.common.ForgeConfigSpec/CORE]: Incorrect key Mobs.Wither was corrected from null to its default, true. 
[28Mar2026 04:54:57.466] [modloading-worker-0/WARN] [net.minecraftforge.common.ForgeConfigSpec/CORE]: Incorrect key Mobs.Wolf was corrected from null to its default, true. 
[28Mar2026 04:54:57.466] [modloading-worker-0/WARN] [net.minecraftforge.common.ForgeConfigSpec/CORE]: Incorrect key Mobs.Zoglin was corrected from null to its default, true. 
[28Mar2026 04:54:57.466] [modloading-worker-0/WARN] [net.minecraftforge.common.ForgeConfigSpec/CORE]: Incorrect key Mobs.Zombie was corrected from null to its default, true. 
[28Mar2026 04:54:57.466] [modloading-worker-0/WARN] [net.minecraftforge.common.ForgeConfigSpec/CORE]: Incorrect key Mobs.Zombie Horse was corrected from null to its default, true. 
[28Mar2026 04:54:57.466] [modloading-worker-0/WARN] [net.minecraftforge.common.ForgeConfigSpec/CORE]: Incorrect key Mobs.Zombie Villager was corrected from null to its default, true. 
[28Mar2026 04:54:57.466] [modloading-worker-0/WARN] [net.minecraftforge.common.ForgeConfigSpec/CORE]: Incorrect key Mobs.Zombified Piglin was corrected from null to its default, true. 
[28Mar2026 04:54:57.466] [modloading-worker-0/WARN] [net.minecraftforge.common.ForgeConfigSpec/CORE]: Incorrect key Farmers Delight Compatibility was corrected from null to its default, SimpleCommentedConfig:{}. 
[28Mar2026 04:54:57.466] [modloading-worker-0/WARN] [net.minecraftforge.common.ForgeConfigSpec/CORE]: Incorrect key Farmers Delight Compatibility.Farmers Delight was corrected from null to its default, false. 
[28Mar2026 04:54:57.466] [modloading-worker-0/WARN] [net.minecraftforge.common.ForgeConfigSpec/CORE]: Incorrect key Vampirism Compatibility was corrected from null to its default, SimpleCommentedConfig:{}. 
[28Mar2026 04:54:57.467] [modloading-worker-0/WARN] [net.minecraftforge.common.ForgeConfigSpec/CORE]: Incorrect key Vampirism Compatibility.Vampirism Heart was corrected from null to its default, false. 
[28Mar2026 04:54:57.467] [modloading-worker-0/WARN] [net.minecraftforge.common.ForgeConfigSpec/CORE]: Incorrect key Vampirism Compatibility.Vampires Delight Eye was corrected from null to its default, false. 
[28Mar2026 04:54:57.467] [modloading-worker-0/WARN] [net.minecraftforge.common.ForgeConfigSpec/CORE]: Incorrect key Butchers Coin Reward was corrected from null to its default, SimpleCommentedConfig:{}. 
[28Mar2026 04:54:57.467] [modloading-worker-0/WARN] [net.minecraftforge.common.ForgeConfigSpec/CORE]: Incorrect key Butchers Coin Reward.Loottable was corrected from null to its default, minecraft:chests/end_city_treasure. 
[28Mar2026 04:54:57.529] [Worker-Main-5/INFO] [net.zjjohn121110.aethersdelight.AethersDelight/]: HELLO FROM COMMON SETUP
[28Mar2026 04:54:57.529] [Worker-Main-5/INFO] [net.zjjohn121110.aethersdelight.AethersDelight/]: DIRT BLOCK >> minecraft:dirt
[28Mar2026 04:54:57.529] [Worker-Main-5/INFO] [net.zjjohn121110.aethersdelight.AethersDelight/]: DIRT BLOCK >> minecraft:dirt
[28Mar2026 04:54:57.529] [Worker-Main-5/INFO] [net.zjjohn121110.aethersdelight.AethersDelight/]: The magic number is... 42
[28Mar2026 04:54:57.529] [Worker-Main-5/INFO] [net.zjjohn121110.aethersdelight.AethersDelight/]: ITEM >> iron_ingot
[28Mar2026 04:54:57.542] [Forge Version Check/INFO] [net.minecraftforge.fml.VersionChecker/]: [aether] Starting version check at https://github.com/The-Aether-Team/The-Aether/raw/1.20.1-develop/update.json
[28Mar2026 04:54:57.550] [Worker-Main-9/INFO] [voicechat/]: [voicechat] Compatibility version 20
[28Mar2026 04:54:57.557] [Worker-Main-5/INFO] [CPM/]: Customizable Player Models Initialized
[28Mar2026 04:54:57.607] [Worker-Main-8/INFO] [net.stirdrem.overgeared.OvergearedMod/]: Tool types initialized: 5
[28Mar2026 04:54:57.611] [Worker-Main-9/INFO] [voicechat/]: [voicechat] Loading plugins
[28Mar2026 04:54:57.617] [Worker-Main-5/INFO] [enchanting_system_overhaul/]: ESO Initialized
[28Mar2026 04:54:57.627] [Worker-Main-9/INFO] [voicechat/]: [voicechat] Loaded 2 plugin(s)
[28Mar2026 04:54:57.627] [Worker-Main-9/INFO] [voicechat/]: [voicechat] Initializing plugins
[28Mar2026 04:54:57.630] [Worker-Main-6/INFO] [net.minecraft.client.gui.font.providers.UnihexProvider/]: Found unifont_all_no_pua-15.0.06.hex, loading
[28Mar2026 04:54:57.634] [Worker-Main-9/INFO] [CPM-SVC Compat/]: CPM voice chat plugin initialized!
[28Mar2026 04:54:57.635] [Worker-Main-9/INFO] [voicechat/]: [voicechat] Initialized 2 plugin(s)
[28Mar2026 04:54:57.636] [Worker-Main-9/INFO] [voicechat/]: [voicechat] Registering events for 'ezvcsurvival'
[28Mar2026 04:54:57.636] [Worker-Main-9/INFO] [voicechat/]: [voicechat] Registering events for 'cpmsvcc'
[28Mar2026 04:54:57.649] [Worker-Main-3/WARN] [net.minecraft.client.sounds.SoundManager/]: File alexscaves:sounds/block/purple_soda/purple_soda_swim_3.ogg does not exist, cannot add it to event alexscaves:purple_soda_swim
[28Mar2026 04:54:57.651] [Worker-Main-3/WARN] [net.minecraft.client.sounds.SoundManager/]: File alexscaves:sounds/block/purple_soda/purple_soda_swim_4.ogg does not exist, cannot add it to event alexscaves:purple_soda_swim
[28Mar2026 04:54:57.651] [Worker-Main-3/WARN] [net.minecraft.client.sounds.SoundManager/]: File alexscaves:sounds/mob/luxtructosaurus/luxtructosaurus_snort_0.ogg does not exist, cannot add it to event alexscaves:luxtructosaurus_snort
[28Mar2026 04:54:57.651] [Worker-Main-3/WARN] [net.minecraft.client.sounds.SoundManager/]: File alexscaves:sounds/mob/luxtructosaurus/luxtructosaurus_snort_1.ogg does not exist, cannot add it to event alexscaves:luxtructosaurus_snort
[28Mar2026 04:54:57.651] [Worker-Main-3/WARN] [net.minecraft.client.sounds.SoundManager/]: File alexscaves:sounds/mob/luxtructosaurus/luxtructosaurus_snort_2.ogg does not exist, cannot add it to event alexscaves:luxtructosaurus_snort
[28Mar2026 04:54:57.651] [Worker-Main-3/WARN] [net.minecraft.client.sounds.SoundManager/]: File alexscaves:sounds/mob/luxtructosaurus/luxtructosaurus_breathe_0.ogg does not exist, cannot add it to event alexscaves:luxtructosaurus_breathe
[28Mar2026 04:54:57.651] [Worker-Main-3/WARN] [net.minecraft.client.sounds.SoundManager/]: File alexscaves:sounds/mob/luxtructosaurus/luxtructosaurus_breathe_1.ogg does not exist, cannot add it to event alexscaves:luxtructosaurus_breathe
[28Mar2026 04:54:57.651] [Worker-Main-3/WARN] [net.minecraft.client.sounds.SoundManager/]: File alexscaves:sounds/mob/luxtructosaurus/luxtructosaurus_breathe_2.ogg does not exist, cannot add it to event alexscaves:luxtructosaurus_breathe
[28Mar2026 04:54:57.698] [Worker-Main-3/WARN] [net.minecraft.client.sounds.SoundManager/]: File cold_sweat:sounds/item/waterskin_pour.ogg does not exist, cannot add it to event cold_sweat:item.waterskin.pour
[28Mar2026 04:54:57.698] [Worker-Main-3/WARN] [net.minecraft.client.sounds.SoundManager/]: File cold_sweat:sounds/item/waterskin_fill.ogg does not exist, cannot add it to event cold_sweat:item.waterskin.fill
[28Mar2026 04:54:57.764] [Forge Version Check/INFO] [net.minecraftforge.fml.VersionChecker/]: [aether] Found status: UP_TO_DATE Current: 1.20.1-1.5.2-neoforge Target: null
[28Mar2026 04:54:57.764] [Forge Version Check/INFO] [net.minecraftforge.fml.VersionChecker/]: [chestedcompanions] Starting version check at https://updates.khajiitos.fun/chested-companions/updates-forge.json
[28Mar2026 04:54:57.800] [Forge Version Check/WARN] [net.minecraftforge.fml.VersionChecker/]: Failed to process update information
java.net.ConnectException: null
	at jdk.internal.net.http.HttpClientImpl.send(HttpClientImpl.java:574) ~[java.net.http:?]
	at jdk.internal.net.http.HttpClientFacade.send(HttpClientFacade.java:123) ~[java.net.http:?]
	at net.minecraftforge.fml.VersionChecker$1.openUrlString(VersionChecker.java:142) ~[fmlcore-1.20.1-47.4.10.jar%23353!/:?]
	at net.minecraftforge.fml.VersionChecker$1.process(VersionChecker.java:180) ~[fmlcore-1.20.1-47.4.10.jar%23353!/:?]
	at java.lang.Iterable.forEach(Iterable.java:75) ~[?:?]
	at net.minecraftforge.fml.VersionChecker$1.run(VersionChecker.java:117) ~[fmlcore-1.20.1-47.4.10.jar%23353!/:?]
Caused by: java.net.ConnectException
	at jdk.internal.net.http.common.Utils.toConnectException(Utils.java:1083) ~[java.net.http:?]
	at jdk.internal.net.http.PlainHttpConnection.connectAsync(PlainHttpConnection.java:198) ~[java.net.http:?]
	at jdk.internal.net.http.AsyncSSLConnection.connectAsync(AsyncSSLConnection.java:56) ~[java.net.http:?]
	at jdk.internal.net.http.Http2Connection.createAsync(Http2Connection.java:443) ~[java.net.http:?]
	at jdk.internal.net.http.Http2ClientImpl.getConnectionFor(Http2ClientImpl.java:131) ~[java.net.http:?]
	at jdk.internal.net.http.ExchangeImpl.get(ExchangeImpl.java:93) ~[java.net.http:?]
	at jdk.internal.net.http.Exchange.establishExchange(Exchange.java:349) ~[java.net.http:?]
	at jdk.internal.net.http.Exchange.responseAsyncImpl0(Exchange.java:542) ~[java.net.http:?]
	at jdk.internal.net.http.Exchange.responseAsyncImpl(Exchange.java:386) ~[java.net.http:?]
	at jdk.internal.net.http.Exchange.responseAsync(Exchange.java:378) ~[java.net.http:?]
	at jdk.internal.net.http.MultiExchange.responseAsyncImpl(MultiExchange.java:408) ~[java.net.http:?]
	at jdk.internal.net.http.MultiExchange.lambda$responseAsyncImpl$7(MultiExchange.java:449) ~[java.net.http:?]
	at java.util.concurrent.CompletableFuture.uniHandle(CompletableFuture.java:934) ~[?:?]
	at java.util.concurrent.CompletableFuture.uniHandleStage(CompletableFuture.java:950) ~[?:?]
	at java.util.concurrent.CompletableFuture.handle(CompletableFuture.java:2340) ~[?:?]
	at jdk.internal.net.http.MultiExchange.responseAsyncImpl(MultiExchange.java:439) ~[java.net.http:?]
	at jdk.internal.net.http.MultiExchange.lambda$responseAsync0$2(MultiExchange.java:341) ~[java.net.http:?]
	at java.util.concurrent.CompletableFuture$UniCompose.tryFire(CompletableFuture.java:1150) ~[?:?]
	at java.util.concurrent.CompletableFuture.postComplete(CompletableFuture.java:510) ~[?:?]
	at java.util.concurrent.CompletableFuture$AsyncSupply.run(CompletableFuture.java:1773) ~[?:?]
	at jdk.internal.net.http.HttpClientImpl$DelegatingExecutor.execute(HttpClientImpl.java:158) ~[java.net.http:?]
	at java.util.concurrent.CompletableFuture.completeAsync(CompletableFuture.java:2673) ~[?:?]
	at jdk.internal.net.http.MultiExchange.responseAsync(MultiExchange.java:294) ~[java.net.http:?]
	at jdk.internal.net.http.HttpClientImpl.sendAsync(HttpClientImpl.java:659) ~[java.net.http:?]
	at jdk.internal.net.http.HttpClientImpl.send(HttpClientImpl.java:553) ~[java.net.http:?]
	... 5 more
Caused by: java.nio.channels.UnresolvedAddressException
	at sun.nio.ch.Net.checkAddress(Net.java:149) ~[?:?]
	at sun.nio.ch.Net.checkAddress(Net.java:157) ~[?:?]
	at sun.nio.ch.SocketChannelImpl.checkRemote(SocketChannelImpl.java:816) ~[?:?]
	at sun.nio.ch.SocketChannelImpl.connect(SocketChannelImpl.java:839) ~[?:?]
	at jdk.internal.net.http.PlainHttpConnection.lambda$connectAsync$0(PlainHttpConnection.java:183) ~[java.net.http:?]
	at java.security.AccessController.doPrivileged(AccessController.java:569) ~[?:?]
	at jdk.internal.net.http.PlainHttpConnection.connectAsync(PlainHttpConnection.java:185) ~[java.net.http:?]
	at jdk.internal.net.http.AsyncSSLConnection.connectAsync(AsyncSSLConnection.java:56) ~[java.net.http:?]
	at jdk.internal.net.http.Http2Connection.createAsync(Http2Connection.java:443) ~[java.net.http:?]
	at jdk.internal.net.http.Http2ClientImpl.getConnectionFor(Http2ClientImpl.java:131) ~[java.net.http:?]
	at jdk.internal.net.http.ExchangeImpl.get(ExchangeImpl.java:93) ~[java.net.http:?]
	at jdk.internal.net.http.Exchange.establishExchange(Exchange.java:349) ~[java.net.http:?]
	at jdk.internal.net.http.Exchange.responseAsyncImpl0(Exchange.java:542) ~[java.net.http:?]
	at jdk.internal.net.http.Exchange.responseAsyncImpl(Exchange.java:386) ~[java.net.http:?]
	at jdk.internal.net.http.Exchange.responseAsync(Exchange.java:378) ~[java.net.http:?]
	at jdk.internal.net.http.MultiExchange.responseAsyncImpl(MultiExchange.java:408) ~[java.net.http:?]
	at jdk.internal.net.http.MultiExchange.lambda$responseAsyncImpl$7(MultiExchange.java:449) ~[java.net.http:?]
	at java.util.concurrent.CompletableFuture.uniHandle(CompletableFuture.java:934) ~[?:?]
	at java.util.concurrent.CompletableFuture.uniHandleStage(CompletableFuture.java:950) ~[?:?]
	at java.util.concurrent.CompletableFuture.handle(CompletableFuture.java:2340) ~[?:?]
	at jdk.internal.net.http.MultiExchange.responseAsyncImpl(MultiExchange.java:439) ~[java.net.http:?]
	at jdk.internal.net.http.MultiExchange.lambda$responseAsync0$2(MultiExchange.java:341) ~[java.net.http:?]
	at java.util.concurrent.CompletableFuture$UniCompose.tryFire(CompletableFuture.java:1150) ~[?:?]
	at java.util.concurrent.CompletableFuture.postComplete(CompletableFuture.java:510) ~[?:?]
	at java.util.concurrent.CompletableFuture$AsyncSupply.run(CompletableFuture.java:1773) ~[?:?]
	at jdk.internal.net.http.HttpClientImpl$DelegatingExecutor.execute(HttpClientImpl.java:158) ~[java.net.http:?]
	at java.util.concurrent.CompletableFuture.completeAsync(CompletableFuture.java:2673) ~[?:?]
	at jdk.internal.net.http.MultiExchange.responseAsync(MultiExchange.java:294) ~[java.net.http:?]
	at jdk.internal.net.http.HttpClientImpl.sendAsync(HttpClientImpl.java:659) ~[java.net.http:?]
	at jdk.internal.net.http.HttpClientImpl.send(HttpClientImpl.java:553) ~[java.net.http:?]
	... 5 more
[28Mar2026 04:54:57.802] [Forge Version Check/INFO] [net.minecraftforge.fml.VersionChecker/]: [farmersdelightcompat] Starting version check at https://api.modrinth.com/updates/bVyGNtz1/forge_updates.json
[28Mar2026 04:54:57.881] [Render thread/ERROR] [net.minecraft.Util/]: Invalid path in pack: nochatreports:textures/misc/NCR_logo.png, ignoring
[28Mar2026 04:54:57.908] [Render thread/ERROR] [net.minecraft.Util/]: Invalid path in pack: miners_delight:textures/item/Lunchbox_fill.png, ignoring
[28Mar2026 04:54:57.908] [Render thread/ERROR] [net.minecraft.Util/]: Invalid path in pack: miners_delight:textures/item/Lunchbox.png, ignoring
[28Mar2026 04:54:57.908] [Render thread/ERROR] [net.minecraft.Util/]: Invalid path in pack: miners_delight:textures/item/Launchbox_fill.png, ignoring
[28Mar2026 04:54:57.908] [Render thread/ERROR] [net.minecraft.Util/]: Invalid path in pack: miners_delight:textures/item/Launchbox.png, ignoring
[28Mar2026 04:54:58.056] [Forge Version Check/WARN] [net.minecraftforge.fml.VersionChecker/]: Failed to process update information
java.lang.NullPointerException: Cannot invoke "java.util.Map.get(Object)" because "promos" is null
	at net.minecraftforge.fml.VersionChecker$1.process(VersionChecker.java:192) ~[fmlcore-1.20.1-47.4.10.jar%23353!/:?]
	at java.lang.Iterable.forEach(Iterable.java:75) ~[?:?]
	at net.minecraftforge.fml.VersionChecker$1.run(VersionChecker.java:117) ~[fmlcore-1.20.1-47.4.10.jar%23353!/:?]
[28Mar2026 04:54:58.057] [Forge Version Check/INFO] [net.minecraftforge.fml.VersionChecker/]: [structure_gel] Starting version check at http://changelogs.moddinglegacy.com/structure-gel.json
[28Mar2026 04:54:58.201] [Forge Version Check/INFO] [net.minecraftforge.fml.VersionChecker/]: [structure_gel] Found status: BETA Current: 2.16.2 Target: null
[28Mar2026 04:54:58.201] [Forge Version Check/INFO] [net.minecraftforge.fml.VersionChecker/]: [dungeons_enhanced] Starting version check at https://raw.githubusercontent.com/Ametrin-Studios/DungeonsEnhanced/refs/heads/master/update.json
[28Mar2026 04:54:58.261] [Worker-Main-4/ERROR] [net.minecraft.Util/]: Invalid path in pack: miners_delight:textures/item/Lunchbox_fill.png, ignoring
[28Mar2026 04:54:58.261] [Worker-Main-4/ERROR] [net.minecraft.Util/]: Invalid path in pack: miners_delight:textures/item/Lunchbox.png, ignoring
[28Mar2026 04:54:58.261] [Worker-Main-4/ERROR] [net.minecraft.Util/]: Invalid path in pack: miners_delight:textures/item/Launchbox_fill.png, ignoring
[28Mar2026 04:54:58.261] [Worker-Main-4/ERROR] [net.minecraft.Util/]: Invalid path in pack: miners_delight:textures/item/Launchbox.png, ignoring
[28Mar2026 04:54:58.322] [Forge Version Check/INFO] [net.minecraftforge.fml.VersionChecker/]: [dungeons_enhanced] Found status: UP_TO_DATE Current: 5.4.3 Target: null
[28Mar2026 04:54:58.323] [Forge Version Check/INFO] [net.minecraftforge.fml.VersionChecker/]: [corail_woodcutter] Starting version check at https://raw.githubusercontent.com/Corail31/trash/master/update_woodcutter.json
[28Mar2026 04:54:58.396] [Thread-10/INFO] [com.armilp.ezvcsurvival.EZVCSurvival/]: [SoundConfig] Reloading configuration...
[28Mar2026 04:54:58.459] [Forge Version Check/INFO] [net.minecraftforge.fml.VersionChecker/]: [corail_woodcutter] Found status: UP_TO_DATE Current: 3.0.6 Target: null
[28Mar2026 04:54:58.459] [Forge Version Check/INFO] [net.minecraftforge.fml.VersionChecker/]: [mr_dungeons_andtaverns] Starting version check at https://api.modrinth.com/updates/tpehi7ww/forge_updates.json
[28Mar2026 04:54:58.467] [Thread-10/INFO] [zeta/]: About to refresh zeta's config, looking for better thread than 'Thread-10'...
[28Mar2026 04:54:58.477] [Render thread/INFO] [zeta/]: zeta's config is 'BEFORE_INIT', ignoring config refresh. Current thread: Render thread
[28Mar2026 04:54:58.480] [Thread-10/INFO] [net.stirdrem.overgeared.OvergearedMod/]: Tool types initialized: 5
[28Mar2026 04:54:58.485] [Thread-10/INFO] [quark-zeta/]: About to refresh quark's config, looking for better thread than 'Thread-10'...
[28Mar2026 04:54:58.485] [Render thread/INFO] [quark-zeta/]: quark's config is 'BEFORE_INIT', ignoring config refresh. Current thread: Render thread
[28Mar2026 04:54:58.635] [Forge Version Check/INFO] [net.minecraftforge.fml.VersionChecker/]: [mr_dungeons_andtaverns] Found status: OUTDATED Current: 3.0.3.f Target: 3.0.3.f+mod
[28Mar2026 04:54:58.635] [Forge Version Check/INFO] [net.minecraftforge.fml.VersionChecker/]: [cumulus_menus] Starting version check at https://github.com/The-Aether-Team/Cumulus/raw/1.20.1-develop/update.json
[28Mar2026 04:54:58.681] [Forge Version Check/INFO] [net.minecraftforge.fml.VersionChecker/]: [cumulus_menus] Found status: UP_TO_DATE Current: 1.20.1-1.0.1-neoforge Target: null
[28Mar2026 04:54:58.682] [Forge Version Check/INFO] [net.minecraftforge.fml.VersionChecker/]: [deep_aether] Starting version check at https://github.com/RazorDevs/Deep-Aether/raw/1.20.1-1.1/update.json
[28Mar2026 04:54:58.780] [Render thread/INFO] [terrablender/]: Registered region minecraft:overworld to index 0 for type OVERWORLD
[28Mar2026 04:54:58.781] [Render thread/INFO] [terrablender/]: Registered region minecraft:nether to index 0 for type NETHER
[28Mar2026 04:54:58.781] [Render thread/INFO] [terrablender/]: Registered region aether:the_aether to index 0 for type THE_AETHER
[28Mar2026 04:54:58.781] [Render thread/INFO] [terrablender/]: Registered region riverredux:overworld to index 1 for type OVERWORLD
[28Mar2026 04:54:58.798] [Render thread/INFO] [terrablender/]: Registered region deep_aether:deep_aether to index 1 for type THE_AETHER
[28Mar2026 04:54:58.798] [Render thread/INFO] [terrablender/]: Registered region deep_aether:rare to index 2 for type THE_AETHER
[28Mar2026 04:54:58.802] [Render thread/INFO] [terrablender/]: Registered region luminous_nether:nether_region to index 1 for type NETHER
[28Mar2026 04:54:58.836] [Forge Version Check/INFO] [net.minecraftforge.fml.VersionChecker/]: [deep_aether] Found status: UP_TO_DATE Current: 1.20.1-1.1.7 Target: null
[28Mar2026 04:54:58.836] [Forge Version Check/INFO] [net.minecraftforge.fml.VersionChecker/]: [mr_subsurface] Starting version check at https://api.modrinth.com/updates/mGEL09gE/forge_updates.json
[28Mar2026 04:54:58.887] [Render thread/INFO] [Moonlight/]: Initialized color sets in 49ms
[28Mar2026 04:54:58.891] [Render thread/ERROR] [Moonlight/]: Fabric API detected! This is not a Fabric mod, so please dont report related issues to MoonlightLib or its dependant. This can usually happen with connector or when having a mod that does NOT have a proper Forge native implementation. This can easily lead to poor compatibility and issues. Proceed ar your own risk. 
 Mods that bundled Fabric API: [net.minecraftforge.fml.loading.moddiscovery.ModInfo@4fd74223]
[28Mar2026 04:54:58.930] [Render thread/INFO] [zeta/]: Common setup: Performing initial refresh of zeta's config on thread 'Render thread'
[28Mar2026 04:54:58.930] [Render thread/INFO] [zeta/]: 'zeta' is enabling Zeta's piston structure resolver.
[28Mar2026 04:54:58.931] [Render thread/INFO] [zeta/]: zeta's config is now ready to accept filewatcher changes
[28Mar2026 04:54:58.932] [Render thread/INFO] [terrablender/]: Registered region quark:biome_provider to index 2 for type OVERWORLD
[28Mar2026 04:54:58.932] [Render thread/INFO] [quark-zeta/]: Common setup: Performing initial refresh of quark's config on thread 'Render thread'
[28Mar2026 04:54:58.965] [Render thread/INFO] [quark-zeta/]: quark's config is now ready to accept filewatcher changes
[28Mar2026 04:54:58.972] [Forge Version Check/INFO] [net.minecraftforge.fml.VersionChecker/]: [mr_subsurface] Found status: OUTDATED Current: 1.0 Target: 1.0+mod
[28Mar2026 04:54:58.972] [Forge Version Check/INFO] [net.minecraftforge.fml.VersionChecker/]: [copycats] Starting version check at https://raw.githubusercontent.com/copycats-plus/copycats/multiloader/update.json
[28Mar2026 04:54:58.980] [Render thread/INFO] [net.stirdrem.overgeared.OvergearedMod/]: Accessories mod not present - skipping AttributeModifierHandler registration
[28Mar2026 04:54:58.992] [Forge Version Check/INFO] [net.minecraftforge.fml.VersionChecker/]: [copycats] Found status: AHEAD Current: 3.0.7+mc.1.20.1-forge Target: null
[28Mar2026 04:54:58.992] [Forge Version Check/INFO] [net.minecraftforge.fml.VersionChecker/]: [cpm] Starting version check at https://raw.githubusercontent.com/tom5454/CustomPlayerModels/master/version-check.json
[28Mar2026 04:54:59.033] [Worker-Main-7/INFO] [de.keksuccino.konkrete.Konkrete/]: [KONKRETE] Client-side libs ready to use!
[28Mar2026 04:54:59.045] [Worker-Main-6/INFO] [dev.architectury.networking.forge.NetworkManagerImpl/]: Registering S2C receiver with id brewery:alcohol_sync
[28Mar2026 04:54:59.046] [Worker-Main-6/INFO] [dev.architectury.networking.forge.NetworkManagerImpl/]: Registering S2C receiver with id brewery:drink_alcohol
[28Mar2026 04:54:59.047] [Worker-Main-6/INFO] [dev.architectury.networking.forge.NetworkManagerImpl/]: Registering S2C receiver with id brewery:attach_rope
[28Mar2026 04:54:59.047] [Worker-Main-6/INFO] [dev.architectury.networking.forge.NetworkManagerImpl/]: Registering S2C receiver with id brewery:detach_rope
[28Mar2026 04:54:59.047] [Worker-Main-6/INFO] [dev.architectury.networking.forge.NetworkManagerImpl/]: Registering S2C receiver with id brewery:sync_rope
[28Mar2026 04:54:59.047] [Worker-Main-6/INFO] [dev.architectury.networking.forge.NetworkManagerImpl/]: Registering S2C receiver with id brewery:change_hanging_rope
[28Mar2026 04:54:59.070] [Worker-Main-2/INFO] [SpectreLib/]: Registering config screens for mod diet with 2 config(s)
[28Mar2026 04:54:59.148] [Worker-Main-3/INFO] [voicechat/]: [voicechat] Initializing Opus
[28Mar2026 04:54:59.156] [Forge Version Check/INFO] [net.minecraftforge.fml.VersionChecker/]: [cpm] Found status: BETA Current: 0.6.25a Target: 0.6.25a
[28Mar2026 04:54:59.156] [Forge Version Check/INFO] [net.minecraftforge.fml.VersionChecker/]: [caelum] Starting version check at https://raw.githubusercontent.com/Nuparu00/Nuparu-s-Mods-Update-JSONs/main/caelum-update.json
[28Mar2026 04:54:59.192] [Worker-Main-3/INFO] [voicechat/]: [voicechat] Successfully initialized Opus
[28Mar2026 04:54:59.193] [Worker-Main-3/INFO] [voicechat/]: [voicechat] Initializing RNNoise
[28Mar2026 04:54:59.224] [Worker-Main-3/INFO] [voicechat/]: [voicechat] Successfully initialized RNNoise
[28Mar2026 04:54:59.228] [Worker-Main-3/INFO] [voicechat/]: [voicechat] Initializing Speex
[28Mar2026 04:54:59.238] [Worker-Main-3/INFO] [voicechat/]: [voicechat] Successfully initialized Speex
[28Mar2026 04:54:59.259] [Worker-Main-3/INFO] [voicechat/]: [voicechat] Initializing LAME
[28Mar2026 04:54:59.268] [Worker-Main-7/INFO] [CPM/]: Loaded 0 built-in, 0 custom block tags
[28Mar2026 04:54:59.285] [Worker-Main-3/INFO] [voicechat/]: [voicechat] Successfully initialized LAME
[28Mar2026 04:54:59.294] [Forge Version Check/INFO] [net.minecraftforge.fml.VersionChecker/]: [caelum] Found status: UP_TO_DATE Current: 1.20.1-2.0.0.0 Target: null
[28Mar2026 04:54:59.295] [Forge Version Check/INFO] [net.minecraftforge.fml.VersionChecker/]: [forge] Starting version check at https://files.minecraftforge.net/net/minecraftforge/forge/promotions_slim.json
[28Mar2026 04:54:59.425] [Worker-Main-7/INFO] [CPM/]: Loaded 6 built-in, 0 custom item tags
[28Mar2026 04:54:59.494] [Forge Version Check/INFO] [net.minecraftforge.fml.VersionChecker/]: [forge] Found status: UP_TO_DATE Current: 47.4.10 Target: null
[28Mar2026 04:54:59.494] [Forge Version Check/INFO] [net.minecraftforge.fml.VersionChecker/]: [voicechat] Starting version check at https://update.maxhenkel.de/forge/voicechat
[28Mar2026 04:54:59.513] [Worker-Main-2/ERROR] [net.minecraft.client.resources.model.ModelManager/]: Failed to load model luminous_nether:models/custom/popshroomground.json
com.google.gson.JsonSyntaxException: Missing axis, expected to find a string
	at net.minecraft.util.GsonHelper.m_13906_(GsonHelper.java:127) ~[client-1.20.1-20230612.114412-srg.jar%23352!/:?]
	at net.minecraft.client.renderer.block.model.BlockElement$Deserializer.m_111344_(BlockElement.java:119) ~[client-1.20.1-20230612.114412-srg.jar%23352!/:?]
	at net.minecraft.client.renderer.block.model.BlockElement$Deserializer.m_111332_(BlockElement.java:100) ~[client-1.20.1-20230612.114412-srg.jar%23352!/:?]
	at net.minecraft.client.renderer.block.model.BlockElement$Deserializer.deserialize(BlockElement.java:82) ~[client-1.20.1-20230612.114412-srg.jar%23352!/:?]
	at net.minecraft.client.renderer.block.model.BlockElement$Deserializer.deserialize(BlockElement.java:74) ~[client-1.20.1-20230612.114412-srg.jar%23352!/:?]
	at com.google.gson.internal.bind.TreeTypeAdapter.read(TreeTypeAdapter.java:76) ~[gson-2.10.jar%2388!/:?]
	at com.google.gson.Gson.fromJson(Gson.java:1214) ~[gson-2.10.jar%2388!/:?]
	at com.google.gson.Gson.fromJson(Gson.java:1319) ~[gson-2.10.jar%2388!/:?]
	at com.google.gson.Gson.fromJson(Gson.java:1290) ~[gson-2.10.jar%2388!/:?]
	at com.google.gson.internal.bind.TreeTypeAdapter$GsonContextImpl.deserialize(TreeTypeAdapter.java:179) ~[gson-2.10.jar%2388!/:?]
	at net.minecraft.client.renderer.block.model.BlockModel$Deserializer.m_111506_(BlockModel.java:376) ~[client-1.20.1-20230612.114412-srg.jar%23352!/:?]
	at net.minecraft.client.renderer.block.model.BlockModel$Deserializer.deserialize(BlockModel.java:305) ~[client-1.20.1-20230612.114412-srg.jar%23352!/:?]
	at net.minecraftforge.client.model.ExtendedBlockModelDeserializer.deserialize(ExtendedBlockModelDeserializer.java:53) ~[forge-1.20.1-47.4.10-universal.jar%23357!/:?]
	at net.minecraftforge.client.model.ExtendedBlockModelDeserializer.deserialize(ExtendedBlockModelDeserializer.java:38) ~[forge-1.20.1-47.4.10-universal.jar%23357!/:?]
	at com.google.gson.internal.bind.TreeTypeAdapter.read(TreeTypeAdapter.java:76) ~[gson-2.10.jar%2388!/:?]
	at net.minecraft.util.GsonHelper.m_13780_(GsonHelper.java:524) ~[client-1.20.1-20230612.114412-srg.jar%23352!/:?]
	at net.minecraft.util.GsonHelper.m_263475_(GsonHelper.java:531) ~[client-1.20.1-20230612.114412-srg.jar%23352!/:?]
	at net.minecraft.util.GsonHelper.m_13776_(GsonHelper.java:581) ~[client-1.20.1-20230612.114412-srg.jar%23352!/:?]
	at net.minecraft.client.renderer.block.model.BlockModel.m_111461_(BlockModel.java:74) ~[client-1.20.1-20230612.114412-srg.jar%23352!/:?]
	at net.minecraft.client.resources.model.ModelManager.m_246478_(ModelManager.java:110) ~[client-1.20.1-20230612.114412-srg.jar%23352!/:?]
	at java.util.concurrent.CompletableFuture$AsyncSupply.run(CompletableFuture.java:1768) ~[?:?]
	at java.util.concurrent.CompletableFuture$AsyncSupply.exec(CompletableFuture.java:1760) ~[?:?]
	at java.util.concurrent.ForkJoinTask.doExec(ForkJoinTask.java:373) ~[?:?]
	at java.util.concurrent.ForkJoinPool$WorkQueue.topLevelExec(ForkJoinPool.java:1182) ~[?:?]
	at java.util.concurrent.ForkJoinPool.scan(ForkJoinPool.java:1655) ~[?:?]
	at java.util.concurrent.ForkJoinPool.runWorker(ForkJoinPool.java:1622) ~[?:?]
	at java.util.concurrent.ForkJoinWorkerThread.run(ForkJoinWorkerThread.java:165) ~[?:?]
[28Mar2026 04:54:59.522] [Worker-Main-8/ERROR] [net.minecraft.client.resources.model.ModelManager/]: Failed to load model butchery:models/custom/ravager_carcass.json
com.google.gson.JsonParseException: Invalid rotation -90.0 found, only -45/-22.5/0/22.5/45 allowed
	at net.minecraft.client.renderer.block.model.BlockElement$Deserializer.m_111342_(BlockElement.java:112) ~[client-1.20.1-20230612.114412-srg.jar%23352!/:?]
	at net.minecraft.client.renderer.block.model.BlockElement$Deserializer.m_111332_(BlockElement.java:101) ~[client-1.20.1-20230612.114412-srg.jar%23352!/:?]
	at net.minecraft.client.renderer.block.model.BlockElement$Deserializer.deserialize(BlockElement.java:82) ~[client-1.20.1-20230612.114412-srg.jar%23352!/:?]
	at net.minecraft.client.renderer.block.model.BlockElement$Deserializer.deserialize(BlockElement.java:74) ~[client-1.20.1-20230612.114412-srg.jar%23352!/:?]
	at com.google.gson.internal.bind.TreeTypeAdapter.read(TreeTypeAdapter.java:76) ~[gson-2.10.jar%2388!/:?]
	at com.google.gson.Gson.fromJson(Gson.java:1214) ~[gson-2.10.jar%2388!/:?]
	at com.google.gson.Gson.fromJson(Gson.java:1319) ~[gson-2.10.jar%2388!/:?]
	at com.google.gson.Gson.fromJson(Gson.java:1290) ~[gson-2.10.jar%2388!/:?]
	at com.google.gson.internal.bind.TreeTypeAdapter$GsonContextImpl.deserialize(TreeTypeAdapter.java:179) ~[gson-2.10.jar%2388!/:?]
	at net.minecraft.client.renderer.block.model.BlockModel$Deserializer.m_111506_(BlockModel.java:376) ~[client-1.20.1-20230612.114412-srg.jar%23352!/:?]
	at net.minecraft.client.renderer.block.model.BlockModel$Deserializer.deserialize(BlockModel.java:305) ~[client-1.20.1-20230612.114412-srg.jar%23352!/:?]
	at net.minecraftforge.client.model.ExtendedBlockModelDeserializer.deserialize(ExtendedBlockModelDeserializer.java:53) ~[forge-1.20.1-47.4.10-universal.jar%23357!/:?]
	at net.minecraftforge.client.model.ExtendedBlockModelDeserializer.deserialize(ExtendedBlockModelDeserializer.java:38) ~[forge-1.20.1-47.4.10-universal.jar%23357!/:?]
	at com.google.gson.internal.bind.TreeTypeAdapter.read(TreeTypeAdapter.java:76) ~[gson-2.10.jar%2388!/:?]
	at net.minecraft.util.GsonHelper.m_13780_(GsonHelper.java:524) ~[client-1.20.1-20230612.114412-srg.jar%23352!/:?]
	at net.minecraft.util.GsonHelper.m_263475_(GsonHelper.java:531) ~[client-1.20.1-20230612.114412-srg.jar%23352!/:?]
	at net.minecraft.util.GsonHelper.m_13776_(GsonHelper.java:581) ~[client-1.20.1-20230612.114412-srg.jar%23352!/:?]
	at net.minecraft.client.renderer.block.model.BlockModel.m_111461_(BlockModel.java:74) ~[client-1.20.1-20230612.114412-srg.jar%23352!/:?]
	at net.minecraft.client.resources.model.ModelManager.m_246478_(ModelManager.java:110) ~[client-1.20.1-20230612.114412-srg.jar%23352!/:?]
	at java.util.concurrent.CompletableFuture$AsyncSupply.run(CompletableFuture.java:1768) ~[?:?]
	at java.util.concurrent.CompletableFuture$AsyncSupply.exec(CompletableFuture.java:1760) ~[?:?]
	at java.util.concurrent.ForkJoinTask.doExec(ForkJoinTask.java:373) ~[?:?]
	at java.util.concurrent.ForkJoinPool$WorkQueue.topLevelExec(ForkJoinPool.java:1182) ~[?:?]
	at java.util.concurrent.ForkJoinPool.scan(ForkJoinPool.java:1655) ~[?:?]
	at java.util.concurrent.ForkJoinPool.runWorker(ForkJoinPool.java:1622) ~[?:?]
	at java.util.concurrent.ForkJoinWorkerThread.run(ForkJoinWorkerThread.java:165) ~[?:?]
[28Mar2026 04:54:59.544] [Worker-Main-7/INFO] [CPM/]: Loaded 0 built-in, 0 custom entity tags
[28Mar2026 04:54:59.594] [Worker-Main-7/INFO] [CPM/]: Loaded 0 built-in, 0 custom biome tags
[28Mar2026 04:54:59.663] [Forge Version Check/INFO] [net.minecraftforge.fml.VersionChecker/]: [voicechat] Found status: AHEAD Current: 1.20.1-2.6.13 Target: null
[28Mar2026 04:54:59.664] [Forge Version Check/INFO] [net.minecraftforge.fml.VersionChecker/]: [moonlight] Starting version check at https://api.modrinth.com/updates/moonlight/forge_updates.json
[28Mar2026 04:54:59.861] [Forge Version Check/INFO] [net.minecraftforge.fml.VersionChecker/]: [moonlight] Found status: OUTDATED Current: 1.20-2.16.28 Target: 1.20-2.16.28-forge
[28Mar2026 04:54:59.862] [Forge Version Check/INFO] [net.minecraftforge.fml.VersionChecker/]: [ambientenvironment] Starting version check at https://updates.blamejared.com/get?n=AmbientEnvironment&gv=1.20.1
[28Mar2026 04:54:59.967] [Worker-Main-9/ERROR] [net.minecraft.client.renderer.texture.SpriteLoader/]: Image pineapple_delight:item/pineapple_particle size 4,6 is not multiple of frame size 36,10
[28Mar2026 04:54:59.971] [Forge Version Check/INFO] [net.minecraftforge.fml.VersionChecker/]: [ambientenvironment] Found status: BETA Current: 11.0.0.1 Target: 11.0.0.1
[28Mar2026 04:55:00.042] [Worker-Main-8/WARN] [net.minecraft.client.renderer.texture.SpriteLoader/]: Texture herbalistmod:item/blazebud_mixed_cigarette with size 16x15 limits mip level from 4 to 0
[28Mar2026 04:55:00.732] [Worker-Main-5/WARN] [net.minecraft.client.resources.model.ModelBakery/]: Exception loading blockstate definition: 'cold_sweat:blockstates/slush.json' missing model for variant: 'cold_sweat:slush#level=9'
[28Mar2026 04:55:00.732] [Worker-Main-5/WARN] [net.minecraft.client.resources.model.ModelBakery/]: Exception loading blockstate definition: 'cold_sweat:blockstates/slush.json' missing model for variant: 'cold_sweat:slush#level=5'
[28Mar2026 04:55:00.732] [Worker-Main-5/WARN] [net.minecraft.client.resources.model.ModelBakery/]: Exception loading blockstate definition: 'cold_sweat:blockstates/slush.json' missing model for variant: 'cold_sweat:slush#level=6'
[28Mar2026 04:55:00.732] [Worker-Main-5/WARN] [net.minecraft.client.resources.model.ModelBakery/]: Exception loading blockstate definition: 'cold_sweat:blockstates/slush.json' missing model for variant: 'cold_sweat:slush#level=7'
[28Mar2026 04:55:00.732] [Worker-Main-5/WARN] [net.minecraft.client.resources.model.ModelBakery/]: Exception loading blockstate definition: 'cold_sweat:blockstates/slush.json' missing model for variant: 'cold_sweat:slush#level=8'
[28Mar2026 04:55:00.732] [Worker-Main-5/WARN] [net.minecraft.client.resources.model.ModelBakery/]: Exception loading blockstate definition: 'cold_sweat:blockstates/slush.json' missing model for variant: 'cold_sweat:slush#level=1'
[28Mar2026 04:55:00.732] [Worker-Main-5/WARN] [net.minecraft.client.resources.model.ModelBakery/]: Exception loading blockstate definition: 'cold_sweat:blockstates/slush.json' missing model for variant: 'cold_sweat:slush#level=2'
[28Mar2026 04:55:00.732] [Worker-Main-5/WARN] [net.minecraft.client.resources.model.ModelBakery/]: Exception loading blockstate definition: 'cold_sweat:blockstates/slush.json' missing model for variant: 'cold_sweat:slush#level=3'
[28Mar2026 04:55:00.732] [Worker-Main-5/WARN] [net.minecraft.client.resources.model.ModelBakery/]: Exception loading blockstate definition: 'cold_sweat:blockstates/slush.json' missing model for variant: 'cold_sweat:slush#level=4'
[28Mar2026 04:55:00.732] [Worker-Main-5/WARN] [net.minecraft.client.resources.model.ModelBakery/]: Exception loading blockstate definition: 'cold_sweat:blockstates/slush.json' missing model for variant: 'cold_sweat:slush#level=15'
[28Mar2026 04:55:00.732] [Worker-Main-5/WARN] [net.minecraft.client.resources.model.ModelBakery/]: Exception loading blockstate definition: 'cold_sweat:blockstates/slush.json' missing model for variant: 'cold_sweat:slush#level=14'
[28Mar2026 04:55:00.732] [Worker-Main-5/WARN] [net.minecraft.client.resources.model.ModelBakery/]: Exception loading blockstate definition: 'cold_sweat:blockstates/slush.json' missing model for variant: 'cold_sweat:slush#level=0'
[28Mar2026 04:55:00.732] [Worker-Main-5/WARN] [net.minecraft.client.resources.model.ModelBakery/]: Exception loading blockstate definition: 'cold_sweat:blockstates/slush.json' missing model for variant: 'cold_sweat:slush#level=11'
[28Mar2026 04:55:00.732] [Worker-Main-5/WARN] [net.minecraft.client.resources.model.ModelBakery/]: Exception loading blockstate definition: 'cold_sweat:blockstates/slush.json' missing model for variant: 'cold_sweat:slush#level=10'
[28Mar2026 04:55:00.732] [Worker-Main-5/WARN] [net.minecraft.client.resources.model.ModelBakery/]: Exception loading blockstate definition: 'cold_sweat:blockstates/slush.json' missing model for variant: 'cold_sweat:slush#level=13'
[28Mar2026 04:55:00.732] [Worker-Main-5/WARN] [net.minecraft.client.resources.model.ModelBakery/]: Exception loading blockstate definition: 'cold_sweat:blockstates/slush.json' missing model for variant: 'cold_sweat:slush#level=12'
[28Mar2026 04:55:00.734] [Worker-Main-5/WARN] [net.minecraft.client.resources.model.ModelBakery/]: Unable to load model: 'customcrops:crops/stage_0' referenced from: pineapple_delight:pineapple_crop#age=0: java.io.FileNotFoundException: customcrops:models/crops/stage_0.json
[28Mar2026 04:55:00.845] [Worker-Main-5/WARN] [net.minecraft.client.resources.model.ModelBakery/]: Unable to load model: 'minecraft:popshroomjuiceground' referenced from: luminous_nether:popjuice_ground#facing=north: java.io.FileNotFoundException: minecraft:models/popshroomjuiceground.json
[28Mar2026 04:55:02.883] [Worker-Main-5/WARN] [net.minecraft.client.resources.model.ModelBakery/]: Exception loading blockstate definition: 'forestry:blockstates/block_bee_comb_vintage.json' missing model for variant: 'forestry:block_bee_comb_vintage#'
[28Mar2026 04:55:02.889] [Worker-Main-5/WARN] [net.minecraft.client.resources.model.ModelBakery/]: Unable to load model: 'tetra:shootable_dummy#inventory' referenced from: tetra:shootable_dummy#inventory: java.io.FileNotFoundException: tetra:models/item/shootable_dummy.json
[28Mar2026 04:55:03.841] [Render thread/INFO] [mixin/]: fancymenu.mixins.json:client.IMixinRealmsNotificationsScreen from mod fancymenu->@Accessor[FIELD_GETTER]::get_trialAvailable_FancyMenu()Z should be static as its target is
[28Mar2026 04:55:03.841] [Render thread/INFO] [mixin/]: fancymenu.mixins.json:client.IMixinRealmsNotificationsScreen from mod fancymenu->@Accessor[FIELD_GETTER]::get_hasUnreadNews_FancyMenu()Z should be static as its target is
[28Mar2026 04:55:03.841] [Render thread/INFO] [mixin/]: fancymenu.mixins.json:client.IMixinRealmsNotificationsScreen from mod fancymenu->@Accessor[FIELD_GETTER]::get_hasUnseenNotifications()Z should be static as its target is
[28Mar2026 04:55:03.841] [Render thread/INFO] [mixin/]: fancymenu.mixins.json:client.IMixinRealmsNotificationsScreen from mod fancymenu->@Accessor[FIELD_GETTER]::get_validClient_FancyMenu()Z should be static as its target is
[28Mar2026 04:55:03.855] [Render thread/INFO] [mixin/]: Mixing client.MixinChatOptionsScreen from mixins/common/nochatreports.mixins.json into net.minecraft.client.gui.screens.ChatOptionsScreen
[28Mar2026 04:55:03.855] [Render thread/INFO] [mixin/]: Renaming synthetic method lambda$init$0(Lnet/minecraft/client/gui/components/AbstractWidget;)V to mdf95480$nochatreports$lambda$init$0$0 in mixins/common/nochatreports.mixins.json:client.MixinChatOptionsScreen from mod nochatreports
[28Mar2026 04:55:03.896] [Render thread/INFO] [de.keksuccino.fancymenu.customization.layer.ScreenCustomizationLayerHandler/]: [FANCYMENU] ScreenCustomizationLayer registered: pause_screen
[28Mar2026 04:55:03.912] [Render thread/INFO] [mixin/]: Mixing client.MixinRowHelper from mixins/common/nochatreports.mixins.json into net.minecraft.client.gui.layouts.GridLayout$RowHelper
[28Mar2026 04:55:07.391] [Worker-Main-5/WARN] [net.minecraft.client.resources.model.ModelManager/]: Missing textures in model butchery:panda_rug#facing=south:
    minecraft:textures/atlas/blocks.png:butchery:block/sheep_break_particle
[28Mar2026 04:55:07.392] [Worker-Main-5/WARN] [net.minecraft.client.resources.model.ModelManager/]: Missing textures in model pineapple_delight:pineapple#inventory:
    minecraft:textures/atlas/blocks.png:pineapple_delight:crops/pineapple/stage_4
[28Mar2026 04:55:07.392] [Worker-Main-5/WARN] [net.minecraft.client.resources.model.ModelManager/]: Missing textures in model butchery:panda_rug#facing=north:
    minecraft:textures/atlas/blocks.png:butchery:block/sheep_break_particle
[28Mar2026 04:55:07.394] [Worker-Main-5/WARN] [net.minecraft.client.resources.model.ModelManager/]: Missing textures in model butchery:cow_head#facing=east:
    minecraft:textures/atlas/blocks.png:butchery:block/
[28Mar2026 04:55:07.394] [Worker-Main-5/WARN] [net.minecraft.client.resources.model.ModelManager/]: Missing textures in model pineapple_delight:pineapple_crop#age=0:
    minecraft:textures/atlas/blocks.png:customcrops:crops/pineapple/stage_0
[28Mar2026 04:55:07.394] [Worker-Main-5/WARN] [net.minecraft.client.resources.model.ModelManager/]: Missing textures in model butchery:goat_rug#facing=north:
    minecraft:textures/atlas/blocks.png:butchery:block/sheep_break_particle
[28Mar2026 04:55:07.394] [Worker-Main-5/WARN] [net.minecraft.client.resources.model.ModelManager/]: Missing textures in model pineapple_delight:pineapple_crop#age=2:
    minecraft:textures/atlas/blocks.png:customcrops:crops/pineapple/stage_1
[28Mar2026 04:55:07.394] [Worker-Main-5/WARN] [net.minecraft.client.resources.model.ModelManager/]: Missing textures in model butchery:polarbear_rug#facing=north:
    minecraft:textures/atlas/blocks.png:butchery:block/sheep_break_particle
[28Mar2026 04:55:07.394] [Worker-Main-5/WARN] [net.minecraft.client.resources.model.ModelManager/]: Missing textures in model butchery:panda_rug#facing=east:
    minecraft:textures/atlas/blocks.png:butchery:block/sheep_break_particle
[28Mar2026 04:55:07.394] [Worker-Main-5/WARN] [net.minecraft.client.resources.model.ModelManager/]: Missing textures in model butchery:goat_rug#inventory:
    minecraft:textures/atlas/blocks.png:butchery:block/sheep_break_particle
[28Mar2026 04:55:07.394] [Worker-Main-5/WARN] [net.minecraft.client.resources.model.ModelManager/]: Missing textures in model butchery:basin#blockstate=7,facing=north:
    minecraft:textures/atlas/blocks.png:butchery:block/
[28Mar2026 04:55:07.394] [Worker-Main-5/WARN] [net.minecraft.client.resources.model.ModelManager/]: Missing textures in model butchery:cow_head#facing=north:
    minecraft:textures/atlas/blocks.png:butchery:block/
[28Mar2026 04:55:07.394] [Worker-Main-5/WARN] [net.minecraft.client.resources.model.ModelManager/]: Missing textures in model pineapple_delight:pineapple_crop#age=7:
    minecraft:textures/atlas/blocks.png:customcrops:crops/pineapple/stage_4
[28Mar2026 04:55:07.394] [Worker-Main-5/WARN] [net.minecraft.client.resources.model.ModelManager/]: Missing textures in model butchery:basin#blockstate=7,facing=west:
    minecraft:textures/atlas/blocks.png:butchery:block/
[28Mar2026 04:55:07.394] [Worker-Main-5/WARN] [net.minecraft.client.resources.model.ModelManager/]: Missing textures in model pineapple_delight:pineapple_crop#age=4:
    minecraft:textures/atlas/blocks.png:customcrops:crops/pineapple/stage_2
[28Mar2026 04:55:07.394] [Worker-Main-5/WARN] [net.minecraft.client.resources.model.ModelManager/]: Missing textures in model pineapple_delight:pineapple_crop#age=6:
    minecraft:textures/atlas/blocks.png:customcrops:crops/pineapple/stage_3
[28Mar2026 04:55:07.394] [Worker-Main-5/WARN] [net.minecraft.client.resources.model.ModelManager/]: Missing textures in model butchery:goat_rug#facing=south:
    minecraft:textures/atlas/blocks.png:butchery:block/sheep_break_particle
[28Mar2026 04:55:07.394] [Worker-Main-5/WARN] [net.minecraft.client.resources.model.ModelManager/]: Missing textures in model butchery:polarbear_rug#facing=east:
    minecraft:textures/atlas/blocks.png:butchery:block/sheep_break_particle
[28Mar2026 04:55:07.394] [Worker-Main-5/WARN] [net.minecraft.client.resources.model.ModelManager/]: Missing textures in model butchery:panda_rug#inventory:
    minecraft:textures/atlas/blocks.png:butchery:block/sheep_break_particle
[28Mar2026 04:55:07.394] [Worker-Main-5/WARN] [net.minecraft.client.resources.model.ModelManager/]: Missing textures in model butchery:cow_head#facing=west:
    minecraft:textures/atlas/blocks.png:butchery:block/
[28Mar2026 04:55:07.394] [Worker-Main-5/WARN] [net.minecraft.client.resources.model.ModelManager/]: Missing textures in model butchery:polarbear_rug#facing=west:
    minecraft:textures/atlas/blocks.png:butchery:block/sheep_break_particle
[28Mar2026 04:55:07.394] [Worker-Main-5/WARN] [net.minecraft.client.resources.model.ModelManager/]: Missing textures in model butchery:bone_barrel#facing=west:
    minecraft:textures/atlas/blocks.png:butchery:block/cow_break_particle
[28Mar2026 04:55:07.394] [Worker-Main-5/WARN] [net.minecraft.client.resources.model.ModelManager/]: Missing textures in model butchery:bone_barrel#facing=north:
    minecraft:textures/atlas/blocks.png:butchery:block/cow_break_particle
[28Mar2026 04:55:07.394] [Worker-Main-5/WARN] [net.minecraft.client.resources.model.ModelManager/]: Missing textures in model butchery:bone_barrel#facing=south:
    minecraft:textures/atlas/blocks.png:butchery:block/cow_break_particle
[28Mar2026 04:55:07.394] [Worker-Main-5/WARN] [net.minecraft.client.resources.model.ModelManager/]: Missing textures in model butchery:bone_barrel#facing=east:
    minecraft:textures/atlas/blocks.png:butchery:block/cow_break_particle
[28Mar2026 04:55:07.394] [Worker-Main-5/WARN] [net.minecraft.client.resources.model.ModelManager/]: Missing textures in model butchery:basin#blockstate=7,facing=east:
    minecraft:textures/atlas/blocks.png:butchery:block/
[28Mar2026 04:55:07.394] [Worker-Main-5/WARN] [net.minecraft.client.resources.model.ModelManager/]: Missing textures in model butchery:panda_rug#facing=west:
    minecraft:textures/atlas/blocks.png:butchery:block/sheep_break_particle
[28Mar2026 04:55:07.394] [Worker-Main-5/WARN] [net.minecraft.client.resources.model.ModelManager/]: Missing textures in model butchery:cow_head#inventory:
    minecraft:textures/atlas/blocks.png:butchery:block/
[28Mar2026 04:55:07.394] [Worker-Main-5/WARN] [net.minecraft.client.resources.model.ModelManager/]: Missing textures in model butchery:polarbear_rug#inventory:
    minecraft:textures/atlas/blocks.png:butchery:block/sheep_break_particle
[28Mar2026 04:55:07.394] [Worker-Main-5/WARN] [net.minecraft.client.resources.model.ModelManager/]: Missing textures in model butchery:bone_barrel#inventory:
    minecraft:textures/atlas/blocks.png:butchery:block/cow_break_particle
[28Mar2026 04:55:07.394] [Worker-Main-5/WARN] [net.minecraft.client.resources.model.ModelManager/]: Missing textures in model butchery:polarbear_rug#facing=south:
    minecraft:textures/atlas/blocks.png:butchery:block/sheep_break_particle
[28Mar2026 04:55:07.394] [Worker-Main-5/WARN] [net.minecraft.client.resources.model.ModelManager/]: Missing textures in model butchery:goat_rug#facing=east:
    minecraft:textures/atlas/blocks.png:butchery:block/sheep_break_particle
[28Mar2026 04:55:07.394] [Worker-Main-5/WARN] [net.minecraft.client.resources.model.ModelManager/]: Missing textures in model butchery:basin#blockstate=7,facing=south:
    minecraft:textures/atlas/blocks.png:butchery:block/
[28Mar2026 04:55:07.395] [Worker-Main-5/WARN] [net.minecraft.client.resources.model.ModelManager/]: Missing textures in model butchery:cow_head#facing=south:
    minecraft:textures/atlas/blocks.png:butchery:block/
[28Mar2026 04:55:07.395] [Worker-Main-5/WARN] [net.minecraft.client.resources.model.ModelManager/]: Missing textures in model butchery:goat_rug#facing=west:
    minecraft:textures/atlas/blocks.png:butchery:block/sheep_break_particle
[28Mar2026 04:55:07.899] [Worker-Main-5/INFO] [com.github.alexmodguy.alexscaves.AlexsCaves/]: Loaded emissive block models in 446 ms
[28Mar2026 04:55:08.789] [Worker-Main-7/INFO] [CPM/]: Customizable Player Models API initialized: Loaded plugins: (1)
	cpmsvcc

[28Mar2026 04:55:08.794] [Worker-Main-7/INFO] [CPM-SVC Compat/]: CPM Plugin initialized!
[28Mar2026 04:55:08.820] [Worker-Main-8/WARN] [mcqoy/]: [McQoy] Failed to match config antique-atlas to any loaded mod
[28Mar2026 04:55:08.821] [Worker-Main-8/INFO] [mcqoy/]: [McQoy] Matched config mcqoy to "Barebones McQoy" (mcqoy)
[28Mar2026 04:55:08.822] [Worker-Main-8/INFO] [mcqoy/]: [McQoy] Matched config surveyor to "Surveyor Map Framework" (surveyor)
[28Mar2026 04:55:08.891] [Worker-Main-6/INFO] [PonderIndex/]: Registering Ponder Scenes took 74.37 ms
[28Mar2026 04:55:08.896] [Worker-Main-6/INFO] [PonderIndex/]: Registering Ponder Tags took 4.694 ms
[28Mar2026 04:55:09.033] [Render thread/INFO] [citadel/]: adding citadel surface rules via terrablender...
[28Mar2026 04:55:09.034] [Render thread/INFO] [citadel/]: Added 0 vanilla biome surface rule types via terrablender
[28Mar2026 04:55:09.034] [Render thread/INFO] [citadel/]: Added 1 modded biome surface rule types via terrablender
[28Mar2026 04:55:15.174] [Render thread/INFO] [net.minecraft.client.Options/]: Added resource packs: []
[28Mar2026 04:55:15.997] [Render thread/WARN] [net.minecraft.client.sounds.SoundEngine/]: Missing sound for event: minecraft:item.goat_horn.play
[28Mar2026 04:55:15.997] [Render thread/WARN] [net.minecraft.client.sounds.SoundEngine/]: Missing sound for event: minecraft:entity.goat.screaming.horn_break
[28Mar2026 04:55:15.997] [Render thread/WARN] [net.minecraft.client.sounds.SoundEngine/]: Missing sound for event: aether:entity.sentry.ambient
[28Mar2026 04:55:15.998] [Render thread/WARN] [net.minecraft.client.sounds.SoundEngine/]: Missing sound for event: deep_aether:entity.eots.death
[28Mar2026 04:55:15.998] [Render thread/WARN] [net.minecraft.client.sounds.SoundEngine/]: Missing sound for event: deep_aether:entity.eots.ambient
[28Mar2026 04:55:15.998] [Render thread/WARN] [net.minecraft.client.sounds.SoundEngine/]: Missing sound for event: deep_aether:item.armor.equip_floaty_scarf
[28Mar2026 04:55:15.998] [Render thread/WARN] [net.minecraft.client.sounds.SoundEngine/]: Missing sound for event: alexscaves:abyssal_chasm_ambience_mood
[28Mar2026 04:55:15.998] [Render thread/WARN] [net.minecraft.client.sounds.SoundEngine/]: Missing sound for event: alexscaves:luxtructosaurus_breath
[28Mar2026 04:55:16.057] [Render thread/INFO] [com.mojang.blaze3d.audio.Library/]: OpenAL initialized on device CoreAudio Default
[28Mar2026 04:55:16.059] [Render thread/INFO] [net.minecraft.client.sounds.SoundEngine/SOUNDS]: Sound engine started
[28Mar2026 04:55:16.062] [Render thread/INFO] [net.minecraft.client.sounds.SoundEngine/]: [FANCYMENU] Reloading AudioResourceHandler after Minecraft SoundEngine reload..
[28Mar2026 04:55:16.164] [Render thread/INFO] [net.minecraft.client.renderer.texture.TextureAtlas/]: Created: 4096x4096x4 minecraft:textures/atlas/blocks.png-atlas
[28Mar2026 04:55:16.322] [Render thread/INFO] [net.minecraft.client.renderer.texture.TextureAtlas/]: Created: 1024x512x4 minecraft:textures/atlas/signs.png-atlas
[28Mar2026 04:55:16.324] [Render thread/INFO] [net.minecraft.client.renderer.texture.TextureAtlas/]: Created: 512x512x4 minecraft:textures/atlas/banner_patterns.png-atlas
[28Mar2026 04:55:16.325] [Render thread/INFO] [net.minecraft.client.renderer.texture.TextureAtlas/]: Created: 512x512x4 minecraft:textures/atlas/shield_patterns.png-atlas
[28Mar2026 04:55:16.326] [Render thread/INFO] [net.minecraft.client.renderer.texture.TextureAtlas/]: Created: 2048x2048x4 minecraft:textures/atlas/armor_trims.png-atlas
[28Mar2026 04:55:16.349] [Render thread/INFO] [net.minecraft.client.renderer.texture.TextureAtlas/]: Created: 1024x1024x4 minecraft:textures/atlas/chest.png-atlas
[28Mar2026 04:55:16.353] [Render thread/INFO] [net.minecraft.client.renderer.texture.TextureAtlas/]: Created: 128x64x4 minecraft:textures/atlas/decorated_pot.png-atlas
[28Mar2026 04:55:16.354] [Render thread/INFO] [net.minecraft.client.renderer.texture.TextureAtlas/]: Created: 512x256x4 minecraft:textures/atlas/beds.png-atlas
[28Mar2026 04:55:16.355] [Render thread/INFO] [net.minecraft.client.renderer.texture.TextureAtlas/]: Created: 512x256x4 minecraft:textures/atlas/shulker_boxes.png-atlas
[28Mar2026 04:55:16.837] [Render thread/WARN] [net.minecraft.client.renderer.ShaderInstance/]: Shader rendertype_entity_translucent_emissive could not find sampler named Sampler2 in the specified shader program.
[28Mar2026 04:55:16.923] [Render thread/WARN] [net.minecraft.client.renderer.ShaderInstance/]: Shader alexscaves:rendertype_red_ghost could not find sampler named Sampler2 in the specified shader program.
[28Mar2026 04:55:16.925] [Render thread/INFO] [com.github.alexmodguy.alexscaves.AlexsCaves/]: registered internal shaders
[28Mar2026 04:55:16.960] [Render thread/WARN] [net.minecraft.client.renderer.EffectInstance/]: Shader bumpy could not find uniform named OutSize in the specified shader program.
[28Mar2026 04:55:16.967] [Render thread/INFO] [net.minecraft.client.renderer.texture.TextureAtlas/]: Created: 2048x2048x0 minecraft:textures/atlas/particles.png-atlas
[28Mar2026 04:55:16.978] [Render thread/INFO] [net.minecraft.client.renderer.texture.TextureAtlas/]: Created: 1024x1024x0 minecraft:textures/atlas/paintings.png-atlas
[28Mar2026 04:55:16.980] [Render thread/INFO] [net.minecraft.client.renderer.texture.TextureAtlas/]: Created: 1024x512x0 minecraft:textures/atlas/mob_effects.png-atlas
[28Mar2026 04:55:17.023] [Render thread/INFO] [se.mickelus.tetra.gui.stats.data.StatIndicatorStore/]: Loaded 2 stat indicators
[28Mar2026 04:55:17.063] [Render thread/INFO] [se.mickelus.tetra.gui.stats.data.StatBarStore/]: Loaded 17 stat bars
[28Mar2026 04:55:17.100] [Render thread/INFO] [se.mickelus.tetra.gui.stats.data.StatSorterStore/]: Loaded 1 stat sorters
[28Mar2026 04:55:17.140] [Render thread/INFO] [se.mickelus.tetra.items.modular.impl.holo.gui.craft.HolosphereEntryStore/]: Loaded 7 holosphere entries
[28Mar2026 04:55:17.180] [Render thread/INFO] [se.mickelus.tetra.client.ToolActionIconStore/]: Loaded 7 tool action icons
[28Mar2026 04:55:17.257] [Render thread/INFO] [patchouli/]: BookContentResourceListenerLoader preloaded 514 jsons
[28Mar2026 04:55:17.257] [Render thread/INFO] [net.minecraft.client.renderer.texture.TextureAtlas/]: Created: 256x256x0 jei:textures/atlas/gui.png-atlas
[28Mar2026 04:55:17.312] [Render thread/INFO] [net.minecraft.client.renderer.texture.TextureAtlas/]: Created: 256x256x0 moonlight:textures/atlas/map_markers.png-atlas
[28Mar2026 04:55:17.371] [Render thread/INFO] [flywheel/backend/shaders/]: Loaded 77 shader sources in 52.173 ms
[28Mar2026 04:55:17.441] [Render thread/INFO] [com.simibubi.create.Create/]: Loaded 57 train hat configurations.
[28Mar2026 04:55:17.444] [Render thread/INFO] [net.minecraft.client.renderer.texture.TextureAtlas/]: Created: 256x128x0 forestry:textures/atlas/gui.png-atlas
[28Mar2026 04:55:17.445] [Render thread/INFO] [de.keksuccino.fancymenu.util.resource.ResourceHandlers/]: [FANCYMENU] Reloading resources..
[28Mar2026 04:55:17.447] [Render thread/INFO] [de.keksuccino.fancymenu.util.resource.preload.ResourcePreLoader/]: [FANCYMENU] Pre-loading resources..
[28Mar2026 04:55:17.447] [Render thread/INFO] [Antique Atlas/]: [Antique Atlas] Reloading Tile Textures...
[28Mar2026 04:55:17.474] [Render thread/INFO] [Antique Atlas/]: [Antique Atlas] Reloading Biome Tile Providers...
[28Mar2026 04:55:17.481] [Render thread/INFO] [Antique Atlas/]: [Antique Atlas] Reloading Marker Textures...
[28Mar2026 04:55:17.483] [Render thread/INFO] [Antique Atlas/]: [Antique Atlas] Reloading Structure Tile / Marker Providers...
[28Mar2026 04:55:17.500] [Render thread/WARN] [flywheel/]: Flywheel backend fell back from 'flywheel:indirect' to 'flywheel:instancing'
[28Mar2026 04:55:17.504] [Render thread/INFO] [de.keksuccino.fancymenu.customization.layer.ScreenCustomizationLayerHandler/]: [FANCYMENU] Minecraft resource reload: FINISHED
[28Mar2026 04:55:17.537] [Render thread/INFO] [de.keksuccino.fancymenu.customization.layer.ScreenCustomizationLayerHandler/]: [FANCYMENU] ScreenCustomizationLayer registered: title_screen
[28Mar2026 04:55:17.613] [Render thread/INFO] [Embeddium/]: Block minecraft:large_fern had its color provider replaced and will not use per-vertex coloring
[28Mar2026 04:55:17.614] [Render thread/INFO] [Embeddium/]: Block minecraft:tall_grass had its color provider replaced and will not use per-vertex coloring
[28Mar2026 04:55:17.614] [Render thread/INFO] [Embeddium/]: Block minecraft:grass_block had its color provider replaced and will not use per-vertex coloring
[28Mar2026 04:55:17.614] [Render thread/INFO] [Embeddium/]: Block minecraft:fern had its color provider replaced and will not use per-vertex coloring
[28Mar2026 04:55:17.614] [Render thread/INFO] [Embeddium/]: Block minecraft:grass had its color provider replaced and will not use per-vertex coloring
[28Mar2026 04:55:17.614] [Render thread/INFO] [Embeddium/]: Block minecraft:potted_fern had its color provider replaced and will not use per-vertex coloring
[28Mar2026 04:55:17.614] [Render thread/INFO] [Embeddium/]: Block minecraft:sugar_cane had its color provider replaced and will not use per-vertex coloring
[28Mar2026 04:55:17.614] [Render thread/INFO] [Embeddium/]: Block minecraft:spruce_leaves had its color provider replaced and will not use per-vertex coloring
[28Mar2026 04:55:17.614] [Render thread/INFO] [Embeddium/]: Block minecraft:birch_leaves had its color provider replaced and will not use per-vertex coloring
[28Mar2026 04:55:17.614] [Render thread/INFO] [Embeddium/]: Block minecraft:oak_leaves had its color provider replaced and will not use per-vertex coloring
[28Mar2026 04:55:17.614] [Render thread/INFO] [Embeddium/]: Block minecraft:jungle_leaves had its color provider replaced and will not use per-vertex coloring
[28Mar2026 04:55:17.614] [Render thread/INFO] [Embeddium/]: Block minecraft:acacia_leaves had its color provider replaced and will not use per-vertex coloring
[28Mar2026 04:55:17.614] [Render thread/INFO] [Embeddium/]: Block minecraft:dark_oak_leaves had its color provider replaced and will not use per-vertex coloring
[28Mar2026 04:55:17.614] [Render thread/INFO] [Embeddium/]: Block minecraft:vine had its color provider replaced and will not use per-vertex coloring
[28Mar2026 04:55:30.715] [Render thread/INFO] [de.keksuccino.fancymenu.customization.layer.ScreenCustomizationLayerHandler/]: [FANCYMENU] ScreenCustomizationLayer registered: select_world_screen
[28Mar2026 04:55:31.866] [Render thread/INFO] [de.keksuccino.fancymenu.customization.layer.ScreenCustomizationLayerHandler/]: [FANCYMENU] ScreenCustomizationLayer registered: generic_dirt_message_screen
[28Mar2026 04:55:32.037] [Render thread/INFO] [com.simibubi.create.Create/]: Created 1073 recipes which will be injected into the game
[28Mar2026 04:55:32.045] [Render thread/INFO] [com.simibubi.create.Create/]: Created 188 tags which will be injected into the game
[28Mar2026 04:55:32.099] [Render thread/INFO] [net.minecraft.server.MinecraftServer/]: Found new data pack builtin/aether_accessories, loading it automatically
[28Mar2026 04:55:32.099] [Render thread/INFO] [net.minecraft.server.MinecraftServer/]: Found new data pack builtin/server/aether_lost_content_not_compat, loading it automatically
[28Mar2026 04:55:32.099] [Render thread/INFO] [net.minecraft.server.MinecraftServer/]: Found new data pack create:dynamic_data, loading it automatically
[28Mar2026 04:55:32.099] [Render thread/INFO] [net.minecraft.server.MinecraftServer/]: Found new data pack fabric, loading it automatically
[28Mar2026 04:55:32.099] [Render thread/INFO] [net.minecraft.server.MinecraftServer/]: Found new data pack minecraft_bricks, loading it automatically
[28Mar2026 04:55:32.124] [Render thread/INFO] [Moonlight/]: Starting runtime resource generation for pack type SERVER_DATA with generators from mods [moonlight]: []
[28Mar2026 04:55:32.124] [Render thread/INFO] [Moonlight/]: Finished runtime resources generation for 1 packs in a total of 0 ms
[28Mar2026 04:55:32.651] [Render thread/INFO] [Cold Sweat/]: Skipping registration of cold_sweat:item/insulator cold_sweat:cold_sweat/item/insulator/ad_astra/jet_suit/jet_suit.json: required mods not met
[28Mar2026 04:55:32.651] [Render thread/INFO] [Cold Sweat/]: Skipping registration of cold_sweat:item/insulator cold_sweat:cold_sweat/item/insulator/ad_astra/jet_suit/jet_suit_boots.json: required mods not met
[28Mar2026 04:55:32.652] [Render thread/INFO] [Cold Sweat/]: Skipping registration of cold_sweat:item/insulator cold_sweat:cold_sweat/item/insulator/ad_astra/jet_suit/jet_suit_helmet.json: required mods not met
[28Mar2026 04:55:32.652] [Render thread/INFO] [Cold Sweat/]: Skipping registration of cold_sweat:item/insulator cold_sweat:cold_sweat/item/insulator/ad_astra/jet_suit/jet_suit_pants.json: required mods not met
[28Mar2026 04:55:32.652] [Render thread/INFO] [Cold Sweat/]: Skipping registration of cold_sweat:item/insulator cold_sweat:cold_sweat/item/insulator/ad_astra/netherite_space_suit/netherite_space_boots.json: required mods not met
[28Mar2026 04:55:32.652] [Render thread/INFO] [Cold Sweat/]: Skipping registration of cold_sweat:item/insulator cold_sweat:cold_sweat/item/insulator/ad_astra/netherite_space_suit/netherite_space_helmet.json: required mods not met
[28Mar2026 04:55:32.652] [Render thread/INFO] [Cold Sweat/]: Skipping registration of cold_sweat:item/insulator cold_sweat:cold_sweat/item/insulator/ad_astra/netherite_space_suit/netherite_space_pants.json: required mods not met
[28Mar2026 04:55:32.652] [Render thread/INFO] [Cold Sweat/]: Skipping registration of cold_sweat:item/insulator cold_sweat:cold_sweat/item/insulator/ad_astra/netherite_space_suit/netherite_space_suit.json: required mods not met
[28Mar2026 04:55:32.652] [Render thread/INFO] [Cold Sweat/]: Skipping registration of cold_sweat:item/insulator cold_sweat:cold_sweat/item/insulator/ad_astra/space_suit/space_boots.json: required mods not met
[28Mar2026 04:55:32.652] [Render thread/INFO] [Cold Sweat/]: Skipping registration of cold_sweat:item/insulator cold_sweat:cold_sweat/item/insulator/ad_astra/space_suit/space_helmet.json: required mods not met
[28Mar2026 04:55:32.652] [Render thread/INFO] [Cold Sweat/]: Skipping registration of cold_sweat:item/insulator cold_sweat:cold_sweat/item/insulator/ad_astra/space_suit/space_pants.json: required mods not met
[28Mar2026 04:55:32.652] [Render thread/INFO] [Cold Sweat/]: Skipping registration of cold_sweat:item/insulator cold_sweat:cold_sweat/item/insulator/ad_astra/space_suit/space_suit.json: required mods not met
[28Mar2026 04:55:32.652] [Render thread/INFO] [Cold Sweat/]: Skipping registration of cold_sweat:item/insulator cold_sweat:cold_sweat/item/insulator/aquamirae/three_bolt_boots.json: required mods not met
[28Mar2026 04:55:32.652] [Render thread/INFO] [Cold Sweat/]: Skipping registration of cold_sweat:item/insulator cold_sweat:cold_sweat/item/insulator/aquamirae/three_bolt_helmet.json: required mods not met
[28Mar2026 04:55:32.652] [Render thread/INFO] [Cold Sweat/]: Skipping registration of cold_sweat:item/insulator cold_sweat:cold_sweat/item/insulator/aquamirae/three_bolt_leggings.json: required mods not met
[28Mar2026 04:55:32.652] [Render thread/INFO] [Cold Sweat/]: Skipping registration of cold_sweat:item/insulator cold_sweat:cold_sweat/item/insulator/aquamirae/three_bolt_suit.json: required mods not met
[28Mar2026 04:55:32.655] [Render thread/INFO] [Cold Sweat/]: Skipping registration of cold_sweat:item/insulator cold_sweat:cold_sweat/item/insulator/create_sa/netherite_jetpack_chestplate.json: required mods not met
[28Mar2026 04:55:32.655] [Render thread/INFO] [Cold Sweat/]: Skipping registration of cold_sweat:item/insulator cold_sweat:cold_sweat/item/insulator/irons_spells/fireward_ring.json: required mods not met
[28Mar2026 04:55:32.655] [Render thread/INFO] [Cold Sweat/]: Skipping registration of cold_sweat:item/insulator cold_sweat:cold_sweat/item/insulator/irons_spells/frostward_ring.json: required mods not met
[28Mar2026 04:55:32.661] [Render thread/INFO] [Cold Sweat/]: Skipping registration of cold_sweat:entity/entity_temp cold_sweat:cold_sweat/entity/entity_temp/boatload/furnace_boat.json: required mods not met
[28Mar2026 04:55:32.662] [Render thread/INFO] [Cold Sweat/]: Skipping registration of cold_sweat:entity/entity_temp cold_sweat:cold_sweat/entity/entity_temp/soul_fire_d/on_normal_fire.json: required mods not met
[28Mar2026 04:55:32.662] [Render thread/INFO] [Cold Sweat/]: Skipping registration of cold_sweat:entity/entity_temp cold_sweat:cold_sweat/entity/entity_temp/soul_fire_d/on_soul_fire.json: required mods not met
[28Mar2026 04:55:32.665] [Render thread/INFO] [Cold Sweat/]: Skipping registration of cold_sweat:world/dimension_temp cold_sweat:cold_sweat/world/dimension_temp/adastra/glacio.json: required mods not met
[28Mar2026 04:55:32.665] [Render thread/INFO] [Cold Sweat/]: Skipping registration of cold_sweat:world/dimension_temp cold_sweat:cold_sweat/world/dimension_temp/adastra/mars.json: required mods not met
[28Mar2026 04:55:32.665] [Render thread/INFO] [Cold Sweat/]: Skipping registration of cold_sweat:world/dimension_temp cold_sweat:cold_sweat/world/dimension_temp/adastra/mercury.json: required mods not met
[28Mar2026 04:55:32.665] [Render thread/INFO] [Cold Sweat/]: Skipping registration of cold_sweat:world/dimension_temp cold_sweat:cold_sweat/world/dimension_temp/adastra/moon.json: required mods not met
[28Mar2026 04:55:32.665] [Render thread/INFO] [Cold Sweat/]: Skipping registration of cold_sweat:world/dimension_temp cold_sweat:cold_sweat/world/dimension_temp/adastra/orbit.json: required mods not met
[28Mar2026 04:55:32.665] [Render thread/INFO] [Cold Sweat/]: Skipping registration of cold_sweat:world/dimension_temp cold_sweat:cold_sweat/world/dimension_temp/adastra/venus.json: required mods not met
[28Mar2026 04:55:32.871] [Render thread/INFO] [Vinery/]: Registered /wine command
[28Mar2026 04:55:33.118] [Worker-Main-5/ERROR] [net.minecraft.Util/]: Invalid path in pack: ltc2:recipes/milling/compat/ crockpot/pepper_red_powder.json, ignoring
[28Mar2026 04:55:33.124] [Worker-Main-6/ERROR] [net.minecraft.Util/]: Invalid path in pack: ltc2:recipes/milling/compat/ crockpot/pepper_red_powder.json, ignoring
[28Mar2026 04:55:33.215] [Worker-Main-3/ERROR] [net.minecraft.tags.TagLoader/]: Couldn't load tag compat_farmersdelight:corn as it is missing following references: hauntedharvest:corn (from Compat_FarmersDelight.jar)
[28Mar2026 04:55:33.215] [Worker-Main-3/ERROR] [net.minecraft.tags.TagLoader/]: Couldn't load tag dungeonsdelight:cleavers as it is missing following references: ltc2:hotaurum_cleaver (from latiaocraft2-forge-1.20.1-1.3.0.jar)
[28Mar2026 04:55:33.215] [Worker-Main-3/ERROR] [net.minecraft.tags.TagLoader/]: Couldn't load tag forge:crops/corn as it is missing following references: culturaldelights:corn_cob (from Compat_FarmersDelight.jar), 
	hauntedharvest:corn (from Compat_FarmersDelight.jar)
[28Mar2026 04:55:33.215] [Worker-Main-3/ERROR] [net.minecraft.tags.TagLoader/]: Couldn't load tag forge:crops as it is missing following references: #forge:crops/corn (from letsdo-farm_and_charm-forge-1.0.14.jar), 
	#forge:crops/corn (from letsdo-farm_and_charm-forge-1.0.14.jar)
[28Mar2026 04:55:33.215] [Worker-Main-3/ERROR] [net.minecraft.tags.TagLoader/]: Couldn't load tag c:crops as it is missing following references: #forge:crops (from connector)
[28Mar2026 04:55:33.215] [Worker-Main-3/ERROR] [net.minecraft.tags.TagLoader/]: Couldn't load tag farm_and_charm:crops as it is missing following references: #c:crops (from letsdo-farm_and_charm-forge-1.0.14.jar), 
	#forge:crops (from letsdo-farm_and_charm-forge-1.0.14.jar)
[28Mar2026 04:55:33.216] [Worker-Main-3/ERROR] [net.minecraft.tags.TagLoader/]: Couldn't load tag dungeonsdelight:monster_foods as it is missing following references: ltc2:wardenzola_latiao (from latiaocraft2-forge-1.20.1-1.3.0.jar), 
	ltc2:sanguinary_doria (from latiaocraft2-forge-1.20.1-1.3.0.jar)
[28Mar2026 04:55:33.223] [Worker-Main-3/ERROR] [net.minecraft.tags.TagLoader/]: Couldn't load tag dungeonsdelight:sculk_foods as it is missing following references: ltc2:wardenzola_latiao (from latiaocraft2-forge-1.20.1-1.3.0.jar)
[28Mar2026 04:55:33.223] [Worker-Main-3/ERROR] [net.minecraft.tags.TagLoader/]: Couldn't load tag compat_farmersdelight:eggs as it is missing following references: naturalist:duck_egg (from Compat_FarmersDelight.jar)
[28Mar2026 04:55:33.227] [Worker-Main-3/ERROR] [net.minecraft.tags.TagLoader/]: Couldn't load tag forestry:backpack/allow/forester as it is missing following references: #forge:crops (from forestry-1.20.1-2.10.2.jar)
[28Mar2026 04:55:33.228] [Worker-Main-3/ERROR] [net.minecraft.tags.TagLoader/]: Couldn't load tag c:crops/corn as it is missing following references: #forge:crops/corn (from connector)
[28Mar2026 04:55:33.228] [Worker-Main-3/ERROR] [net.minecraft.tags.TagLoader/]: Couldn't load tag farm_and_charm:corn as it is missing following references: #c:crops/corn (from letsdo-farm_and_charm-forge-1.0.14.jar), 
	#forge:crops/corn (from letsdo-farm_and_charm-forge-1.0.14.jar)
[28Mar2026 04:55:33.229] [Worker-Main-3/ERROR] [net.minecraft.tags.TagLoader/]: Couldn't load tag culturaldelights:cucumbers as it is missing following references: culturaldelights:cucumber (from Compat_FarmersDelight.jar), 
	culturaldelights:cut_cucumber (from Compat_FarmersDelight.jar), 
	vintagedelight:cucumber (from Compat_FarmersDelight.jar)
[28Mar2026 04:55:33.572] [Worker-Main-8/ERROR] [net.minecraftforge.common.ForgeHooks/]: Couldn't parse element loot_tables:butchery:blocks/fd_chicken_cut_1_drop
com.google.gson.JsonSyntaxException: Expected name to be an item, was unknown string 'butchery:chicken_foot'
	at net.minecraft.util.GsonHelper.m_13866_(GsonHelper.java:145) ~[client-1.20.1-20230612.114412-srg.jar%23352!/:?]
	at java.util.Optional.orElseThrow(Optional.java:403) ~[?:?]
	at net.minecraft.util.GsonHelper.m_13874_(GsonHelper.java:145) ~[client-1.20.1-20230612.114412-srg.jar%23352!/:?]
	at net.minecraft.util.GsonHelper.m_13909_(GsonHelper.java:153) ~[client-1.20.1-20230612.114412-srg.jar%23352!/:?]
	at net.minecraft.world.level.storage.loot.entries.LootItem$Serializer.m_7267_(LootItem.java:55) ~[client-1.20.1-20230612.114412-srg.jar%23352!/:?]
	at net.minecraft.world.level.storage.loot.entries.LootItem$Serializer.m_7267_(LootItem.java:40) ~[client-1.20.1-20230612.114412-srg.jar%23352!/:?]
	at net.minecraft.world.level.storage.loot.entries.LootPoolSingletonContainer$Serializer.m_5921_(LootPoolSingletonContainer.java:151) ~[client-1.20.1-20230612.114412-srg.jar%23352!/:?]
	at net.minecraft.world.level.storage.loot.entries.LootPoolSingletonContainer$Serializer.m_5921_(LootPoolSingletonContainer.java:129) ~[client-1.20.1-20230612.114412-srg.jar%23352!/:?]
	at net.minecraft.world.level.storage.loot.entries.LootPoolEntryContainer$Serializer.m_7561_(LootPoolEntryContainer.java:86) ~[client-1.20.1-20230612.114412-srg.jar%23352!/:?]
	at net.minecraft.world.level.storage.loot.entries.LootPoolEntryContainer$Serializer.m_7561_(LootPoolEntryContainer.java:74) ~[client-1.20.1-20230612.114412-srg.jar%23352!/:?]
	at net.minecraft.world.level.storage.loot.GsonAdapterFactory$JsonAdapter.deserialize(GsonAdapterFactory.java:102) ~[client-1.20.1-20230612.114412-srg.jar%23352!/:?]
	at com.google.gson.internal.bind.TreeTypeAdapter.read(TreeTypeAdapter.java:76) ~[gson-2.10.jar%2388!/:?]
	at com.google.gson.internal.bind.TypeAdapterRuntimeTypeWrapper.read(TypeAdapterRuntimeTypeWrapper.java:40) ~[gson-2.10.jar%2388!/:?]
	at com.google.gson.internal.bind.ArrayTypeAdapter.read(ArrayTypeAdapter.java:72) ~[gson-2.10.jar%2388!/:?]
	at com.google.gson.Gson.fromJson(Gson.java:1214) ~[gson-2.10.jar%2388!/:?]
	at com.google.gson.Gson.fromJson(Gson.java:1319) ~[gson-2.10.jar%2388!/:?]
	at com.google.gson.Gson.fromJson(Gson.java:1290) ~[gson-2.10.jar%2388!/:?]
	at com.google.gson.internal.bind.TreeTypeAdapter$GsonContextImpl.deserialize(TreeTypeAdapter.java:179) ~[gson-2.10.jar%2388!/:?]
	at net.minecraft.util.GsonHelper.m_13808_(GsonHelper.java:463) ~[client-1.20.1-20230612.114412-srg.jar%23352!/:?]
	at net.minecraft.util.GsonHelper.m_13836_(GsonHelper.java:471) ~[client-1.20.1-20230612.114412-srg.jar%23352!/:?]
	at net.minecraft.world.level.storage.loot.LootPool$Serializer.deserialize(LootPool.java:192) ~[client-1.20.1-20230612.114412-srg.jar%23352!/:?]
	at net.minecraft.world.level.storage.loot.LootPool$Serializer.deserialize(LootPool.java:189) ~[client-1.20.1-20230612.114412-srg.jar%23352!/:?]
	at com.google.gson.internal.bind.TreeTypeAdapter.read(TreeTypeAdapter.java:76) ~[gson-2.10.jar%2388!/:?]
	at com.google.gson.internal.bind.TypeAdapterRuntimeTypeWrapper.read(TypeAdapterRuntimeTypeWrapper.java:40) ~[gson-2.10.jar%2388!/:?]
	at com.google.gson.internal.bind.ArrayTypeAdapter.read(ArrayTypeAdapter.java:72) ~[gson-2.10.jar%2388!/:?]
	at com.google.gson.Gson.fromJson(Gson.java:1214) ~[gson-2.10.jar%2388!/:?]
	at com.google.gson.Gson.fromJson(Gson.java:1319) ~[gson-2.10.jar%2388!/:?]
	at com.google.gson.Gson.fromJson(Gson.java:1290) ~[gson-2.10.jar%2388!/:?]
	at com.google.gson.internal.bind.TreeTypeAdapter$GsonContextImpl.deserialize(TreeTypeAdapter.java:179) ~[gson-2.10.jar%2388!/:?]
	at net.minecraft.util.GsonHelper.m_13808_(GsonHelper.java:463) ~[client-1.20.1-20230612.114412-srg.jar%23352!/:?]
	at net.minecraft.util.GsonHelper.m_13845_(GsonHelper.java:481) ~[client-1.20.1-20230612.114412-srg.jar%23352!/:?]
	at net.minecraft.world.level.storage.loot.LootTable$Serializer.deserialize(LootTable.java:294) ~[client-1.20.1-20230612.114412-srg.jar%23352!/:?]
	at net.minecraft.world.level.storage.loot.LootTable$Serializer.deserialize(LootTable.java:291) ~[client-1.20.1-20230612.114412-srg.jar%23352!/:?]
	at com.google.gson.internal.bind.TreeTypeAdapter.read(TreeTypeAdapter.java:76) ~[gson-2.10.jar%2388!/:?]
	at com.google.gson.Gson.fromJson(Gson.java:1214) ~[gson-2.10.jar%2388!/:?]
	at com.google.gson.Gson.fromJson(Gson.java:1319) ~[gson-2.10.jar%2388!/:?]
	at com.google.gson.Gson.fromJson(Gson.java:1261) ~[gson-2.10.jar%2388!/:?]
	at net.minecraftforge.common.ForgeHooks.loadLootTable(ForgeHooks.java:872) ~[forge-1.20.1-47.4.10-universal.jar%23357!/:?]
	at net.minecraftforge.common.ForgeHooks.lambda$getLootTableDeserializer$3(ForgeHooks.java:849) ~[forge-1.20.1-47.4.10-universal.jar%23357!/:?]
	at net.minecraft.world.level.storage.loot.LootDataType.deserialize(LootDataType.java:45) ~[client-1.20.1-20230612.114412-srg.jar%23352!/:?]
	at net.minecraft.world.level.storage.loot.LootDataManager.lambda$scheduleElementParse$4(LootDataManager.java:56) ~[client-1.20.1-20230612.114412-srg.jar%23352!/:?]
	at java.util.HashMap.forEach(HashMap.java:1421) ~[?:?]
	at net.minecraft.world.level.storage.loot.LootDataManager.m_278660_(LootDataManager.java:55) ~[client-1.20.1-20230612.114412-srg.jar%23352!/:?]
	at java.util.concurrent.CompletableFuture$AsyncRun.run(CompletableFuture.java:1804) ~[?:?]
	at java.util.concurrent.CompletableFuture$AsyncRun.exec(CompletableFuture.java:1796) ~[?:?]
	at java.util.concurrent.ForkJoinTask.doExec(ForkJoinTask.java:373) ~[?:?]
	at java.util.concurrent.ForkJoinPool$WorkQueue.topLevelExec(ForkJoinPool.java:1182) ~[?:?]
	at java.util.concurrent.ForkJoinPool.scan(ForkJoinPool.java:1655) ~[?:?]
	at java.util.concurrent.ForkJoinPool.runWorker(ForkJoinPool.java:1622) ~[?:?]
	at java.util.concurrent.ForkJoinWorkerThread.run(ForkJoinWorkerThread.java:165) ~[?:?]
[28Mar2026 04:55:33.605] [Worker-Main-8/ERROR] [net.minecraftforge.common.ForgeHooks/]: Couldn't parse element loot_tables:mynethersdelight:blocks/blackstone_cooking_pot
com.google.gson.JsonSyntaxException: Unknown type 'mynethersdelight:copy_meal'
	at net.minecraft.world.level.storage.loot.GsonAdapterFactory$JsonAdapter.deserialize(GsonAdapterFactory.java:99) ~[client-1.20.1-20230612.114412-srg.jar%23352!/:?]
	at com.google.gson.internal.bind.TreeTypeAdapter.read(TreeTypeAdapter.java:76) ~[gson-2.10.jar%2388!/:?]
	at com.google.gson.internal.bind.TypeAdapterRuntimeTypeWrapper.read(TypeAdapterRuntimeTypeWrapper.java:40) ~[gson-2.10.jar%2388!/:?]
	at com.google.gson.internal.bind.ArrayTypeAdapter.read(ArrayTypeAdapter.java:72) ~[gson-2.10.jar%2388!/:?]
	at com.google.gson.Gson.fromJson(Gson.java:1214) ~[gson-2.10.jar%2388!/:?]
	at com.google.gson.Gson.fromJson(Gson.java:1319) ~[gson-2.10.jar%2388!/:?]
	at com.google.gson.Gson.fromJson(Gson.java:1290) ~[gson-2.10.jar%2388!/:?]
	at com.google.gson.internal.bind.TreeTypeAdapter$GsonContextImpl.deserialize(TreeTypeAdapter.java:179) ~[gson-2.10.jar%2388!/:?]
	at net.minecraft.util.GsonHelper.m_13808_(GsonHelper.java:463) ~[client-1.20.1-20230612.114412-srg.jar%23352!/:?]
	at net.minecraft.util.GsonHelper.m_13845_(GsonHelper.java:481) ~[client-1.20.1-20230612.114412-srg.jar%23352!/:?]
	at net.minecraft.world.level.storage.loot.entries.LootPoolSingletonContainer$Serializer.m_5921_(LootPoolSingletonContainer.java:149) ~[client-1.20.1-20230612.114412-srg.jar%23352!/:?]
	at net.minecraft.world.level.storage.loot.entries.LootPoolSingletonContainer$Serializer.m_5921_(LootPoolSingletonContainer.java:129) ~[client-1.20.1-20230612.114412-srg.jar%23352!/:?]
	at net.minecraft.world.level.storage.loot.entries.LootPoolEntryContainer$Serializer.m_7561_(LootPoolEntryContainer.java:86) ~[client-1.20.1-20230612.114412-srg.jar%23352!/:?]
	at net.minecraft.world.level.storage.loot.entries.LootPoolEntryContainer$Serializer.m_7561_(LootPoolEntryContainer.java:74) ~[client-1.20.1-20230612.114412-srg.jar%23352!/:?]
	at net.minecraft.world.level.storage.loot.GsonAdapterFactory$JsonAdapter.deserialize(GsonAdapterFactory.java:102) ~[client-1.20.1-20230612.114412-srg.jar%23352!/:?]
	at com.google.gson.internal.bind.TreeTypeAdapter.read(TreeTypeAdapter.java:76) ~[gson-2.10.jar%2388!/:?]
	at com.google.gson.internal.bind.TypeAdapterRuntimeTypeWrapper.read(TypeAdapterRuntimeTypeWrapper.java:40) ~[gson-2.10.jar%2388!/:?]
	at com.google.gson.internal.bind.ArrayTypeAdapter.read(ArrayTypeAdapter.java:72) ~[gson-2.10.jar%2388!/:?]
	at com.google.gson.Gson.fromJson(Gson.java:1214) ~[gson-2.10.jar%2388!/:?]
	at com.google.gson.Gson.fromJson(Gson.java:1319) ~[gson-2.10.jar%2388!/:?]
	at com.google.gson.Gson.fromJson(Gson.java:1290) ~[gson-2.10.jar%2388!/:?]
	at com.google.gson.internal.bind.TreeTypeAdapter$GsonContextImpl.deserialize(TreeTypeAdapter.java:179) ~[gson-2.10.jar%2388!/:?]
	at net.minecraft.util.GsonHelper.m_13808_(GsonHelper.java:463) ~[client-1.20.1-20230612.114412-srg.jar%23352!/:?]
	at net.minecraft.util.GsonHelper.m_13836_(GsonHelper.java:471) ~[client-1.20.1-20230612.114412-srg.jar%23352!/:?]
	at net.minecraft.world.level.storage.loot.LootPool$Serializer.deserialize(LootPool.java:192) ~[client-1.20.1-20230612.114412-srg.jar%23352!/:?]
	at net.minecraft.world.level.storage.loot.LootPool$Serializer.deserialize(LootPool.java:189) ~[client-1.20.1-20230612.114412-srg.jar%23352!/:?]
	at com.google.gson.internal.bind.TreeTypeAdapter.read(TreeTypeAdapter.java:76) ~[gson-2.10.jar%2388!/:?]
	at com.google.gson.internal.bind.TypeAdapterRuntimeTypeWrapper.read(TypeAdapterRuntimeTypeWrapper.java:40) ~[gson-2.10.jar%2388!/:?]
	at com.google.gson.internal.bind.ArrayTypeAdapter.read(ArrayTypeAdapter.java:72) ~[gson-2.10.jar%2388!/:?]
	at com.google.gson.Gson.fromJson(Gson.java:1214) ~[gson-2.10.jar%2388!/:?]
	at com.google.gson.Gson.fromJson(Gson.java:1319) ~[gson-2.10.jar%2388!/:?]
	at com.google.gson.Gson.fromJson(Gson.java:1290) ~[gson-2.10.jar%2388!/:?]
	at com.google.gson.internal.bind.TreeTypeAdapter$GsonContextImpl.deserialize(TreeTypeAdapter.java:179) ~[gson-2.10.jar%2388!/:?]
	at net.minecraft.util.GsonHelper.m_13808_(GsonHelper.java:463) ~[client-1.20.1-20230612.114412-srg.jar%23352!/:?]
	at net.minecraft.util.GsonHelper.m_13845_(GsonHelper.java:481) ~[client-1.20.1-20230612.114412-srg.jar%23352!/:?]
	at net.minecraft.world.level.storage.loot.LootTable$Serializer.deserialize(LootTable.java:294) ~[client-1.20.1-20230612.114412-srg.jar%23352!/:?]
	at net.minecraft.world.level.storage.loot.LootTable$Serializer.deserialize(LootTable.java:291) ~[client-1.20.1-20230612.114412-srg.jar%23352!/:?]
	at com.google.gson.internal.bind.TreeTypeAdapter.read(TreeTypeAdapter.java:76) ~[gson-2.10.jar%2388!/:?]
	at com.google.gson.Gson.fromJson(Gson.java:1214) ~[gson-2.10.jar%2388!/:?]
	at com.google.gson.Gson.fromJson(Gson.java:1319) ~[gson-2.10.jar%2388!/:?]
	at com.google.gson.Gson.fromJson(Gson.java:1261) ~[gson-2.10.jar%2388!/:?]
	at net.minecraftforge.common.ForgeHooks.loadLootTable(ForgeHooks.java:872) ~[forge-1.20.1-47.4.10-universal.jar%23357!/:?]
	at net.minecraftforge.common.ForgeHooks.lambda$getLootTableDeserializer$3(ForgeHooks.java:849) ~[forge-1.20.1-47.4.10-universal.jar%23357!/:?]
	at net.minecraft.world.level.storage.loot.LootDataType.deserialize(LootDataType.java:45) ~[client-1.20.1-20230612.114412-srg.jar%23352!/:?]
	at net.minecraft.world.level.storage.loot.LootDataManager.lambda$scheduleElementParse$4(LootDataManager.java:56) ~[client-1.20.1-20230612.114412-srg.jar%23352!/:?]
	at java.util.HashMap.forEach(HashMap.java:1421) ~[?:?]
	at net.minecraft.world.level.storage.loot.LootDataManager.m_278660_(LootDataManager.java:55) ~[client-1.20.1-20230612.114412-srg.jar%23352!/:?]
	at java.util.concurrent.CompletableFuture$AsyncRun.run(CompletableFuture.java:1804) ~[?:?]
	at java.util.concurrent.CompletableFuture$AsyncRun.exec(CompletableFuture.java:1796) ~[?:?]
	at java.util.concurrent.ForkJoinTask.doExec(ForkJoinTask.java:373) ~[?:?]
	at java.util.concurrent.ForkJoinPool$WorkQueue.topLevelExec(ForkJoinPool.java:1182) ~[?:?]
	at java.util.concurrent.ForkJoinPool.scan(ForkJoinPool.java:1655) ~[?:?]
	at java.util.concurrent.ForkJoinPool.runWorker(ForkJoinPool.java:1622) ~[?:?]
	at java.util.concurrent.ForkJoinWorkerThread.run(ForkJoinWorkerThread.java:165) ~[?:?]
[28Mar2026 04:55:33.941] [Render thread/WARN] [net.minecraft.world.level.storage.loot.LootDataManager/]: Found loot table element validation problem in {loot_tables:pineapple_delight:blocks/pineapple_wild_crop}.pools[0].entries[0]: Unreachable entry!
[28Mar2026 04:55:34.310] [Render thread/INFO] [net.minecraft.world.item.crafting.RecipeManager/]: Skipping loading recipe botanypots:rusticdelight/crop/wild_bell_peppers as it's serializer returned null
[28Mar2026 04:55:34.321] [Render thread/ERROR] [net.minecraft.world.item.crafting.RecipeManager/]: Parsing error loading recipe ltc2:compat/jeed/rage
com.google.gson.JsonSyntaxException: Invalid or unsupported recipe type 'jeed:effect_provider'
	at net.minecraft.world.item.crafting.RecipeManager.m_220253_(RecipeManager.java:170) ~[client-1.20.1-20230612.114412-srg.jar%23352!/:?]
	at java.util.Optional.orElseThrow(Optional.java:403) ~[?:?]
	at net.minecraft.world.item.crafting.RecipeManager.fromJson(RecipeManager.java:169) ~[client-1.20.1-20230612.114412-srg.jar%23352!/:?]
	at net.minecraft.world.item.crafting.RecipeManager.m_5787_(RecipeManager.java:67) ~[client-1.20.1-20230612.114412-srg.jar%23352!/:?]
	at net.minecraft.world.item.crafting.RecipeManager.m_5787_(RecipeManager.java:34) ~[client-1.20.1-20230612.114412-srg.jar%23352!/:?]
	at net.minecraft.server.packs.resources.SimplePreparableReloadListener.m_10789_(SimplePreparableReloadListener.java:13) ~[client-1.20.1-20230612.114412-srg.jar%23352!/:?]
	at java.util.concurrent.CompletableFuture$UniAccept.tryFire(CompletableFuture.java:718) ~[?:?]
	at java.util.concurrent.CompletableFuture$Completion.run(CompletableFuture.java:482) ~[?:?]
	at net.minecraft.server.packs.resources.SimpleReloadInstance.m_143940_(SimpleReloadInstance.java:69) ~[client-1.20.1-20230612.114412-srg.jar%23352!/:?]
	at net.minecraft.util.thread.BlockableEventLoop.m_6367_(BlockableEventLoop.java:156) ~[client-1.20.1-20230612.114412-srg.jar%23352!/:?]
	at net.minecraft.util.thread.ReentrantBlockableEventLoop.m_6367_(ReentrantBlockableEventLoop.java:23) ~[client-1.20.1-20230612.114412-srg.jar%23352!/:?]
	at net.minecraft.util.thread.BlockableEventLoop.m_7245_(BlockableEventLoop.java:130) ~[client-1.20.1-20230612.114412-srg.jar%23352!/:?]
	at net.minecraft.util.thread.BlockableEventLoop.m_18701_(BlockableEventLoop.java:139) ~[client-1.20.1-20230612.114412-srg.jar%23352!/:?]
	at net.minecraft.client.gui.screens.worldselection.CreateWorldScreen.m_232896_(CreateWorldScreen.java:131) ~[client-1.20.1-20230612.114412-srg.jar%23352!/:?]
	at net.minecraft.client.gui.screens.worldselection.SelectWorldScreen.m_279861_(SelectWorldScreen.java:60) ~[client-1.20.1-20230612.114412-srg.jar%23352!/:?]
	at net.minecraft.client.gui.components.Button.m_5691_(Button.java:38) ~[client-1.20.1-20230612.114412-srg.jar%23352!/:?]
	at net.minecraft.client.gui.components.AbstractButton.m_5716_(AbstractButton.java:55) ~[client-1.20.1-20230612.114412-srg.jar%23352!/:?]
	at net.minecraft.client.gui.components.AbstractWidget.m_6375_(AbstractWidget.java:175) ~[client-1.20.1-20230612.114412-srg.jar%23352!/:?]
	at net.minecraft.client.gui.components.events.ContainerEventHandler.m_6375_(ContainerEventHandler.java:38) ~[client-1.20.1-20230612.114412-srg.jar%23352!/:?]
	at net.minecraft.client.MouseHandler.m_168084_(MouseHandler.java:92) ~[client-1.20.1-20230612.114412-srg.jar%23352!/:?]
	at net.minecraft.client.gui.screens.Screen.m_96579_(Screen.java:437) ~[client-1.20.1-20230612.114412-srg.jar%23352!/:?]
	at net.minecraft.client.MouseHandler.m_91530_(MouseHandler.java:89) ~[client-1.20.1-20230612.114412-srg.jar%23352!/:?]
	at net.minecraft.client.MouseHandler.m_168091_(MouseHandler.java:189) ~[client-1.20.1-20230612.114412-srg.jar%23352!/:?]
	at net.minecraft.util.thread.BlockableEventLoop.execute(BlockableEventLoop.java:102) ~[client-1.20.1-20230612.114412-srg.jar%23352!/:?]
	at net.minecraft.client.MouseHandler.m_91565_(MouseHandler.java:188) ~[client-1.20.1-20230612.114412-srg.jar%23352!/:?]
	at org.lwjgl.glfw.GLFWMouseButtonCallbackI.callback(GLFWMouseButtonCallbackI.java:43) ~[lwjgl-glfw-3.3.1.jar%2373!/:build 7]
	at org.lwjgl.system.JNI.invokeV(Native Method) ~[lwjgl-3.3.1.jar%2385!/:build 7]
	at org.lwjgl.glfw.GLFW.glfwWaitEventsTimeout(GLFW.java:3474) ~[lwjgl-glfw-3.3.1.jar%2373!/:build 7]
	at com.mojang.blaze3d.systems.RenderSystem.limitDisplayFPS(RenderSystem.java:237) ~[client-1.20.1-20230612.114412-srg.jar%23352!/:?]
	at net.minecraft.client.Minecraft.m_91383_(Minecraft.java:1173) ~[client-1.20.1-20230612.114412-srg.jar%23352!/:?]
	at net.minecraft.client.Minecraft.m_91374_(Minecraft.java:718) ~[client-1.20.1-20230612.114412-srg.jar%23352!/:?]
	at net.minecraft.client.main.Main.main(Main.java:218) ~[minecraft-1.20.1-client.jar:?]
	at jdk.internal.reflect.NativeMethodAccessorImpl.invoke0(Native Method) ~[?:?]
	at jdk.internal.reflect.NativeMethodAccessorImpl.invoke(NativeMethodAccessorImpl.java:77) ~[?:?]
	at jdk.internal.reflect.DelegatingMethodAccessorImpl.invoke(DelegatingMethodAccessorImpl.java:43) ~[?:?]
	at java.lang.reflect.Method.invoke(Method.java:569) ~[?:?]
	at net.minecraftforge.fml.loading.targets.CommonLaunchHandler.runTarget(CommonLaunchHandler.java:111) ~[fmlloader-1.20.1-47.4.10.jar:?]
	at net.minecraftforge.fml.loading.targets.CommonLaunchHandler.clientService(CommonLaunchHandler.java:99) ~[fmlloader-1.20.1-47.4.10.jar:?]
	at net.minecraftforge.fml.loading.targets.CommonClientLaunchHandler.lambda$makeService$0(CommonClientLaunchHandler.java:25) ~[fmlloader-1.20.1-47.4.10.jar:?]
	at cpw.mods.modlauncher.LaunchServiceHandlerDecorator.launch(LaunchServiceHandlerDecorator.java:30) ~[modlauncher-10.0.9.jar:?]
	at cpw.mods.modlauncher.LaunchServiceHandler.launch(LaunchServiceHandler.java:53) ~[modlauncher-10.0.9.jar:?]
	at cpw.mods.modlauncher.LaunchServiceHandler.launch(LaunchServiceHandler.java:71) ~[modlauncher-10.0.9.jar:?]
	at cpw.mods.modlauncher.Launcher.run(Launcher.java:108) ~[modlauncher-10.0.9.jar:?]
	at cpw.mods.modlauncher.Launcher.main(Launcher.java:78) ~[modlauncher-10.0.9.jar:?]
	at cpw.mods.modlauncher.BootstrapLaunchConsumer.accept(BootstrapLaunchConsumer.java:26) ~[modlauncher-10.0.9.jar:?]
	at cpw.mods.modlauncher.BootstrapLaunchConsumer.accept(BootstrapLaunchConsumer.java:23) ~[modlauncher-10.0.9.jar:?]
	at cpw.mods.bootstraplauncher.BootstrapLauncher.main(BootstrapLauncher.java:141) ~[bootstraplauncher-1.1.2.jar:?]
	at jdk.internal.reflect.NativeMethodAccessorImpl.invoke0(Native Method) ~[?:?]
	at jdk.internal.reflect.NativeMethodAccessorImpl.invoke(NativeMethodAccessorImpl.java:77) ~[?:?]
	at jdk.internal.reflect.DelegatingMethodAccessorImpl.invoke(DelegatingMethodAccessorImpl.java:43) ~[?:?]
	at java.lang.reflect.Method.invoke(Method.java:569) ~[?:?]
	at io.github.zekerzhayard.forgewrapper.installer.Main.main(Main.java:67) ~[?:?]
	at org.prismlauncher.launcher.impl.StandardLauncher.launch(StandardLauncher.java:115) ~[?:?]
	at org.prismlauncher.EntryPoint.listen(EntryPoint.java:129) ~[?:?]
	at org.prismlauncher.EntryPoint.main(EntryPoint.java:70) ~[?:?]
[28Mar2026 04:55:34.329] [Render thread/ERROR] [net.minecraft.world.item.crafting.RecipeManager/]: Parsing error loading recipe ltc2:compat/jeed/ender_chain
com.google.gson.JsonSyntaxException: Invalid or unsupported recipe type 'jeed:effect_provider'
	at net.minecraft.world.item.crafting.RecipeManager.m_220253_(RecipeManager.java:170) ~[client-1.20.1-20230612.114412-srg.jar%23352!/:?]
	at java.util.Optional.orElseThrow(Optional.java:403) ~[?:?]
	at net.minecraft.world.item.crafting.RecipeManager.fromJson(RecipeManager.java:169) ~[client-1.20.1-20230612.114412-srg.jar%23352!/:?]
	at net.minecraft.world.item.crafting.RecipeManager.m_5787_(RecipeManager.java:67) ~[client-1.20.1-20230612.114412-srg.jar%23352!/:?]
	at net.minecraft.world.item.crafting.RecipeManager.m_5787_(RecipeManager.java:34) ~[client-1.20.1-20230612.114412-srg.jar%23352!/:?]
	at net.minecraft.server.packs.resources.SimplePreparableReloadListener.m_10789_(SimplePreparableReloadListener.java:13) ~[client-1.20.1-20230612.114412-srg.jar%23352!/:?]
	at java.util.concurrent.CompletableFuture$UniAccept.tryFire(CompletableFuture.java:718) ~[?:?]
	at java.util.concurrent.CompletableFuture$Completion.run(CompletableFuture.java:482) ~[?:?]
	at net.minecraft.server.packs.resources.SimpleReloadInstance.m_143940_(SimpleReloadInstance.java:69) ~[client-1.20.1-20230612.114412-srg.jar%23352!/:?]
	at net.minecraft.util.thread.BlockableEventLoop.m_6367_(BlockableEventLoop.java:156) ~[client-1.20.1-20230612.114412-srg.jar%23352!/:?]
	at net.minecraft.util.thread.ReentrantBlockableEventLoop.m_6367_(ReentrantBlockableEventLoop.java:23) ~[client-1.20.1-20230612.114412-srg.jar%23352!/:?]
	at net.minecraft.util.thread.BlockableEventLoop.m_7245_(BlockableEventLoop.java:130) ~[client-1.20.1-20230612.114412-srg.jar%23352!/:?]
	at net.minecraft.util.thread.BlockableEventLoop.m_18701_(BlockableEventLoop.java:139) ~[client-1.20.1-20230612.114412-srg.jar%23352!/:?]
	at net.minecraft.client.gui.screens.worldselection.CreateWorldScreen.m_232896_(CreateWorldScreen.java:131) ~[client-1.20.1-20230612.114412-srg.jar%23352!/:?]
	at net.minecraft.client.gui.screens.worldselection.SelectWorldScreen.m_279861_(SelectWorldScreen.java:60) ~[client-1.20.1-20230612.114412-srg.jar%23352!/:?]
	at net.minecraft.client.gui.components.Button.m_5691_(Button.java:38) ~[client-1.20.1-20230612.114412-srg.jar%23352!/:?]
	at net.minecraft.client.gui.components.AbstractButton.m_5716_(AbstractButton.java:55) ~[client-1.20.1-20230612.114412-srg.jar%23352!/:?]
	at net.minecraft.client.gui.components.AbstractWidget.m_6375_(AbstractWidget.java:175) ~[client-1.20.1-20230612.114412-srg.jar%23352!/:?]
	at net.minecraft.client.gui.components.events.ContainerEventHandler.m_6375_(ContainerEventHandler.java:38) ~[client-1.20.1-20230612.114412-srg.jar%23352!/:?]
	at net.minecraft.client.MouseHandler.m_168084_(MouseHandler.java:92) ~[client-1.20.1-20230612.114412-srg.jar%23352!/:?]
	at net.minecraft.client.gui.screens.Screen.m_96579_(Screen.java:437) ~[client-1.20.1-20230612.114412-srg.jar%23352!/:?]
	at net.minecraft.client.MouseHandler.m_91530_(MouseHandler.java:89) ~[client-1.20.1-20230612.114412-srg.jar%23352!/:?]
	at net.minecraft.client.MouseHandler.m_168091_(MouseHandler.java:189) ~[client-1.20.1-20230612.114412-srg.jar%23352!/:?]
	at net.minecraft.util.thread.BlockableEventLoop.execute(BlockableEventLoop.java:102) ~[client-1.20.1-20230612.114412-srg.jar%23352!/:?]
	at net.minecraft.client.MouseHandler.m_91565_(MouseHandler.java:188) ~[client-1.20.1-20230612.114412-srg.jar%23352!/:?]
	at org.lwjgl.glfw.GLFWMouseButtonCallbackI.callback(GLFWMouseButtonCallbackI.java:43) ~[lwjgl-glfw-3.3.1.jar%2373!/:build 7]
	at org.lwjgl.system.JNI.invokeV(Native Method) ~[lwjgl-3.3.1.jar%2385!/:build 7]
	at org.lwjgl.glfw.GLFW.glfwWaitEventsTimeout(GLFW.java:3474) ~[lwjgl-glfw-3.3.1.jar%2373!/:build 7]
	at com.mojang.blaze3d.systems.RenderSystem.limitDisplayFPS(RenderSystem.java:237) ~[client-1.20.1-20230612.114412-srg.jar%23352!/:?]
	at net.minecraft.client.Minecraft.m_91383_(Minecraft.java:1173) ~[client-1.20.1-20230612.114412-srg.jar%23352!/:?]
	at net.minecraft.client.Minecraft.m_91374_(Minecraft.java:718) ~[client-1.20.1-20230612.114412-srg.jar%23352!/:?]
	at net.minecraft.client.main.Main.main(Main.java:218) ~[minecraft-1.20.1-client.jar:?]
	at jdk.internal.reflect.NativeMethodAccessorImpl.invoke0(Native Method) ~[?:?]
	at jdk.internal.reflect.NativeMethodAccessorImpl.invoke(NativeMethodAccessorImpl.java:77) ~[?:?]
	at jdk.internal.reflect.DelegatingMethodAccessorImpl.invoke(DelegatingMethodAccessorImpl.java:43) ~[?:?]
	at java.lang.reflect.Method.invoke(Method.java:569) ~[?:?]
	at net.minecraftforge.fml.loading.targets.CommonLaunchHandler.runTarget(CommonLaunchHandler.java:111) ~[fmlloader-1.20.1-47.4.10.jar:?]
	at net.minecraftforge.fml.loading.targets.CommonLaunchHandler.clientService(CommonLaunchHandler.java:99) ~[fmlloader-1.20.1-47.4.10.jar:?]
	at net.minecraftforge.fml.loading.targets.CommonClientLaunchHandler.lambda$makeService$0(CommonClientLaunchHandler.java:25) ~[fmlloader-1.20.1-47.4.10.jar:?]
	at cpw.mods.modlauncher.LaunchServiceHandlerDecorator.launch(LaunchServiceHandlerDecorator.java:30) ~[modlauncher-10.0.9.jar:?]
	at cpw.mods.modlauncher.LaunchServiceHandler.launch(LaunchServiceHandler.java:53) ~[modlauncher-10.0.9.jar:?]
	at cpw.mods.modlauncher.LaunchServiceHandler.launch(LaunchServiceHandler.java:71) ~[modlauncher-10.0.9.jar:?]
	at cpw.mods.modlauncher.Launcher.run(Launcher.java:108) ~[modlauncher-10.0.9.jar:?]
	at cpw.mods.modlauncher.Launcher.main(Launcher.java:78) ~[modlauncher-10.0.9.jar:?]
	at cpw.mods.modlauncher.BootstrapLaunchConsumer.accept(BootstrapLaunchConsumer.java:26) ~[modlauncher-10.0.9.jar:?]
	at cpw.mods.modlauncher.BootstrapLaunchConsumer.accept(BootstrapLaunchConsumer.java:23) ~[modlauncher-10.0.9.jar:?]
	at cpw.mods.bootstraplauncher.BootstrapLauncher.main(BootstrapLauncher.java:141) ~[bootstraplauncher-1.1.2.jar:?]
	at jdk.internal.reflect.NativeMethodAccessorImpl.invoke0(Native Method) ~[?:?]
	at jdk.internal.reflect.NativeMethodAccessorImpl.invoke(NativeMethodAccessorImpl.java:77) ~[?:?]
	at jdk.internal.reflect.DelegatingMethodAccessorImpl.invoke(DelegatingMethodAccessorImpl.java:43) ~[?:?]
	at java.lang.reflect.Method.invoke(Method.java:569) ~[?:?]
	at io.github.zekerzhayard.forgewrapper.installer.Main.main(Main.java:67) ~[?:?]
	at org.prismlauncher.launcher.impl.StandardLauncher.launch(StandardLauncher.java:115) ~[?:?]
	at org.prismlauncher.EntryPoint.listen(EntryPoint.java:129) ~[?:?]
	at org.prismlauncher.EntryPoint.main(EntryPoint.java:70) ~[?:?]
[28Mar2026 04:55:34.330] [Render thread/ERROR] [net.minecraft.world.item.crafting.RecipeManager/]: Parsing error loading recipe ltc2:compat/crockpot/foodvalues/nether_peppers
com.google.gson.JsonSyntaxException: Invalid or unsupported recipe type 'crockpot:food_values'
	at net.minecraft.world.item.crafting.RecipeManager.m_220253_(RecipeManager.java:170) ~[client-1.20.1-20230612.114412-srg.jar%23352!/:?]
	at java.util.Optional.orElseThrow(Optional.java:403) ~[?:?]
	at net.minecraft.world.item.crafting.RecipeManager.fromJson(RecipeManager.java:169) ~[client-1.20.1-20230612.114412-srg.jar%23352!/:?]
	at net.minecraft.world.item.crafting.RecipeManager.m_5787_(RecipeManager.java:67) ~[client-1.20.1-20230612.114412-srg.jar%23352!/:?]
	at net.minecraft.world.item.crafting.RecipeManager.m_5787_(RecipeManager.java:34) ~[client-1.20.1-20230612.114412-srg.jar%23352!/:?]
	at net.minecraft.server.packs.resources.SimplePreparableReloadListener.m_10789_(SimplePreparableReloadListener.java:13) ~[client-1.20.1-20230612.114412-srg.jar%23352!/:?]
	at java.util.concurrent.CompletableFuture$UniAccept.tryFire(CompletableFuture.java:718) ~[?:?]
	at java.util.concurrent.CompletableFuture$Completion.run(CompletableFuture.java:482) ~[?:?]
	at net.minecraft.server.packs.resources.SimpleReloadInstance.m_143940_(SimpleReloadInstance.java:69) ~[client-1.20.1-20230612.114412-srg.jar%23352!/:?]
	at net.minecraft.util.thread.BlockableEventLoop.m_6367_(BlockableEventLoop.java:156) ~[client-1.20.1-20230612.114412-srg.jar%23352!/:?]
	at net.minecraft.util.thread.ReentrantBlockableEventLoop.m_6367_(ReentrantBlockableEventLoop.java:23) ~[client-1.20.1-20230612.114412-srg.jar%23352!/:?]
	at net.minecraft.util.thread.BlockableEventLoop.m_7245_(BlockableEventLoop.java:130) ~[client-1.20.1-20230612.114412-srg.jar%23352!/:?]
	at net.minecraft.util.thread.BlockableEventLoop.m_18701_(BlockableEventLoop.java:139) ~[client-1.20.1-20230612.114412-srg.jar%23352!/:?]
	at net.minecraft.client.gui.screens.worldselection.CreateWorldScreen.m_232896_(CreateWorldScreen.java:131) ~[client-1.20.1-20230612.114412-srg.jar%23352!/:?]
	at net.minecraft.client.gui.screens.worldselection.SelectWorldScreen.m_279861_(SelectWorldScreen.java:60) ~[client-1.20.1-20230612.114412-srg.jar%23352!/:?]
	at net.minecraft.client.gui.components.Button.m_5691_(Button.java:38) ~[client-1.20.1-20230612.114412-srg.jar%23352!/:?]
	at net.minecraft.client.gui.components.AbstractButton.m_5716_(AbstractButton.java:55) ~[client-1.20.1-20230612.114412-srg.jar%23352!/:?]
	at net.minecraft.client.gui.components.AbstractWidget.m_6375_(AbstractWidget.java:175) ~[client-1.20.1-20230612.114412-srg.jar%23352!/:?]
	at net.minecraft.client.gui.components.events.ContainerEventHandler.m_6375_(ContainerEventHandler.java:38) ~[client-1.20.1-20230612.114412-srg.jar%23352!/:?]
	at net.minecraft.client.MouseHandler.m_168084_(MouseHandler.java:92) ~[client-1.20.1-20230612.114412-srg.jar%23352!/:?]
	at net.minecraft.client.gui.screens.Screen.m_96579_(Screen.java:437) ~[client-1.20.1-20230612.114412-srg.jar%23352!/:?]
	at net.minecraft.client.MouseHandler.m_91530_(MouseHandler.java:89) ~[client-1.20.1-20230612.114412-srg.jar%23352!/:?]
	at net.minecraft.client.MouseHandler.m_168091_(MouseHandler.java:189) ~[client-1.20.1-20230612.114412-srg.jar%23352!/:?]
	at net.minecraft.util.thread.BlockableEventLoop.execute(BlockableEventLoop.java:102) ~[client-1.20.1-20230612.114412-srg.jar%23352!/:?]
	at net.minecraft.client.MouseHandler.m_91565_(MouseHandler.java:188) ~[client-1.20.1-20230612.114412-srg.jar%23352!/:?]
	at org.lwjgl.glfw.GLFWMouseButtonCallbackI.callback(GLFWMouseButtonCallbackI.java:43) ~[lwjgl-glfw-3.3.1.jar%2373!/:build 7]
	at org.lwjgl.system.JNI.invokeV(Native Method) ~[lwjgl-3.3.1.jar%2385!/:build 7]
	at org.lwjgl.glfw.GLFW.glfwWaitEventsTimeout(GLFW.java:3474) ~[lwjgl-glfw-3.3.1.jar%2373!/:build 7]
	at com.mojang.blaze3d.systems.RenderSystem.limitDisplayFPS(RenderSystem.java:237) ~[client-1.20.1-20230612.114412-srg.jar%23352!/:?]
	at net.minecraft.client.Minecraft.m_91383_(Minecraft.java:1173) ~[client-1.20.1-20230612.114412-srg.jar%23352!/:?]
	at net.minecraft.client.Minecraft.m_91374_(Minecraft.java:718) ~[client-1.20.1-20230612.114412-srg.jar%23352!/:?]
	at net.minecraft.client.main.Main.main(Main.java:218) ~[minecraft-1.20.1-client.jar:?]
	at jdk.internal.reflect.NativeMethodAccessorImpl.invoke0(Native Method) ~[?:?]
	at jdk.internal.reflect.NativeMethodAccessorImpl.invoke(NativeMethodAccessorImpl.java:77) ~[?:?]
	at jdk.internal.reflect.DelegatingMethodAccessorImpl.invoke(DelegatingMethodAccessorImpl.java:43) ~[?:?]
	at java.lang.reflect.Method.invoke(Method.java:569) ~[?:?]
	at net.minecraftforge.fml.loading.targets.CommonLaunchHandler.runTarget(CommonLaunchHandler.java:111) ~[fmlloader-1.20.1-47.4.10.jar:?]
	at net.minecraftforge.fml.loading.targets.CommonLaunchHandler.clientService(CommonLaunchHandler.java:99) ~[fmlloader-1.20.1-47.4.10.jar:?]
	at net.minecraftforge.fml.loading.targets.CommonClientLaunchHandler.lambda$makeService$0(CommonClientLaunchHandler.java:25) ~[fmlloader-1.20.1-47.4.10.jar:?]
	at cpw.mods.modlauncher.LaunchServiceHandlerDecorator.launch(LaunchServiceHandlerDecorator.java:30) ~[modlauncher-10.0.9.jar:?]
	at cpw.mods.modlauncher.LaunchServiceHandler.launch(LaunchServiceHandler.java:53) ~[modlauncher-10.0.9.jar:?]
	at cpw.mods.modlauncher.LaunchServiceHandler.launch(LaunchServiceHandler.java:71) ~[modlauncher-10.0.9.jar:?]
	at cpw.mods.modlauncher.Launcher.run(Launcher.java:108) ~[modlauncher-10.0.9.jar:?]
	at cpw.mods.modlauncher.Launcher.main(Launcher.java:78) ~[modlauncher-10.0.9.jar:?]
	at cpw.mods.modlauncher.BootstrapLaunchConsumer.accept(BootstrapLaunchConsumer.java:26) ~[modlauncher-10.0.9.jar:?]
	at cpw.mods.modlauncher.BootstrapLaunchConsumer.accept(BootstrapLaunchConsumer.java:23) ~[modlauncher-10.0.9.jar:?]
	at cpw.mods.bootstraplauncher.BootstrapLauncher.main(BootstrapLauncher.java:141) ~[bootstraplauncher-1.1.2.jar:?]
	at jdk.internal.reflect.NativeMethodAccessorImpl.invoke0(Native Method) ~[?:?]
	at jdk.internal.reflect.NativeMethodAccessorImpl.invoke(NativeMethodAccessorImpl.java:77) ~[?:?]
	at jdk.internal.reflect.DelegatingMethodAccessorImpl.invoke(DelegatingMethodAccessorImpl.java:43) ~[?:?]
	at java.lang.reflect.Method.invoke(Method.java:569) ~[?:?]
	at io.github.zekerzhayard.forgewrapper.installer.Main.main(Main.java:67) ~[?:?]
	at org.prismlauncher.launcher.impl.StandardLauncher.launch(StandardLauncher.java:115) ~[?:?]
	at org.prismlauncher.EntryPoint.listen(EntryPoint.java:129) ~[?:?]
	at org.prismlauncher.EntryPoint.main(EntryPoint.java:70) ~[?:?]
[28Mar2026 04:55:34.359] [Render thread/ERROR] [net.minecraft.world.item.crafting.RecipeManager/]: Parsing error loading recipe nethersdelight:cutting/hoglin_sausage_alt
com.google.gson.JsonSyntaxException: Unknown item 'nethersdelight:hoglin_loin'
	at net.minecraft.world.item.crafting.ShapedRecipe.m_151280_(ShapedRecipe.java:292) ~[client-1.20.1-20230612.114412-srg.jar%23352!/:?]
	at java.util.Optional.orElseThrow(Optional.java:403) ~[?:?]
	at net.minecraft.world.item.crafting.ShapedRecipe.m_151278_(ShapedRecipe.java:291) ~[client-1.20.1-20230612.114412-srg.jar%23352!/:?]
	at net.minecraft.world.item.crafting.Ingredient.m_43919_(Ingredient.java:219) ~[client-1.20.1-20230612.114412-srg.jar%23352!/:?]
	at net.minecraftforge.common.crafting.VanillaIngredientSerializer.parse(VanillaIngredientSerializer.java:27) ~[forge-1.20.1-47.4.10-universal.jar%23357!/:?]
	at net.minecraftforge.common.crafting.CraftingHelper.getIngredient(CraftingHelper.java:148) ~[forge-1.20.1-47.4.10-universal.jar%23357!/:?]
	at net.minecraft.world.item.crafting.Ingredient.m_288218_(Ingredient.java:194) ~[client-1.20.1-20230612.114412-srg.jar%23352!/:?]
	at net.minecraft.world.item.crafting.Ingredient.m_43917_(Ingredient.java:189) ~[client-1.20.1-20230612.114412-srg.jar%23352!/:?]
	at vectorwing.farmersdelight.common.crafting.CuttingBoardRecipe$Serializer.readIngredients(CuttingBoardRecipe.java:195) ~[FarmersDelight-1.20.1-1.2.11.jar%23294!/:1.20.1-1.2.11]
	at vectorwing.farmersdelight.common.crafting.CuttingBoardRecipe$Serializer.fromJson(CuttingBoardRecipe.java:172) ~[FarmersDelight-1.20.1-1.2.11.jar%23294!/:1.20.1-1.2.11]
	at vectorwing.farmersdelight.common.crafting.CuttingBoardRecipe$Serializer.m_6729_(CuttingBoardRecipe.java:164) ~[FarmersDelight-1.20.1-1.2.11.jar%23294!/:1.20.1-1.2.11]
	at net.minecraftforge.common.extensions.IForgeRecipeSerializer.fromJson(IForgeRecipeSerializer.java:23) ~[forge-1.20.1-47.4.10-universal.jar%23357!/:?]
	at net.minecraft.world.item.crafting.RecipeManager.fromJson(RecipeManager.java:171) ~[client-1.20.1-20230612.114412-srg.jar%23352!/:?]
	at net.minecraft.world.item.crafting.RecipeManager.m_5787_(RecipeManager.java:67) ~[client-1.20.1-20230612.114412-srg.jar%23352!/:?]
	at net.minecraft.world.item.crafting.RecipeManager.m_5787_(RecipeManager.java:34) ~[client-1.20.1-20230612.114412-srg.jar%23352!/:?]
	at net.minecraft.server.packs.resources.SimplePreparableReloadListener.m_10789_(SimplePreparableReloadListener.java:13) ~[client-1.20.1-20230612.114412-srg.jar%23352!/:?]
	at java.util.concurrent.CompletableFuture$UniAccept.tryFire(CompletableFuture.java:718) ~[?:?]
	at java.util.concurrent.CompletableFuture$Completion.run(CompletableFuture.java:482) ~[?:?]
	at net.minecraft.server.packs.resources.SimpleReloadInstance.m_143940_(SimpleReloadInstance.java:69) ~[client-1.20.1-20230612.114412-srg.jar%23352!/:?]
	at net.minecraft.util.thread.BlockableEventLoop.m_6367_(BlockableEventLoop.java:156) ~[client-1.20.1-20230612.114412-srg.jar%23352!/:?]
	at net.minecraft.util.thread.ReentrantBlockableEventLoop.m_6367_(ReentrantBlockableEventLoop.java:23) ~[client-1.20.1-20230612.114412-srg.jar%23352!/:?]
	at net.minecraft.util.thread.BlockableEventLoop.m_7245_(BlockableEventLoop.java:130) ~[client-1.20.1-20230612.114412-srg.jar%23352!/:?]
	at net.minecraft.util.thread.BlockableEventLoop.m_18701_(BlockableEventLoop.java:139) ~[client-1.20.1-20230612.114412-srg.jar%23352!/:?]
	at net.minecraft.client.gui.screens.worldselection.CreateWorldScreen.m_232896_(CreateWorldScreen.java:131) ~[client-1.20.1-20230612.114412-srg.jar%23352!/:?]
	at net.minecraft.client.gui.screens.worldselection.SelectWorldScreen.m_279861_(SelectWorldScreen.java:60) ~[client-1.20.1-20230612.114412-srg.jar%23352!/:?]
	at net.minecraft.client.gui.components.Button.m_5691_(Button.java:38) ~[client-1.20.1-20230612.114412-srg.jar%23352!/:?]
	at net.minecraft.client.gui.components.AbstractButton.m_5716_(AbstractButton.java:55) ~[client-1.20.1-20230612.114412-srg.jar%23352!/:?]
	at net.minecraft.client.gui.components.AbstractWidget.m_6375_(AbstractWidget.java:175) ~[client-1.20.1-20230612.114412-srg.jar%23352!/:?]
	at net.minecraft.client.gui.components.events.ContainerEventHandler.m_6375_(ContainerEventHandler.java:38) ~[client-1.20.1-20230612.114412-srg.jar%23352!/:?]
	at net.minecraft.client.MouseHandler.m_168084_(MouseHandler.java:92) ~[client-1.20.1-20230612.114412-srg.jar%23352!/:?]
	at net.minecraft.client.gui.screens.Screen.m_96579_(Screen.java:437) ~[client-1.20.1-20230612.114412-srg.jar%23352!/:?]
	at net.minecraft.client.MouseHandler.m_91530_(MouseHandler.java:89) ~[client-1.20.1-20230612.114412-srg.jar%23352!/:?]
	at net.minecraft.client.MouseHandler.m_168091_(MouseHandler.java:189) ~[client-1.20.1-20230612.114412-srg.jar%23352!/:?]
	at net.minecraft.util.thread.BlockableEventLoop.execute(BlockableEventLoop.java:102) ~[client-1.20.1-20230612.114412-srg.jar%23352!/:?]
	at net.minecraft.client.MouseHandler.m_91565_(MouseHandler.java:188) ~[client-1.20.1-20230612.114412-srg.jar%23352!/:?]
	at org.lwjgl.glfw.GLFWMouseButtonCallbackI.callback(GLFWMouseButtonCallbackI.java:43) ~[lwjgl-glfw-3.3.1.jar%2373!/:build 7]
	at org.lwjgl.system.JNI.invokeV(Native Method) ~[lwjgl-3.3.1.jar%2385!/:build 7]
	at org.lwjgl.glfw.GLFW.glfwWaitEventsTimeout(GLFW.java:3474) ~[lwjgl-glfw-3.3.1.jar%2373!/:build 7]
	at com.mojang.blaze3d.systems.RenderSystem.limitDisplayFPS(RenderSystem.java:237) ~[client-1.20.1-20230612.114412-srg.jar%23352!/:?]
	at net.minecraft.client.Minecraft.m_91383_(Minecraft.java:1173) ~[client-1.20.1-20230612.114412-srg.jar%23352!/:?]
	at net.minecraft.client.Minecraft.m_91374_(Minecraft.java:718) ~[client-1.20.1-20230612.114412-srg.jar%23352!/:?]
	at net.minecraft.client.main.Main.main(Main.java:218) ~[minecraft-1.20.1-client.jar:?]
	at jdk.internal.reflect.NativeMethodAccessorImpl.invoke0(Native Method) ~[?:?]
	at jdk.internal.reflect.NativeMethodAccessorImpl.invoke(NativeMethodAccessorImpl.java:77) ~[?:?]
	at jdk.internal.reflect.DelegatingMethodAccessorImpl.invoke(DelegatingMethodAccessorImpl.java:43) ~[?:?]
	at java.lang.reflect.Method.invoke(Method.java:569) ~[?:?]
	at net.minecraftforge.fml.loading.targets.CommonLaunchHandler.runTarget(CommonLaunchHandler.java:111) ~[fmlloader-1.20.1-47.4.10.jar:?]
	at net.minecraftforge.fml.loading.targets.CommonLaunchHandler.clientService(CommonLaunchHandler.java:99) ~[fmlloader-1.20.1-47.4.10.jar:?]
	at net.minecraftforge.fml.loading.targets.CommonClientLaunchHandler.lambda$makeService$0(CommonClientLaunchHandler.java:25) ~[fmlloader-1.20.1-47.4.10.jar:?]
	at cpw.mods.modlauncher.LaunchServiceHandlerDecorator.launch(LaunchServiceHandlerDecorator.java:30) ~[modlauncher-10.0.9.jar:?]
	at cpw.mods.modlauncher.LaunchServiceHandler.launch(LaunchServiceHandler.java:53) ~[modlauncher-10.0.9.jar:?]
	at cpw.mods.modlauncher.LaunchServiceHandler.launch(LaunchServiceHandler.java:71) ~[modlauncher-10.0.9.jar:?]
	at cpw.mods.modlauncher.Launcher.run(Launcher.java:108) ~[modlauncher-10.0.9.jar:?]
	at cpw.mods.modlauncher.Launcher.main(Launcher.java:78) ~[modlauncher-10.0.9.jar:?]
	at cpw.mods.modlauncher.BootstrapLaunchConsumer.accept(BootstrapLaunchConsumer.java:26) ~[modlauncher-10.0.9.jar:?]
	at cpw.mods.modlauncher.BootstrapLaunchConsumer.accept(BootstrapLaunchConsumer.java:23) ~[modlauncher-10.0.9.jar:?]
	at cpw.mods.bootstraplauncher.BootstrapLauncher.main(BootstrapLauncher.java:141) ~[bootstraplauncher-1.1.2.jar:?]
	at jdk.internal.reflect.NativeMethodAccessorImpl.invoke0(Native Method) ~[?:?]
	at jdk.internal.reflect.NativeMethodAccessorImpl.invoke(NativeMethodAccessorImpl.java:77) ~[?:?]
	at jdk.internal.reflect.DelegatingMethodAccessorImpl.invoke(DelegatingMethodAccessorImpl.java:43) ~[?:?]
	at java.lang.reflect.Method.invoke(Method.java:569) ~[?:?]
	at io.github.zekerzhayard.forgewrapper.installer.Main.main(Main.java:67) ~[?:?]
	at org.prismlauncher.launcher.impl.StandardLauncher.launch(StandardLauncher.java:115) ~[?:?]
	at org.prismlauncher.EntryPoint.listen(EntryPoint.java:129) ~[?:?]
	at org.prismlauncher.EntryPoint.main(EntryPoint.java:70) ~[?:?]
[28Mar2026 04:55:34.371] [Render thread/ERROR] [net.minecraft.world.item.crafting.RecipeManager/]: Parsing error loading recipe aether:wood_zanite_vanilla_shield
com.google.gson.JsonSyntaxException: Missing type, expected to find a string
	at net.minecraft.util.GsonHelper.m_13906_(GsonHelper.java:127) ~[client-1.20.1-20230612.114412-srg.jar%23352!/:?]
	at net.minecraft.world.item.crafting.RecipeManager.fromJson(RecipeManager.java:168) ~[client-1.20.1-20230612.114412-srg.jar%23352!/:?]
	at net.minecraft.world.item.crafting.RecipeManager.m_5787_(RecipeManager.java:67) ~[client-1.20.1-20230612.114412-srg.jar%23352!/:?]
	at net.minecraft.world.item.crafting.RecipeManager.m_5787_(RecipeManager.java:34) ~[client-1.20.1-20230612.114412-srg.jar%23352!/:?]
	at net.minecraft.server.packs.resources.SimplePreparableReloadListener.m_10789_(SimplePreparableReloadListener.java:13) ~[client-1.20.1-20230612.114412-srg.jar%23352!/:?]
	at java.util.concurrent.CompletableFuture$UniAccept.tryFire(CompletableFuture.java:718) ~[?:?]
	at java.util.concurrent.CompletableFuture$Completion.run(CompletableFuture.java:482) ~[?:?]
	at net.minecraft.server.packs.resources.SimpleReloadInstance.m_143940_(SimpleReloadInstance.java:69) ~[client-1.20.1-20230612.114412-srg.jar%23352!/:?]
	at net.minecraft.util.thread.BlockableEventLoop.m_6367_(BlockableEventLoop.java:156) ~[client-1.20.1-20230612.114412-srg.jar%23352!/:?]
	at net.minecraft.util.thread.ReentrantBlockableEventLoop.m_6367_(ReentrantBlockableEventLoop.java:23) ~[client-1.20.1-20230612.114412-srg.jar%23352!/:?]
	at net.minecraft.util.thread.BlockableEventLoop.m_7245_(BlockableEventLoop.java:130) ~[client-1.20.1-20230612.114412-srg.jar%23352!/:?]
	at net.minecraft.util.thread.BlockableEventLoop.m_18701_(BlockableEventLoop.java:139) ~[client-1.20.1-20230612.114412-srg.jar%23352!/:?]
	at net.minecraft.client.gui.screens.worldselection.CreateWorldScreen.m_232896_(CreateWorldScreen.java:131) ~[client-1.20.1-20230612.114412-srg.jar%23352!/:?]
	at net.minecraft.client.gui.screens.worldselection.SelectWorldScreen.m_279861_(SelectWorldScreen.java:60) ~[client-1.20.1-20230612.114412-srg.jar%23352!/:?]
	at net.minecraft.client.gui.components.Button.m_5691_(Button.java:38) ~[client-1.20.1-20230612.114412-srg.jar%23352!/:?]
	at net.minecraft.client.gui.components.AbstractButton.m_5716_(AbstractButton.java:55) ~[client-1.20.1-20230612.114412-srg.jar%23352!/:?]
	at net.minecraft.client.gui.components.AbstractWidget.m_6375_(AbstractWidget.java:175) ~[client-1.20.1-20230612.114412-srg.jar%23352!/:?]
	at net.minecraft.client.gui.components.events.ContainerEventHandler.m_6375_(ContainerEventHandler.java:38) ~[client-1.20.1-20230612.114412-srg.jar%23352!/:?]
	at net.minecraft.client.MouseHandler.m_168084_(MouseHandler.java:92) ~[client-1.20.1-20230612.114412-srg.jar%23352!/:?]
	at net.minecraft.client.gui.screens.Screen.m_96579_(Screen.java:437) ~[client-1.20.1-20230612.114412-srg.jar%23352!/:?]
	at net.minecraft.client.MouseHandler.m_91530_(MouseHandler.java:89) ~[client-1.20.1-20230612.114412-srg.jar%23352!/:?]
	at net.minecraft.client.MouseHandler.m_168091_(MouseHandler.java:189) ~[client-1.20.1-20230612.114412-srg.jar%23352!/:?]
	at net.minecraft.util.thread.BlockableEventLoop.execute(BlockableEventLoop.java:102) ~[client-1.20.1-20230612.114412-srg.jar%23352!/:?]
	at net.minecraft.client.MouseHandler.m_91565_(MouseHandler.java:188) ~[client-1.20.1-20230612.114412-srg.jar%23352!/:?]
	at org.lwjgl.glfw.GLFWMouseButtonCallbackI.callback(GLFWMouseButtonCallbackI.java:43) ~[lwjgl-glfw-3.3.1.jar%2373!/:build 7]
	at org.lwjgl.system.JNI.invokeV(Native Method) ~[lwjgl-3.3.1.jar%2385!/:build 7]
	at org.lwjgl.glfw.GLFW.glfwWaitEventsTimeout(GLFW.java:3474) ~[lwjgl-glfw-3.3.1.jar%2373!/:build 7]
	at com.mojang.blaze3d.systems.RenderSystem.limitDisplayFPS(RenderSystem.java:237) ~[client-1.20.1-20230612.114412-srg.jar%23352!/:?]
	at net.minecraft.client.Minecraft.m_91383_(Minecraft.java:1173) ~[client-1.20.1-20230612.114412-srg.jar%23352!/:?]
	at net.minecraft.client.Minecraft.m_91374_(Minecraft.java:718) ~[client-1.20.1-20230612.114412-srg.jar%23352!/:?]
	at net.minecraft.client.main.Main.main(Main.java:218) ~[minecraft-1.20.1-client.jar:?]
	at jdk.internal.reflect.NativeMethodAccessorImpl.invoke0(Native Method) ~[?:?]
	at jdk.internal.reflect.NativeMethodAccessorImpl.invoke(NativeMethodAccessorImpl.java:77) ~[?:?]
	at jdk.internal.reflect.DelegatingMethodAccessorImpl.invoke(DelegatingMethodAccessorImpl.java:43) ~[?:?]
	at java.lang.reflect.Method.invoke(Method.java:569) ~[?:?]
	at net.minecraftforge.fml.loading.targets.CommonLaunchHandler.runTarget(CommonLaunchHandler.java:111) ~[fmlloader-1.20.1-47.4.10.jar:?]
	at net.minecraftforge.fml.loading.targets.CommonLaunchHandler.clientService(CommonLaunchHandler.java:99) ~[fmlloader-1.20.1-47.4.10.jar:?]
	at net.minecraftforge.fml.loading.targets.CommonClientLaunchHandler.lambda$makeService$0(CommonClientLaunchHandler.java:25) ~[fmlloader-1.20.1-47.4.10.jar:?]
	at cpw.mods.modlauncher.LaunchServiceHandlerDecorator.launch(LaunchServiceHandlerDecorator.java:30) ~[modlauncher-10.0.9.jar:?]
	at cpw.mods.modlauncher.LaunchServiceHandler.launch(LaunchServiceHandler.java:53) ~[modlauncher-10.0.9.jar:?]
	at cpw.mods.modlauncher.LaunchServiceHandler.launch(LaunchServiceHandler.java:71) ~[modlauncher-10.0.9.jar:?]
	at cpw.mods.modlauncher.Launcher.run(Launcher.java:108) ~[modlauncher-10.0.9.jar:?]
	at cpw.mods.modlauncher.Launcher.main(Launcher.java:78) ~[modlauncher-10.0.9.jar:?]
	at cpw.mods.modlauncher.BootstrapLaunchConsumer.accept(BootstrapLaunchConsumer.java:26) ~[modlauncher-10.0.9.jar:?]
	at cpw.mods.modlauncher.BootstrapLaunchConsumer.accept(BootstrapLaunchConsumer.java:23) ~[modlauncher-10.0.9.jar:?]
	at cpw.mods.bootstraplauncher.BootstrapLauncher.main(BootstrapLauncher.java:141) ~[bootstraplauncher-1.1.2.jar:?]
	at jdk.internal.reflect.NativeMethodAccessorImpl.invoke0(Native Method) ~[?:?]
	at jdk.internal.reflect.NativeMethodAccessorImpl.invoke(NativeMethodAccessorImpl.java:77) ~[?:?]
	at jdk.internal.reflect.DelegatingMethodAccessorImpl.invoke(DelegatingMethodAccessorImpl.java:43) ~[?:?]
	at java.lang.reflect.Method.invoke(Method.java:569) ~[?:?]
	at io.github.zekerzhayard.forgewrapper.installer.Main.main(Main.java:67) ~[?:?]
	at org.prismlauncher.launcher.impl.StandardLauncher.launch(StandardLauncher.java:115) ~[?:?]
	at org.prismlauncher.EntryPoint.listen(EntryPoint.java:129) ~[?:?]
	at org.prismlauncher.EntryPoint.main(EntryPoint.java:70) ~[?:?]
[28Mar2026 04:55:34.374] [Render thread/ERROR] [net.minecraft.world.item.crafting.RecipeManager/]: Parsing error loading recipe ltc2:compat/jeed/saturation
com.google.gson.JsonSyntaxException: Invalid or unsupported recipe type 'jeed:effect_provider'
	at net.minecraft.world.item.crafting.RecipeManager.m_220253_(RecipeManager.java:170) ~[client-1.20.1-20230612.114412-srg.jar%23352!/:?]
	at java.util.Optional.orElseThrow(Optional.java:403) ~[?:?]
	at net.minecraft.world.item.crafting.RecipeManager.fromJson(RecipeManager.java:169) ~[client-1.20.1-20230612.114412-srg.jar%23352!/:?]
	at net.minecraft.world.item.crafting.RecipeManager.m_5787_(RecipeManager.java:67) ~[client-1.20.1-20230612.114412-srg.jar%23352!/:?]
	at net.minecraft.world.item.crafting.RecipeManager.m_5787_(RecipeManager.java:34) ~[client-1.20.1-20230612.114412-srg.jar%23352!/:?]
	at net.minecraft.server.packs.resources.SimplePreparableReloadListener.m_10789_(SimplePreparableReloadListener.java:13) ~[client-1.20.1-20230612.114412-srg.jar%23352!/:?]
	at java.util.concurrent.CompletableFuture$UniAccept.tryFire(CompletableFuture.java:718) ~[?:?]
	at java.util.concurrent.CompletableFuture$Completion.run(CompletableFuture.java:482) ~[?:?]
	at net.minecraft.server.packs.resources.SimpleReloadInstance.m_143940_(SimpleReloadInstance.java:69) ~[client-1.20.1-20230612.114412-srg.jar%23352!/:?]
	at net.minecraft.util.thread.BlockableEventLoop.m_6367_(BlockableEventLoop.java:156) ~[client-1.20.1-20230612.114412-srg.jar%23352!/:?]
	at net.minecraft.util.thread.ReentrantBlockableEventLoop.m_6367_(ReentrantBlockableEventLoop.java:23) ~[client-1.20.1-20230612.114412-srg.jar%23352!/:?]
	at net.minecraft.util.thread.BlockableEventLoop.m_7245_(BlockableEventLoop.java:130) ~[client-1.20.1-20230612.114412-srg.jar%23352!/:?]
	at net.minecraft.util.thread.BlockableEventLoop.m_18701_(BlockableEventLoop.java:139) ~[client-1.20.1-20230612.114412-srg.jar%23352!/:?]
	at net.minecraft.client.gui.screens.worldselection.CreateWorldScreen.m_232896_(CreateWorldScreen.java:131) ~[client-1.20.1-20230612.114412-srg.jar%23352!/:?]
	at net.minecraft.client.gui.screens.worldselection.SelectWorldScreen.m_279861_(SelectWorldScreen.java:60) ~[client-1.20.1-20230612.114412-srg.jar%23352!/:?]
	at net.minecraft.client.gui.components.Button.m_5691_(Button.java:38) ~[client-1.20.1-20230612.114412-srg.jar%23352!/:?]
	at net.minecraft.client.gui.components.AbstractButton.m_5716_(AbstractButton.java:55) ~[client-1.20.1-20230612.114412-srg.jar%23352!/:?]
	at net.minecraft.client.gui.components.AbstractWidget.m_6375_(AbstractWidget.java:175) ~[client-1.20.1-20230612.114412-srg.jar%23352!/:?]
	at net.minecraft.client.gui.components.events.ContainerEventHandler.m_6375_(ContainerEventHandler.java:38) ~[client-1.20.1-20230612.114412-srg.jar%23352!/:?]
	at net.minecraft.client.MouseHandler.m_168084_(MouseHandler.java:92) ~[client-1.20.1-20230612.114412-srg.jar%23352!/:?]
	at net.minecraft.client.gui.screens.Screen.m_96579_(Screen.java:437) ~[client-1.20.1-20230612.114412-srg.jar%23352!/:?]
	at net.minecraft.client.MouseHandler.m_91530_(MouseHandler.java:89) ~[client-1.20.1-20230612.114412-srg.jar%23352!/:?]
	at net.minecraft.client.MouseHandler.m_168091_(MouseHandler.java:189) ~[client-1.20.1-20230612.114412-srg.jar%23352!/:?]
	at net.minecraft.util.thread.BlockableEventLoop.execute(BlockableEventLoop.java:102) ~[client-1.20.1-20230612.114412-srg.jar%23352!/:?]
	at net.minecraft.client.MouseHandler.m_91565_(MouseHandler.java:188) ~[client-1.20.1-20230612.114412-srg.jar%23352!/:?]
	at org.lwjgl.glfw.GLFWMouseButtonCallbackI.callback(GLFWMouseButtonCallbackI.java:43) ~[lwjgl-glfw-3.3.1.jar%2373!/:build 7]
	at org.lwjgl.system.JNI.invokeV(Native Method) ~[lwjgl-3.3.1.jar%2385!/:build 7]
	at org.lwjgl.glfw.GLFW.glfwWaitEventsTimeout(GLFW.java:3474) ~[lwjgl-glfw-3.3.1.jar%2373!/:build 7]
	at com.mojang.blaze3d.systems.RenderSystem.limitDisplayFPS(RenderSystem.java:237) ~[client-1.20.1-20230612.114412-srg.jar%23352!/:?]
	at net.minecraft.client.Minecraft.m_91383_(Minecraft.java:1173) ~[client-1.20.1-20230612.114412-srg.jar%23352!/:?]
	at net.minecraft.client.Minecraft.m_91374_(Minecraft.java:718) ~[client-1.20.1-20230612.114412-srg.jar%23352!/:?]
	at net.minecraft.client.main.Main.main(Main.java:218) ~[minecraft-1.20.1-client.jar:?]
	at jdk.internal.reflect.NativeMethodAccessorImpl.invoke0(Native Method) ~[?:?]
	at jdk.internal.reflect.NativeMethodAccessorImpl.invoke(NativeMethodAccessorImpl.java:77) ~[?:?]
	at jdk.internal.reflect.DelegatingMethodAccessorImpl.invoke(DelegatingMethodAccessorImpl.java:43) ~[?:?]
	at java.lang.reflect.Method.invoke(Method.java:569) ~[?:?]
	at net.minecraftforge.fml.loading.targets.CommonLaunchHandler.runTarget(CommonLaunchHandler.java:111) ~[fmlloader-1.20.1-47.4.10.jar:?]
	at net.minecraftforge.fml.loading.targets.CommonLaunchHandler.clientService(CommonLaunchHandler.java:99) ~[fmlloader-1.20.1-47.4.10.jar:?]
	at net.minecraftforge.fml.loading.targets.CommonClientLaunchHandler.lambda$makeService$0(CommonClientLaunchHandler.java:25) ~[fmlloader-1.20.1-47.4.10.jar:?]
	at cpw.mods.modlauncher.LaunchServiceHandlerDecorator.launch(LaunchServiceHandlerDecorator.java:30) ~[modlauncher-10.0.9.jar:?]
	at cpw.mods.modlauncher.LaunchServiceHandler.launch(LaunchServiceHandler.java:53) ~[modlauncher-10.0.9.jar:?]
	at cpw.mods.modlauncher.LaunchServiceHandler.launch(LaunchServiceHandler.java:71) ~[modlauncher-10.0.9.jar:?]
	at cpw.mods.modlauncher.Launcher.run(Launcher.java:108) ~[modlauncher-10.0.9.jar:?]
	at cpw.mods.modlauncher.Launcher.main(Launcher.java:78) ~[modlauncher-10.0.9.jar:?]
	at cpw.mods.modlauncher.BootstrapLaunchConsumer.accept(BootstrapLaunchConsumer.java:26) ~[modlauncher-10.0.9.jar:?]
	at cpw.mods.modlauncher.BootstrapLaunchConsumer.accept(BootstrapLaunchConsumer.java:23) ~[modlauncher-10.0.9.jar:?]
	at cpw.mods.bootstraplauncher.BootstrapLauncher.main(BootstrapLauncher.java:141) ~[bootstraplauncher-1.1.2.jar:?]
	at jdk.internal.reflect.NativeMethodAccessorImpl.invoke0(Native Method) ~[?:?]
	at jdk.internal.reflect.NativeMethodAccessorImpl.invoke(NativeMethodAccessorImpl.java:77) ~[?:?]
	at jdk.internal.reflect.DelegatingMethodAccessorImpl.invoke(DelegatingMethodAccessorImpl.java:43) ~[?:?]
	at java.lang.reflect.Method.invoke(Method.java:569) ~[?:?]
	at io.github.zekerzhayard.forgewrapper.installer.Main.main(Main.java:67) ~[?:?]
	at org.prismlauncher.launcher.impl.StandardLauncher.launch(StandardLauncher.java:115) ~[?:?]
	at org.prismlauncher.EntryPoint.listen(EntryPoint.java:129) ~[?:?]
	at org.prismlauncher.EntryPoint.main(EntryPoint.java:70) ~[?:?]
[28Mar2026 04:55:34.395] [Render thread/ERROR] [net.minecraft.world.item.crafting.RecipeManager/]: Parsing error loading recipe herbalistmod:diviners_sage_cigarette
com.google.gson.JsonSyntaxException: Unknown item 'tobacconistmod:rolling_paper'
	at net.minecraft.world.item.crafting.ShapedRecipe.m_151280_(ShapedRecipe.java:292) ~[client-1.20.1-20230612.114412-srg.jar%23352!/:?]
	at java.util.Optional.orElseThrow(Optional.java:403) ~[?:?]
	at net.minecraft.world.item.crafting.ShapedRecipe.m_151278_(ShapedRecipe.java:291) ~[client-1.20.1-20230612.114412-srg.jar%23352!/:?]
	at net.minecraft.world.item.crafting.Ingredient.m_43919_(Ingredient.java:219) ~[client-1.20.1-20230612.114412-srg.jar%23352!/:?]
	at net.minecraftforge.common.crafting.VanillaIngredientSerializer.parse(VanillaIngredientSerializer.java:27) ~[forge-1.20.1-47.4.10-universal.jar%23357!/:?]
	at net.minecraftforge.common.crafting.CraftingHelper.getIngredient(CraftingHelper.java:148) ~[forge-1.20.1-47.4.10-universal.jar%23357!/:?]
	at net.minecraft.world.item.crafting.Ingredient.m_288218_(Ingredient.java:194) ~[client-1.20.1-20230612.114412-srg.jar%23352!/:?]
	at net.minecraft.world.item.crafting.Ingredient.m_43917_(Ingredient.java:189) ~[client-1.20.1-20230612.114412-srg.jar%23352!/:?]
	at com.diggydwarff.herbalistmod.recipes.BlazebudCigaretteRecipe$Serializer.fromJson(BlazebudCigaretteRecipe.java:151) ~[herbalistmod-2.5.0-forge-1.20.1.jar%23301!/:2.5.0]
	at com.diggydwarff.herbalistmod.recipes.BlazebudCigaretteRecipe$Serializer.m_6729_(BlazebudCigaretteRecipe.java:138) ~[herbalistmod-2.5.0-forge-1.20.1.jar%23301!/:2.5.0]
	at net.minecraftforge.common.extensions.IForgeRecipeSerializer.fromJson(IForgeRecipeSerializer.java:23) ~[forge-1.20.1-47.4.10-universal.jar%23357!/:?]
	at net.minecraft.world.item.crafting.RecipeManager.fromJson(RecipeManager.java:171) ~[client-1.20.1-20230612.114412-srg.jar%23352!/:?]
	at net.minecraft.world.item.crafting.RecipeManager.m_5787_(RecipeManager.java:67) ~[client-1.20.1-20230612.114412-srg.jar%23352!/:?]
	at net.minecraft.world.item.crafting.RecipeManager.m_5787_(RecipeManager.java:34) ~[client-1.20.1-20230612.114412-srg.jar%23352!/:?]
	at net.minecraft.server.packs.resources.SimplePreparableReloadListener.m_10789_(SimplePreparableReloadListener.java:13) ~[client-1.20.1-20230612.114412-srg.jar%23352!/:?]
	at java.util.concurrent.CompletableFuture$UniAccept.tryFire(CompletableFuture.java:718) ~[?:?]
	at java.util.concurrent.CompletableFuture$Completion.run(CompletableFuture.java:482) ~[?:?]
	at net.minecraft.server.packs.resources.SimpleReloadInstance.m_143940_(SimpleReloadInstance.java:69) ~[client-1.20.1-20230612.114412-srg.jar%23352!/:?]
	at net.minecraft.util.thread.BlockableEventLoop.m_6367_(BlockableEventLoop.java:156) ~[client-1.20.1-20230612.114412-srg.jar%23352!/:?]
	at net.minecraft.util.thread.ReentrantBlockableEventLoop.m_6367_(ReentrantBlockableEventLoop.java:23) ~[client-1.20.1-20230612.114412-srg.jar%23352!/:?]
	at net.minecraft.util.thread.BlockableEventLoop.m_7245_(BlockableEventLoop.java:130) ~[client-1.20.1-20230612.114412-srg.jar%23352!/:?]
	at net.minecraft.util.thread.BlockableEventLoop.m_18701_(BlockableEventLoop.java:139) ~[client-1.20.1-20230612.114412-srg.jar%23352!/:?]
	at net.minecraft.client.gui.screens.worldselection.CreateWorldScreen.m_232896_(CreateWorldScreen.java:131) ~[client-1.20.1-20230612.114412-srg.jar%23352!/:?]
	at net.minecraft.client.gui.screens.worldselection.SelectWorldScreen.m_279861_(SelectWorldScreen.java:60) ~[client-1.20.1-20230612.114412-srg.jar%23352!/:?]
	at net.minecraft.client.gui.components.Button.m_5691_(Button.java:38) ~[client-1.20.1-20230612.114412-srg.jar%23352!/:?]
	at net.minecraft.client.gui.components.AbstractButton.m_5716_(AbstractButton.java:55) ~[client-1.20.1-20230612.114412-srg.jar%23352!/:?]
	at net.minecraft.client.gui.components.AbstractWidget.m_6375_(AbstractWidget.java:175) ~[client-1.20.1-20230612.114412-srg.jar%23352!/:?]
	at net.minecraft.client.gui.components.events.ContainerEventHandler.m_6375_(ContainerEventHandler.java:38) ~[client-1.20.1-20230612.114412-srg.jar%23352!/:?]
	at net.minecraft.client.MouseHandler.m_168084_(MouseHandler.java:92) ~[client-1.20.1-20230612.114412-srg.jar%23352!/:?]
	at net.minecraft.client.gui.screens.Screen.m_96579_(Screen.java:437) ~[client-1.20.1-20230612.114412-srg.jar%23352!/:?]
	at net.minecraft.client.MouseHandler.m_91530_(MouseHandler.java:89) ~[client-1.20.1-20230612.114412-srg.jar%23352!/:?]
	at net.minecraft.client.MouseHandler.m_168091_(MouseHandler.java:189) ~[client-1.20.1-20230612.114412-srg.jar%23352!/:?]
	at net.minecraft.util.thread.BlockableEventLoop.execute(BlockableEventLoop.java:102) ~[client-1.20.1-20230612.114412-srg.jar%23352!/:?]
	at net.minecraft.client.MouseHandler.m_91565_(MouseHandler.java:188) ~[client-1.20.1-20230612.114412-srg.jar%23352!/:?]
	at org.lwjgl.glfw.GLFWMouseButtonCallbackI.callback(GLFWMouseButtonCallbackI.java:43) ~[lwjgl-glfw-3.3.1.jar%2373!/:build 7]
	at org.lwjgl.system.JNI.invokeV(Native Method) ~[lwjgl-3.3.1.jar%2385!/:build 7]
	at org.lwjgl.glfw.GLFW.glfwWaitEventsTimeout(GLFW.java:3474) ~[lwjgl-glfw-3.3.1.jar%2373!/:build 7]
	at com.mojang.blaze3d.systems.RenderSystem.limitDisplayFPS(RenderSystem.java:237) ~[client-1.20.1-20230612.114412-srg.jar%23352!/:?]
	at net.minecraft.client.Minecraft.m_91383_(Minecraft.java:1173) ~[client-1.20.1-20230612.114412-srg.jar%23352!/:?]
	at net.minecraft.client.Minecraft.m_91374_(Minecraft.java:718) ~[client-1.20.1-20230612.114412-srg.jar%23352!/:?]
	at net.minecraft.client.main.Main.main(Main.java:218) ~[minecraft-1.20.1-client.jar:?]
	at jdk.internal.reflect.NativeMethodAccessorImpl.invoke0(Native Method) ~[?:?]
	at jdk.internal.reflect.NativeMethodAccessorImpl.invoke(NativeMethodAccessorImpl.java:77) ~[?:?]
	at jdk.internal.reflect.DelegatingMethodAccessorImpl.invoke(DelegatingMethodAccessorImpl.java:43) ~[?:?]
	at java.lang.reflect.Method.invoke(Method.java:569) ~[?:?]
	at net.minecraftforge.fml.loading.targets.CommonLaunchHandler.runTarget(CommonLaunchHandler.java:111) ~[fmlloader-1.20.1-47.4.10.jar:?]
	at net.minecraftforge.fml.loading.targets.CommonLaunchHandler.clientService(CommonLaunchHandler.java:99) ~[fmlloader-1.20.1-47.4.10.jar:?]
	at net.minecraftforge.fml.loading.targets.CommonClientLaunchHandler.lambda$makeService$0(CommonClientLaunchHandler.java:25) ~[fmlloader-1.20.1-47.4.10.jar:?]
	at cpw.mods.modlauncher.LaunchServiceHandlerDecorator.launch(LaunchServiceHandlerDecorator.java:30) ~[modlauncher-10.0.9.jar:?]
	at cpw.mods.modlauncher.LaunchServiceHandler.launch(LaunchServiceHandler.java:53) ~[modlauncher-10.0.9.jar:?]
	at cpw.mods.modlauncher.LaunchServiceHandler.launch(LaunchServiceHandler.java:71) ~[modlauncher-10.0.9.jar:?]
	at cpw.mods.modlauncher.Launcher.run(Launcher.java:108) ~[modlauncher-10.0.9.jar:?]
	at cpw.mods.modlauncher.Launcher.main(Launcher.java:78) ~[modlauncher-10.0.9.jar:?]
	at cpw.mods.modlauncher.BootstrapLaunchConsumer.accept(BootstrapLaunchConsumer.java:26) ~[modlauncher-10.0.9.jar:?]
	at cpw.mods.modlauncher.BootstrapLaunchConsumer.accept(BootstrapLaunchConsumer.java:23) ~[modlauncher-10.0.9.jar:?]
	at cpw.mods.bootstraplauncher.BootstrapLauncher.main(BootstrapLauncher.java:141) ~[bootstraplauncher-1.1.2.jar:?]
	at jdk.internal.reflect.NativeMethodAccessorImpl.invoke0(Native Method) ~[?:?]
	at jdk.internal.reflect.NativeMethodAccessorImpl.invoke(NativeMethodAccessorImpl.java:77) ~[?:?]
	at jdk.internal.reflect.DelegatingMethodAccessorImpl.invoke(DelegatingMethodAccessorImpl.java:43) ~[?:?]
	at java.lang.reflect.Method.invoke(Method.java:569) ~[?:?]
	at io.github.zekerzhayard.forgewrapper.installer.Main.main(Main.java:67) ~[?:?]
	at org.prismlauncher.launcher.impl.StandardLauncher.launch(StandardLauncher.java:115) ~[?:?]
	at org.prismlauncher.EntryPoint.listen(EntryPoint.java:129) ~[?:?]
	at org.prismlauncher.EntryPoint.main(EntryPoint.java:70) ~[?:?]
[28Mar2026 04:55:34.414] [Render thread/ERROR] [net.minecraft.world.item.crafting.RecipeManager/]: Parsing error loading recipe ltc2:compat/jeed/purifying
com.google.gson.JsonSyntaxException: Invalid or unsupported recipe type 'jeed:effect_provider'
	at net.minecraft.world.item.crafting.RecipeManager.m_220253_(RecipeManager.java:170) ~[client-1.20.1-20230612.114412-srg.jar%23352!/:?]
	at java.util.Optional.orElseThrow(Optional.java:403) ~[?:?]
	at net.minecraft.world.item.crafting.RecipeManager.fromJson(RecipeManager.java:169) ~[client-1.20.1-20230612.114412-srg.jar%23352!/:?]
	at net.minecraft.world.item.crafting.RecipeManager.m_5787_(RecipeManager.java:67) ~[client-1.20.1-20230612.114412-srg.jar%23352!/:?]
	at net.minecraft.world.item.crafting.RecipeManager.m_5787_(RecipeManager.java:34) ~[client-1.20.1-20230612.114412-srg.jar%23352!/:?]
	at net.minecraft.server.packs.resources.SimplePreparableReloadListener.m_10789_(SimplePreparableReloadListener.java:13) ~[client-1.20.1-20230612.114412-srg.jar%23352!/:?]
	at java.util.concurrent.CompletableFuture$UniAccept.tryFire(CompletableFuture.java:718) ~[?:?]
	at java.util.concurrent.CompletableFuture$Completion.run(CompletableFuture.java:482) ~[?:?]
	at net.minecraft.server.packs.resources.SimpleReloadInstance.m_143940_(SimpleReloadInstance.java:69) ~[client-1.20.1-20230612.114412-srg.jar%23352!/:?]
	at net.minecraft.util.thread.BlockableEventLoop.m_6367_(BlockableEventLoop.java:156) ~[client-1.20.1-20230612.114412-srg.jar%23352!/:?]
	at net.minecraft.util.thread.ReentrantBlockableEventLoop.m_6367_(ReentrantBlockableEventLoop.java:23) ~[client-1.20.1-20230612.114412-srg.jar%23352!/:?]
	at net.minecraft.util.thread.BlockableEventLoop.m_7245_(BlockableEventLoop.java:130) ~[client-1.20.1-20230612.114412-srg.jar%23352!/:?]
	at net.minecraft.util.thread.BlockableEventLoop.m_18701_(BlockableEventLoop.java:139) ~[client-1.20.1-20230612.114412-srg.jar%23352!/:?]
	at net.minecraft.client.gui.screens.worldselection.CreateWorldScreen.m_232896_(CreateWorldScreen.java:131) ~[client-1.20.1-20230612.114412-srg.jar%23352!/:?]
	at net.minecraft.client.gui.screens.worldselection.SelectWorldScreen.m_279861_(SelectWorldScreen.java:60) ~[client-1.20.1-20230612.114412-srg.jar%23352!/:?]
	at net.minecraft.client.gui.components.Button.m_5691_(Button.java:38) ~[client-1.20.1-20230612.114412-srg.jar%23352!/:?]
	at net.minecraft.client.gui.components.AbstractButton.m_5716_(AbstractButton.java:55) ~[client-1.20.1-20230612.114412-srg.jar%23352!/:?]
	at net.minecraft.client.gui.components.AbstractWidget.m_6375_(AbstractWidget.java:175) ~[client-1.20.1-20230612.114412-srg.jar%23352!/:?]
	at net.minecraft.client.gui.components.events.ContainerEventHandler.m_6375_(ContainerEventHandler.java:38) ~[client-1.20.1-20230612.114412-srg.jar%23352!/:?]
	at net.minecraft.client.MouseHandler.m_168084_(MouseHandler.java:92) ~[client-1.20.1-20230612.114412-srg.jar%23352!/:?]
	at net.minecraft.client.gui.screens.Screen.m_96579_(Screen.java:437) ~[client-1.20.1-20230612.114412-srg.jar%23352!/:?]
	at net.minecraft.client.MouseHandler.m_91530_(MouseHandler.java:89) ~[client-1.20.1-20230612.114412-srg.jar%23352!/:?]
	at net.minecraft.client.MouseHandler.m_168091_(MouseHandler.java:189) ~[client-1.20.1-20230612.114412-srg.jar%23352!/:?]
	at net.minecraft.util.thread.BlockableEventLoop.execute(BlockableEventLoop.java:102) ~[client-1.20.1-20230612.114412-srg.jar%23352!/:?]
	at net.minecraft.client.MouseHandler.m_91565_(MouseHandler.java:188) ~[client-1.20.1-20230612.114412-srg.jar%23352!/:?]
	at org.lwjgl.glfw.GLFWMouseButtonCallbackI.callback(GLFWMouseButtonCallbackI.java:43) ~[lwjgl-glfw-3.3.1.jar%2373!/:build 7]
	at org.lwjgl.system.JNI.invokeV(Native Method) ~[lwjgl-3.3.1.jar%2385!/:build 7]
	at org.lwjgl.glfw.GLFW.glfwWaitEventsTimeout(GLFW.java:3474) ~[lwjgl-glfw-3.3.1.jar%2373!/:build 7]
	at com.mojang.blaze3d.systems.RenderSystem.limitDisplayFPS(RenderSystem.java:237) ~[client-1.20.1-20230612.114412-srg.jar%23352!/:?]
	at net.minecraft.client.Minecraft.m_91383_(Minecraft.java:1173) ~[client-1.20.1-20230612.114412-srg.jar%23352!/:?]
	at net.minecraft.client.Minecraft.m_91374_(Minecraft.java:718) ~[client-1.20.1-20230612.114412-srg.jar%23352!/:?]
	at net.minecraft.client.main.Main.main(Main.java:218) ~[minecraft-1.20.1-client.jar:?]
	at jdk.internal.reflect.NativeMethodAccessorImpl.invoke0(Native Method) ~[?:?]
	at jdk.internal.reflect.NativeMethodAccessorImpl.invoke(NativeMethodAccessorImpl.java:77) ~[?:?]
	at jdk.internal.reflect.DelegatingMethodAccessorImpl.invoke(DelegatingMethodAccessorImpl.java:43) ~[?:?]
	at java.lang.reflect.Method.invoke(Method.java:569) ~[?:?]
	at net.minecraftforge.fml.loading.targets.CommonLaunchHandler.runTarget(CommonLaunchHandler.java:111) ~[fmlloader-1.20.1-47.4.10.jar:?]
	at net.minecraftforge.fml.loading.targets.CommonLaunchHandler.clientService(CommonLaunchHandler.java:99) ~[fmlloader-1.20.1-47.4.10.jar:?]
	at net.minecraftforge.fml.loading.targets.CommonClientLaunchHandler.lambda$makeService$0(CommonClientLaunchHandler.java:25) ~[fmlloader-1.20.1-47.4.10.jar:?]
	at cpw.mods.modlauncher.LaunchServiceHandlerDecorator.launch(LaunchServiceHandlerDecorator.java:30) ~[modlauncher-10.0.9.jar:?]
	at cpw.mods.modlauncher.LaunchServiceHandler.launch(LaunchServiceHandler.java:53) ~[modlauncher-10.0.9.jar:?]
	at cpw.mods.modlauncher.LaunchServiceHandler.launch(LaunchServiceHandler.java:71) ~[modlauncher-10.0.9.jar:?]
	at cpw.mods.modlauncher.Launcher.run(Launcher.java:108) ~[modlauncher-10.0.9.jar:?]
	at cpw.mods.modlauncher.Launcher.main(Launcher.java:78) ~[modlauncher-10.0.9.jar:?]
	at cpw.mods.modlauncher.BootstrapLaunchConsumer.accept(BootstrapLaunchConsumer.java:26) ~[modlauncher-10.0.9.jar:?]
	at cpw.mods.modlauncher.BootstrapLaunchConsumer.accept(BootstrapLaunchConsumer.java:23) ~[modlauncher-10.0.9.jar:?]
	at cpw.mods.bootstraplauncher.BootstrapLauncher.main(BootstrapLauncher.java:141) ~[bootstraplauncher-1.1.2.jar:?]
	at jdk.internal.reflect.NativeMethodAccessorImpl.invoke0(Native Method) ~[?:?]
	at jdk.internal.reflect.NativeMethodAccessorImpl.invoke(NativeMethodAccessorImpl.java:77) ~[?:?]
	at jdk.internal.reflect.DelegatingMethodAccessorImpl.invoke(DelegatingMethodAccessorImpl.java:43) ~[?:?]
	at java.lang.reflect.Method.invoke(Method.java:569) ~[?:?]
	at io.github.zekerzhayard.forgewrapper.installer.Main.main(Main.java:67) ~[?:?]
	at org.prismlauncher.launcher.impl.StandardLauncher.launch(StandardLauncher.java:115) ~[?:?]
	at org.prismlauncher.EntryPoint.listen(EntryPoint.java:129) ~[?:?]
	at org.prismlauncher.EntryPoint.main(EntryPoint.java:70) ~[?:?]
[28Mar2026 04:55:34.415] [Render thread/ERROR] [net.minecraft.world.item.crafting.RecipeManager/]: Parsing error loading recipe ltc2:compat/crockpot/foodvalues/veggies
com.google.gson.JsonSyntaxException: Invalid or unsupported recipe type 'crockpot:food_values'
	at net.minecraft.world.item.crafting.RecipeManager.m_220253_(RecipeManager.java:170) ~[client-1.20.1-20230612.114412-srg.jar%23352!/:?]
	at java.util.Optional.orElseThrow(Optional.java:403) ~[?:?]
	at net.minecraft.world.item.crafting.RecipeManager.fromJson(RecipeManager.java:169) ~[client-1.20.1-20230612.114412-srg.jar%23352!/:?]
	at net.minecraft.world.item.crafting.RecipeManager.m_5787_(RecipeManager.java:67) ~[client-1.20.1-20230612.114412-srg.jar%23352!/:?]
	at net.minecraft.world.item.crafting.RecipeManager.m_5787_(RecipeManager.java:34) ~[client-1.20.1-20230612.114412-srg.jar%23352!/:?]
	at net.minecraft.server.packs.resources.SimplePreparableReloadListener.m_10789_(SimplePreparableReloadListener.java:13) ~[client-1.20.1-20230612.114412-srg.jar%23352!/:?]
	at java.util.concurrent.CompletableFuture$UniAccept.tryFire(CompletableFuture.java:718) ~[?:?]
	at java.util.concurrent.CompletableFuture$Completion.run(CompletableFuture.java:482) ~[?:?]
	at net.minecraft.server.packs.resources.SimpleReloadInstance.m_143940_(SimpleReloadInstance.java:69) ~[client-1.20.1-20230612.114412-srg.jar%23352!/:?]
	at net.minecraft.util.thread.BlockableEventLoop.m_6367_(BlockableEventLoop.java:156) ~[client-1.20.1-20230612.114412-srg.jar%23352!/:?]
	at net.minecraft.util.thread.ReentrantBlockableEventLoop.m_6367_(ReentrantBlockableEventLoop.java:23) ~[client-1.20.1-20230612.114412-srg.jar%23352!/:?]
	at net.minecraft.util.thread.BlockableEventLoop.m_7245_(BlockableEventLoop.java:130) ~[client-1.20.1-20230612.114412-srg.jar%23352!/:?]
	at net.minecraft.util.thread.BlockableEventLoop.m_18701_(BlockableEventLoop.java:139) ~[client-1.20.1-20230612.114412-srg.jar%23352!/:?]
	at net.minecraft.client.gui.screens.worldselection.CreateWorldScreen.m_232896_(CreateWorldScreen.java:131) ~[client-1.20.1-20230612.114412-srg.jar%23352!/:?]
	at net.minecraft.client.gui.screens.worldselection.SelectWorldScreen.m_279861_(SelectWorldScreen.java:60) ~[client-1.20.1-20230612.114412-srg.jar%23352!/:?]
	at net.minecraft.client.gui.components.Button.m_5691_(Button.java:38) ~[client-1.20.1-20230612.114412-srg.jar%23352!/:?]
	at net.minecraft.client.gui.components.AbstractButton.m_5716_(AbstractButton.java:55) ~[client-1.20.1-20230612.114412-srg.jar%23352!/:?]
	at net.minecraft.client.gui.components.AbstractWidget.m_6375_(AbstractWidget.java:175) ~[client-1.20.1-20230612.114412-srg.jar%23352!/:?]
	at net.minecraft.client.gui.components.events.ContainerEventHandler.m_6375_(ContainerEventHandler.java:38) ~[client-1.20.1-20230612.114412-srg.jar%23352!/:?]
	at net.minecraft.client.MouseHandler.m_168084_(MouseHandler.java:92) ~[client-1.20.1-20230612.114412-srg.jar%23352!/:?]
	at net.minecraft.client.gui.screens.Screen.m_96579_(Screen.java:437) ~[client-1.20.1-20230612.114412-srg.jar%23352!/:?]
	at net.minecraft.client.MouseHandler.m_91530_(MouseHandler.java:89) ~[client-1.20.1-20230612.114412-srg.jar%23352!/:?]
	at net.minecraft.client.MouseHandler.m_168091_(MouseHandler.java:189) ~[client-1.20.1-20230612.114412-srg.jar%23352!/:?]
	at net.minecraft.util.thread.BlockableEventLoop.execute(BlockableEventLoop.java:102) ~[client-1.20.1-20230612.114412-srg.jar%23352!/:?]
	at net.minecraft.client.MouseHandler.m_91565_(MouseHandler.java:188) ~[client-1.20.1-20230612.114412-srg.jar%23352!/:?]
	at org.lwjgl.glfw.GLFWMouseButtonCallbackI.callback(GLFWMouseButtonCallbackI.java:43) ~[lwjgl-glfw-3.3.1.jar%2373!/:build 7]
	at org.lwjgl.system.JNI.invokeV(Native Method) ~[lwjgl-3.3.1.jar%2385!/:build 7]
	at org.lwjgl.glfw.GLFW.glfwWaitEventsTimeout(GLFW.java:3474) ~[lwjgl-glfw-3.3.1.jar%2373!/:build 7]
	at com.mojang.blaze3d.systems.RenderSystem.limitDisplayFPS(RenderSystem.java:237) ~[client-1.20.1-20230612.114412-srg.jar%23352!/:?]
	at net.minecraft.client.Minecraft.m_91383_(Minecraft.java:1173) ~[client-1.20.1-20230612.114412-srg.jar%23352!/:?]
	at net.minecraft.client.Minecraft.m_91374_(Minecraft.java:718) ~[client-1.20.1-20230612.114412-srg.jar%23352!/:?]
	at net.minecraft.client.main.Main.main(Main.java:218) ~[minecraft-1.20.1-client.jar:?]
	at jdk.internal.reflect.NativeMethodAccessorImpl.invoke0(Native Method) ~[?:?]
	at jdk.internal.reflect.NativeMethodAccessorImpl.invoke(NativeMethodAccessorImpl.java:77) ~[?:?]
	at jdk.internal.reflect.DelegatingMethodAccessorImpl.invoke(DelegatingMethodAccessorImpl.java:43) ~[?:?]
	at java.lang.reflect.Method.invoke(Method.java:569) ~[?:?]
	at net.minecraftforge.fml.loading.targets.CommonLaunchHandler.runTarget(CommonLaunchHandler.java:111) ~[fmlloader-1.20.1-47.4.10.jar:?]
	at net.minecraftforge.fml.loading.targets.CommonLaunchHandler.clientService(CommonLaunchHandler.java:99) ~[fmlloader-1.20.1-47.4.10.jar:?]
	at net.minecraftforge.fml.loading.targets.CommonClientLaunchHandler.lambda$makeService$0(CommonClientLaunchHandler.java:25) ~[fmlloader-1.20.1-47.4.10.jar:?]
	at cpw.mods.modlauncher.LaunchServiceHandlerDecorator.launch(LaunchServiceHandlerDecorator.java:30) ~[modlauncher-10.0.9.jar:?]
	at cpw.mods.modlauncher.LaunchServiceHandler.launch(LaunchServiceHandler.java:53) ~[modlauncher-10.0.9.jar:?]
	at cpw.mods.modlauncher.LaunchServiceHandler.launch(LaunchServiceHandler.java:71) ~[modlauncher-10.0.9.jar:?]
	at cpw.mods.modlauncher.Launcher.run(Launcher.java:108) ~[modlauncher-10.0.9.jar:?]
	at cpw.mods.modlauncher.Launcher.main(Launcher.java:78) ~[modlauncher-10.0.9.jar:?]
	at cpw.mods.modlauncher.BootstrapLaunchConsumer.accept(BootstrapLaunchConsumer.java:26) ~[modlauncher-10.0.9.jar:?]
	at cpw.mods.modlauncher.BootstrapLaunchConsumer.accept(BootstrapLaunchConsumer.java:23) ~[modlauncher-10.0.9.jar:?]
	at cpw.mods.bootstraplauncher.BootstrapLauncher.main(BootstrapLauncher.java:141) ~[bootstraplauncher-1.1.2.jar:?]
	at jdk.internal.reflect.NativeMethodAccessorImpl.invoke0(Native Method) ~[?:?]
	at jdk.internal.reflect.NativeMethodAccessorImpl.invoke(NativeMethodAccessorImpl.java:77) ~[?:?]
	at jdk.internal.reflect.DelegatingMethodAccessorImpl.invoke(DelegatingMethodAccessorImpl.java:43) ~[?:?]
	at java.lang.reflect.Method.invoke(Method.java:569) ~[?:?]
	at io.github.zekerzhayard.forgewrapper.installer.Main.main(Main.java:67) ~[?:?]
	at org.prismlauncher.launcher.impl.StandardLauncher.launch(StandardLauncher.java:115) ~[?:?]
	at org.prismlauncher.EntryPoint.listen(EntryPoint.java:129) ~[?:?]
	at org.prismlauncher.EntryPoint.main(EntryPoint.java:70) ~[?:?]
[28Mar2026 04:55:34.416] [Render thread/ERROR] [net.minecraft.world.item.crafting.RecipeManager/]: Parsing error loading recipe ltc2:compat/jeed/haste
com.google.gson.JsonSyntaxException: Invalid or unsupported recipe type 'jeed:effect_provider'
	at net.minecraft.world.item.crafting.RecipeManager.m_220253_(RecipeManager.java:170) ~[client-1.20.1-20230612.114412-srg.jar%23352!/:?]
	at java.util.Optional.orElseThrow(Optional.java:403) ~[?:?]
	at net.minecraft.world.item.crafting.RecipeManager.fromJson(RecipeManager.java:169) ~[client-1.20.1-20230612.114412-srg.jar%23352!/:?]
	at net.minecraft.world.item.crafting.RecipeManager.m_5787_(RecipeManager.java:67) ~[client-1.20.1-20230612.114412-srg.jar%23352!/:?]
	at net.minecraft.world.item.crafting.RecipeManager.m_5787_(RecipeManager.java:34) ~[client-1.20.1-20230612.114412-srg.jar%23352!/:?]
	at net.minecraft.server.packs.resources.SimplePreparableReloadListener.m_10789_(SimplePreparableReloadListener.java:13) ~[client-1.20.1-20230612.114412-srg.jar%23352!/:?]
	at java.util.concurrent.CompletableFuture$UniAccept.tryFire(CompletableFuture.java:718) ~[?:?]
	at java.util.concurrent.CompletableFuture$Completion.run(CompletableFuture.java:482) ~[?:?]
	at net.minecraft.server.packs.resources.SimpleReloadInstance.m_143940_(SimpleReloadInstance.java:69) ~[client-1.20.1-20230612.114412-srg.jar%23352!/:?]
	at net.minecraft.util.thread.BlockableEventLoop.m_6367_(BlockableEventLoop.java:156) ~[client-1.20.1-20230612.114412-srg.jar%23352!/:?]
	at net.minecraft.util.thread.ReentrantBlockableEventLoop.m_6367_(ReentrantBlockableEventLoop.java:23) ~[client-1.20.1-20230612.114412-srg.jar%23352!/:?]
	at net.minecraft.util.thread.BlockableEventLoop.m_7245_(BlockableEventLoop.java:130) ~[client-1.20.1-20230612.114412-srg.jar%23352!/:?]
	at net.minecraft.util.thread.BlockableEventLoop.m_18701_(BlockableEventLoop.java:139) ~[client-1.20.1-20230612.114412-srg.jar%23352!/:?]
	at net.minecraft.client.gui.screens.worldselection.CreateWorldScreen.m_232896_(CreateWorldScreen.java:131) ~[client-1.20.1-20230612.114412-srg.jar%23352!/:?]
	at net.minecraft.client.gui.screens.worldselection.SelectWorldScreen.m_279861_(SelectWorldScreen.java:60) ~[client-1.20.1-20230612.114412-srg.jar%23352!/:?]
	at net.minecraft.client.gui.components.Button.m_5691_(Button.java:38) ~[client-1.20.1-20230612.114412-srg.jar%23352!/:?]
	at net.minecraft.client.gui.components.AbstractButton.m_5716_(AbstractButton.java:55) ~[client-1.20.1-20230612.114412-srg.jar%23352!/:?]
	at net.minecraft.client.gui.components.AbstractWidget.m_6375_(AbstractWidget.java:175) ~[client-1.20.1-20230612.114412-srg.jar%23352!/:?]
	at net.minecraft.client.gui.components.events.ContainerEventHandler.m_6375_(ContainerEventHandler.java:38) ~[client-1.20.1-20230612.114412-srg.jar%23352!/:?]
	at net.minecraft.client.MouseHandler.m_168084_(MouseHandler.java:92) ~[client-1.20.1-20230612.114412-srg.jar%23352!/:?]
	at net.minecraft.client.gui.screens.Screen.m_96579_(Screen.java:437) ~[client-1.20.1-20230612.114412-srg.jar%23352!/:?]
	at net.minecraft.client.MouseHandler.m_91530_(MouseHandler.java:89) ~[client-1.20.1-20230612.114412-srg.jar%23352!/:?]
	at net.minecraft.client.MouseHandler.m_168091_(MouseHandler.java:189) ~[client-1.20.1-20230612.114412-srg.jar%23352!/:?]
	at net.minecraft.util.thread.BlockableEventLoop.execute(BlockableEventLoop.java:102) ~[client-1.20.1-20230612.114412-srg.jar%23352!/:?]
	at net.minecraft.client.MouseHandler.m_91565_(MouseHandler.java:188) ~[client-1.20.1-20230612.114412-srg.jar%23352!/:?]
	at org.lwjgl.glfw.GLFWMouseButtonCallbackI.callback(GLFWMouseButtonCallbackI.java:43) ~[lwjgl-glfw-3.3.1.jar%2373!/:build 7]
	at org.lwjgl.system.JNI.invokeV(Native Method) ~[lwjgl-3.3.1.jar%2385!/:build 7]
	at org.lwjgl.glfw.GLFW.glfwWaitEventsTimeout(GLFW.java:3474) ~[lwjgl-glfw-3.3.1.jar%2373!/:build 7]
	at com.mojang.blaze3d.systems.RenderSystem.limitDisplayFPS(RenderSystem.java:237) ~[client-1.20.1-20230612.114412-srg.jar%23352!/:?]
	at net.minecraft.client.Minecraft.m_91383_(Minecraft.java:1173) ~[client-1.20.1-20230612.114412-srg.jar%23352!/:?]
	at net.minecraft.client.Minecraft.m_91374_(Minecraft.java:718) ~[client-1.20.1-20230612.114412-srg.jar%23352!/:?]
	at net.minecraft.client.main.Main.main(Main.java:218) ~[minecraft-1.20.1-client.jar:?]
	at jdk.internal.reflect.NativeMethodAccessorImpl.invoke0(Native Method) ~[?:?]
	at jdk.internal.reflect.NativeMethodAccessorImpl.invoke(NativeMethodAccessorImpl.java:77) ~[?:?]
	at jdk.internal.reflect.DelegatingMethodAccessorImpl.invoke(DelegatingMethodAccessorImpl.java:43) ~[?:?]
	at java.lang.reflect.Method.invoke(Method.java:569) ~[?:?]
	at net.minecraftforge.fml.loading.targets.CommonLaunchHandler.runTarget(CommonLaunchHandler.java:111) ~[fmlloader-1.20.1-47.4.10.jar:?]
	at net.minecraftforge.fml.loading.targets.CommonLaunchHandler.clientService(CommonLaunchHandler.java:99) ~[fmlloader-1.20.1-47.4.10.jar:?]
	at net.minecraftforge.fml.loading.targets.CommonClientLaunchHandler.lambda$makeService$0(CommonClientLaunchHandler.java:25) ~[fmlloader-1.20.1-47.4.10.jar:?]
	at cpw.mods.modlauncher.LaunchServiceHandlerDecorator.launch(LaunchServiceHandlerDecorator.java:30) ~[modlauncher-10.0.9.jar:?]
	at cpw.mods.modlauncher.LaunchServiceHandler.launch(LaunchServiceHandler.java:53) ~[modlauncher-10.0.9.jar:?]
	at cpw.mods.modlauncher.LaunchServiceHandler.launch(LaunchServiceHandler.java:71) ~[modlauncher-10.0.9.jar:?]
	at cpw.mods.modlauncher.Launcher.run(Launcher.java:108) ~[modlauncher-10.0.9.jar:?]
	at cpw.mods.modlauncher.Launcher.main(Launcher.java:78) ~[modlauncher-10.0.9.jar:?]
	at cpw.mods.modlauncher.BootstrapLaunchConsumer.accept(BootstrapLaunchConsumer.java:26) ~[modlauncher-10.0.9.jar:?]
	at cpw.mods.modlauncher.BootstrapLaunchConsumer.accept(BootstrapLaunchConsumer.java:23) ~[modlauncher-10.0.9.jar:?]
	at cpw.mods.bootstraplauncher.BootstrapLauncher.main(BootstrapLauncher.java:141) ~[bootstraplauncher-1.1.2.jar:?]
	at jdk.internal.reflect.NativeMethodAccessorImpl.invoke0(Native Method) ~[?:?]
	at jdk.internal.reflect.NativeMethodAccessorImpl.invoke(NativeMethodAccessorImpl.java:77) ~[?:?]
	at jdk.internal.reflect.DelegatingMethodAccessorImpl.invoke(DelegatingMethodAccessorImpl.java:43) ~[?:?]
	at java.lang.reflect.Method.invoke(Method.java:569) ~[?:?]
	at io.github.zekerzhayard.forgewrapper.installer.Main.main(Main.java:67) ~[?:?]
	at org.prismlauncher.launcher.impl.StandardLauncher.launch(StandardLauncher.java:115) ~[?:?]
	at org.prismlauncher.EntryPoint.listen(EntryPoint.java:129) ~[?:?]
	at org.prismlauncher.EntryPoint.main(EntryPoint.java:70) ~[?:?]
[28Mar2026 04:55:34.422] [Render thread/ERROR] [net.minecraft.world.item.crafting.RecipeManager/]: Parsing error loading recipe ltc2:compat/crockpot/cooking/wither_latiao
com.google.gson.JsonSyntaxException: Invalid or unsupported recipe type 'crockpot:crock_pot_cooking'
	at net.minecraft.world.item.crafting.RecipeManager.m_220253_(RecipeManager.java:170) ~[client-1.20.1-20230612.114412-srg.jar%23352!/:?]
	at java.util.Optional.orElseThrow(Optional.java:403) ~[?:?]
	at net.minecraft.world.item.crafting.RecipeManager.fromJson(RecipeManager.java:169) ~[client-1.20.1-20230612.114412-srg.jar%23352!/:?]
	at net.minecraft.world.item.crafting.RecipeManager.m_5787_(RecipeManager.java:67) ~[client-1.20.1-20230612.114412-srg.jar%23352!/:?]
	at net.minecraft.world.item.crafting.RecipeManager.m_5787_(RecipeManager.java:34) ~[client-1.20.1-20230612.114412-srg.jar%23352!/:?]
	at net.minecraft.server.packs.resources.SimplePreparableReloadListener.m_10789_(SimplePreparableReloadListener.java:13) ~[client-1.20.1-20230612.114412-srg.jar%23352!/:?]
	at java.util.concurrent.CompletableFuture$UniAccept.tryFire(CompletableFuture.java:718) ~[?:?]
	at java.util.concurrent.CompletableFuture$Completion.run(CompletableFuture.java:482) ~[?:?]
	at net.minecraft.server.packs.resources.SimpleReloadInstance.m_143940_(SimpleReloadInstance.java:69) ~[client-1.20.1-20230612.114412-srg.jar%23352!/:?]
	at net.minecraft.util.thread.BlockableEventLoop.m_6367_(BlockableEventLoop.java:156) ~[client-1.20.1-20230612.114412-srg.jar%23352!/:?]
	at net.minecraft.util.thread.ReentrantBlockableEventLoop.m_6367_(ReentrantBlockableEventLoop.java:23) ~[client-1.20.1-20230612.114412-srg.jar%23352!/:?]
	at net.minecraft.util.thread.BlockableEventLoop.m_7245_(BlockableEventLoop.java:130) ~[client-1.20.1-20230612.114412-srg.jar%23352!/:?]
	at net.minecraft.util.thread.BlockableEventLoop.m_18701_(BlockableEventLoop.java:139) ~[client-1.20.1-20230612.114412-srg.jar%23352!/:?]
	at net.minecraft.client.gui.screens.worldselection.CreateWorldScreen.m_232896_(CreateWorldScreen.java:131) ~[client-1.20.1-20230612.114412-srg.jar%23352!/:?]
	at net.minecraft.client.gui.screens.worldselection.SelectWorldScreen.m_279861_(SelectWorldScreen.java:60) ~[client-1.20.1-20230612.114412-srg.jar%23352!/:?]
	at net.minecraft.client.gui.components.Button.m_5691_(Button.java:38) ~[client-1.20.1-20230612.114412-srg.jar%23352!/:?]
	at net.minecraft.client.gui.components.AbstractButton.m_5716_(AbstractButton.java:55) ~[client-1.20.1-20230612.114412-srg.jar%23352!/:?]
	at net.minecraft.client.gui.components.AbstractWidget.m_6375_(AbstractWidget.java:175) ~[client-1.20.1-20230612.114412-srg.jar%23352!/:?]
	at net.minecraft.client.gui.components.events.ContainerEventHandler.m_6375_(ContainerEventHandler.java:38) ~[client-1.20.1-20230612.114412-srg.jar%23352!/:?]
	at net.minecraft.client.MouseHandler.m_168084_(MouseHandler.java:92) ~[client-1.20.1-20230612.114412-srg.jar%23352!/:?]
	at net.minecraft.client.gui.screens.Screen.m_96579_(Screen.java:437) ~[client-1.20.1-20230612.114412-srg.jar%23352!/:?]
	at net.minecraft.client.MouseHandler.m_91530_(MouseHandler.java:89) ~[client-1.20.1-20230612.114412-srg.jar%23352!/:?]
	at net.minecraft.client.MouseHandler.m_168091_(MouseHandler.java:189) ~[client-1.20.1-20230612.114412-srg.jar%23352!/:?]
	at net.minecraft.util.thread.BlockableEventLoop.execute(BlockableEventLoop.java:102) ~[client-1.20.1-20230612.114412-srg.jar%23352!/:?]
	at net.minecraft.client.MouseHandler.m_91565_(MouseHandler.java:188) ~[client-1.20.1-20230612.114412-srg.jar%23352!/:?]
	at org.lwjgl.glfw.GLFWMouseButtonCallbackI.callback(GLFWMouseButtonCallbackI.java:43) ~[lwjgl-glfw-3.3.1.jar%2373!/:build 7]
	at org.lwjgl.system.JNI.invokeV(Native Method) ~[lwjgl-3.3.1.jar%2385!/:build 7]
	at org.lwjgl.glfw.GLFW.glfwWaitEventsTimeout(GLFW.java:3474) ~[lwjgl-glfw-3.3.1.jar%2373!/:build 7]
	at com.mojang.blaze3d.systems.RenderSystem.limitDisplayFPS(RenderSystem.java:237) ~[client-1.20.1-20230612.114412-srg.jar%23352!/:?]
	at net.minecraft.client.Minecraft.m_91383_(Minecraft.java:1173) ~[client-1.20.1-20230612.114412-srg.jar%23352!/:?]
	at net.minecraft.client.Minecraft.m_91374_(Minecraft.java:718) ~[client-1.20.1-20230612.114412-srg.jar%23352!/:?]
	at net.minecraft.client.main.Main.main(Main.java:218) ~[minecraft-1.20.1-client.jar:?]
	at jdk.internal.reflect.NativeMethodAccessorImpl.invoke0(Native Method) ~[?:?]
	at jdk.internal.reflect.NativeMethodAccessorImpl.invoke(NativeMethodAccessorImpl.java:77) ~[?:?]
	at jdk.internal.reflect.DelegatingMethodAccessorImpl.invoke(DelegatingMethodAccessorImpl.java:43) ~[?:?]
	at java.lang.reflect.Method.invoke(Method.java:569) ~[?:?]
	at net.minecraftforge.fml.loading.targets.CommonLaunchHandler.runTarget(CommonLaunchHandler.java:111) ~[fmlloader-1.20.1-47.4.10.jar:?]
	at net.minecraftforge.fml.loading.targets.CommonLaunchHandler.clientService(CommonLaunchHandler.java:99) ~[fmlloader-1.20.1-47.4.10.jar:?]
	at net.minecraftforge.fml.loading.targets.CommonClientLaunchHandler.lambda$makeService$0(CommonClientLaunchHandler.java:25) ~[fmlloader-1.20.1-47.4.10.jar:?]
	at cpw.mods.modlauncher.LaunchServiceHandlerDecorator.launch(LaunchServiceHandlerDecorator.java:30) ~[modlauncher-10.0.9.jar:?]
	at cpw.mods.modlauncher.LaunchServiceHandler.launch(LaunchServiceHandler.java:53) ~[modlauncher-10.0.9.jar:?]
	at cpw.mods.modlauncher.LaunchServiceHandler.launch(LaunchServiceHandler.java:71) ~[modlauncher-10.0.9.jar:?]
	at cpw.mods.modlauncher.Launcher.run(Launcher.java:108) ~[modlauncher-10.0.9.jar:?]
	at cpw.mods.modlauncher.Launcher.main(Launcher.java:78) ~[modlauncher-10.0.9.jar:?]
	at cpw.mods.modlauncher.BootstrapLaunchConsumer.accept(BootstrapLaunchConsumer.java:26) ~[modlauncher-10.0.9.jar:?]
	at cpw.mods.modlauncher.BootstrapLaunchConsumer.accept(BootstrapLaunchConsumer.java:23) ~[modlauncher-10.0.9.jar:?]
	at cpw.mods.bootstraplauncher.BootstrapLauncher.main(BootstrapLauncher.java:141) ~[bootstraplauncher-1.1.2.jar:?]
	at jdk.internal.reflect.NativeMethodAccessorImpl.invoke0(Native Method) ~[?:?]
	at jdk.internal.reflect.NativeMethodAccessorImpl.invoke(NativeMethodAccessorImpl.java:77) ~[?:?]
	at jdk.internal.reflect.DelegatingMethodAccessorImpl.invoke(DelegatingMethodAccessorImpl.java:43) ~[?:?]
	at java.lang.reflect.Method.invoke(Method.java:569) ~[?:?]
	at io.github.zekerzhayard.forgewrapper.installer.Main.main(Main.java:67) ~[?:?]
	at org.prismlauncher.launcher.impl.StandardLauncher.launch(StandardLauncher.java:115) ~[?:?]
	at org.prismlauncher.EntryPoint.listen(EntryPoint.java:129) ~[?:?]
	at org.prismlauncher.EntryPoint.main(EntryPoint.java:70) ~[?:?]
[28Mar2026 04:55:34.427] [Render thread/ERROR] [net.minecraft.world.item.crafting.RecipeManager/]: Parsing error loading recipe ltc2:compat/jeed/slow_falling
com.google.gson.JsonSyntaxException: Invalid or unsupported recipe type 'jeed:effect_provider'
	at net.minecraft.world.item.crafting.RecipeManager.m_220253_(RecipeManager.java:170) ~[client-1.20.1-20230612.114412-srg.jar%23352!/:?]
	at java.util.Optional.orElseThrow(Optional.java:403) ~[?:?]
	at net.minecraft.world.item.crafting.RecipeManager.fromJson(RecipeManager.java:169) ~[client-1.20.1-20230612.114412-srg.jar%23352!/:?]
	at net.minecraft.world.item.crafting.RecipeManager.m_5787_(RecipeManager.java:67) ~[client-1.20.1-20230612.114412-srg.jar%23352!/:?]
	at net.minecraft.world.item.crafting.RecipeManager.m_5787_(RecipeManager.java:34) ~[client-1.20.1-20230612.114412-srg.jar%23352!/:?]
	at net.minecraft.server.packs.resources.SimplePreparableReloadListener.m_10789_(SimplePreparableReloadListener.java:13) ~[client-1.20.1-20230612.114412-srg.jar%23352!/:?]
	at java.util.concurrent.CompletableFuture$UniAccept.tryFire(CompletableFuture.java:718) ~[?:?]
	at java.util.concurrent.CompletableFuture$Completion.run(CompletableFuture.java:482) ~[?:?]
	at net.minecraft.server.packs.resources.SimpleReloadInstance.m_143940_(SimpleReloadInstance.java:69) ~[client-1.20.1-20230612.114412-srg.jar%23352!/:?]
	at net.minecraft.util.thread.BlockableEventLoop.m_6367_(BlockableEventLoop.java:156) ~[client-1.20.1-20230612.114412-srg.jar%23352!/:?]
	at net.minecraft.util.thread.ReentrantBlockableEventLoop.m_6367_(ReentrantBlockableEventLoop.java:23) ~[client-1.20.1-20230612.114412-srg.jar%23352!/:?]
	at net.minecraft.util.thread.BlockableEventLoop.m_7245_(BlockableEventLoop.java:130) ~[client-1.20.1-20230612.114412-srg.jar%23352!/:?]
	at net.minecraft.util.thread.BlockableEventLoop.m_18701_(BlockableEventLoop.java:139) ~[client-1.20.1-20230612.114412-srg.jar%23352!/:?]
	at net.minecraft.client.gui.screens.worldselection.CreateWorldScreen.m_232896_(CreateWorldScreen.java:131) ~[client-1.20.1-20230612.114412-srg.jar%23352!/:?]
	at net.minecraft.client.gui.screens.worldselection.SelectWorldScreen.m_279861_(SelectWorldScreen.java:60) ~[client-1.20.1-20230612.114412-srg.jar%23352!/:?]
	at net.minecraft.client.gui.components.Button.m_5691_(Button.java:38) ~[client-1.20.1-20230612.114412-srg.jar%23352!/:?]
	at net.minecraft.client.gui.components.AbstractButton.m_5716_(AbstractButton.java:55) ~[client-1.20.1-20230612.114412-srg.jar%23352!/:?]
	at net.minecraft.client.gui.components.AbstractWidget.m_6375_(AbstractWidget.java:175) ~[client-1.20.1-20230612.114412-srg.jar%23352!/:?]
	at net.minecraft.client.gui.components.events.ContainerEventHandler.m_6375_(ContainerEventHandler.java:38) ~[client-1.20.1-20230612.114412-srg.jar%23352!/:?]
	at net.minecraft.client.MouseHandler.m_168084_(MouseHandler.java:92) ~[client-1.20.1-20230612.114412-srg.jar%23352!/:?]
	at net.minecraft.client.gui.screens.Screen.m_96579_(Screen.java:437) ~[client-1.20.1-20230612.114412-srg.jar%23352!/:?]
	at net.minecraft.client.MouseHandler.m_91530_(MouseHandler.java:89) ~[client-1.20.1-20230612.114412-srg.jar%23352!/:?]
	at net.minecraft.client.MouseHandler.m_168091_(MouseHandler.java:189) ~[client-1.20.1-20230612.114412-srg.jar%23352!/:?]
	at net.minecraft.util.thread.BlockableEventLoop.execute(BlockableEventLoop.java:102) ~[client-1.20.1-20230612.114412-srg.jar%23352!/:?]
	at net.minecraft.client.MouseHandler.m_91565_(MouseHandler.java:188) ~[client-1.20.1-20230612.114412-srg.jar%23352!/:?]
	at org.lwjgl.glfw.GLFWMouseButtonCallbackI.callback(GLFWMouseButtonCallbackI.java:43) ~[lwjgl-glfw-3.3.1.jar%2373!/:build 7]
	at org.lwjgl.system.JNI.invokeV(Native Method) ~[lwjgl-3.3.1.jar%2385!/:build 7]
	at org.lwjgl.glfw.GLFW.glfwWaitEventsTimeout(GLFW.java:3474) ~[lwjgl-glfw-3.3.1.jar%2373!/:build 7]
	at com.mojang.blaze3d.systems.RenderSystem.limitDisplayFPS(RenderSystem.java:237) ~[client-1.20.1-20230612.114412-srg.jar%23352!/:?]
	at net.minecraft.client.Minecraft.m_91383_(Minecraft.java:1173) ~[client-1.20.1-20230612.114412-srg.jar%23352!/:?]
	at net.minecraft.client.Minecraft.m_91374_(Minecraft.java:718) ~[client-1.20.1-20230612.114412-srg.jar%23352!/:?]
	at net.minecraft.client.main.Main.main(Main.java:218) ~[minecraft-1.20.1-client.jar:?]
	at jdk.internal.reflect.NativeMethodAccessorImpl.invoke0(Native Method) ~[?:?]
	at jdk.internal.reflect.NativeMethodAccessorImpl.invoke(NativeMethodAccessorImpl.java:77) ~[?:?]
	at jdk.internal.reflect.DelegatingMethodAccessorImpl.invoke(DelegatingMethodAccessorImpl.java:43) ~[?:?]
	at java.lang.reflect.Method.invoke(Method.java:569) ~[?:?]
	at net.minecraftforge.fml.loading.targets.CommonLaunchHandler.runTarget(CommonLaunchHandler.java:111) ~[fmlloader-1.20.1-47.4.10.jar:?]
	at net.minecraftforge.fml.loading.targets.CommonLaunchHandler.clientService(CommonLaunchHandler.java:99) ~[fmlloader-1.20.1-47.4.10.jar:?]
	at net.minecraftforge.fml.loading.targets.CommonClientLaunchHandler.lambda$makeService$0(CommonClientLaunchHandler.java:25) ~[fmlloader-1.20.1-47.4.10.jar:?]
	at cpw.mods.modlauncher.LaunchServiceHandlerDecorator.launch(LaunchServiceHandlerDecorator.java:30) ~[modlauncher-10.0.9.jar:?]
	at cpw.mods.modlauncher.LaunchServiceHandler.launch(LaunchServiceHandler.java:53) ~[modlauncher-10.0.9.jar:?]
	at cpw.mods.modlauncher.LaunchServiceHandler.launch(LaunchServiceHandler.java:71) ~[modlauncher-10.0.9.jar:?]
	at cpw.mods.modlauncher.Launcher.run(Launcher.java:108) ~[modlauncher-10.0.9.jar:?]
	at cpw.mods.modlauncher.Launcher.main(Launcher.java:78) ~[modlauncher-10.0.9.jar:?]
	at cpw.mods.modlauncher.BootstrapLaunchConsumer.accept(BootstrapLaunchConsumer.java:26) ~[modlauncher-10.0.9.jar:?]
	at cpw.mods.modlauncher.BootstrapLaunchConsumer.accept(BootstrapLaunchConsumer.java:23) ~[modlauncher-10.0.9.jar:?]
	at cpw.mods.bootstraplauncher.BootstrapLauncher.main(BootstrapLauncher.java:141) ~[bootstraplauncher-1.1.2.jar:?]
	at jdk.internal.reflect.NativeMethodAccessorImpl.invoke0(Native Method) ~[?:?]
	at jdk.internal.reflect.NativeMethodAccessorImpl.invoke(NativeMethodAccessorImpl.java:77) ~[?:?]
	at jdk.internal.reflect.DelegatingMethodAccessorImpl.invoke(DelegatingMethodAccessorImpl.java:43) ~[?:?]
	at java.lang.reflect.Method.invoke(Method.java:569) ~[?:?]
	at io.github.zekerzhayard.forgewrapper.installer.Main.main(Main.java:67) ~[?:?]
	at org.prismlauncher.launcher.impl.StandardLauncher.launch(StandardLauncher.java:115) ~[?:?]
	at org.prismlauncher.EntryPoint.listen(EntryPoint.java:129) ~[?:?]
	at org.prismlauncher.EntryPoint.main(EntryPoint.java:70) ~[?:?]
[28Mar2026 04:55:34.444] [Render thread/ERROR] [net.minecraft.world.item.crafting.RecipeManager/]: Parsing error loading recipe luminous_nether:supplementaries_reverse_ash
com.google.gson.JsonSyntaxException: Unknown item 'supplementaries:ash'
	at net.minecraftforge.common.crafting.CraftingHelper.getItem(CraftingHelper.java:160) ~[forge-1.20.1-47.4.10-universal.jar%23357!/:?]
	at net.minecraftforge.common.crafting.CraftingHelper.getItemStack(CraftingHelper.java:186) ~[forge-1.20.1-47.4.10-universal.jar%23357!/:?]
	at net.minecraft.world.item.crafting.ShapedRecipe.m_151274_(ShapedRecipe.java:286) ~[client-1.20.1-20230612.114412-srg.jar%23352!/:?]
	at net.minecraft.world.item.crafting.ShapelessRecipe$Serializer.m_6729_(ShapelessRecipe.java:95) ~[client-1.20.1-20230612.114412-srg.jar%23352!/:?]
	at net.minecraft.world.item.crafting.ShapelessRecipe$Serializer.m_6729_(ShapelessRecipe.java:84) ~[client-1.20.1-20230612.114412-srg.jar%23352!/:?]
	at net.minecraftforge.common.extensions.IForgeRecipeSerializer.fromJson(IForgeRecipeSerializer.java:23) ~[forge-1.20.1-47.4.10-universal.jar%23357!/:?]
	at net.minecraft.world.item.crafting.RecipeManager.fromJson(RecipeManager.java:171) ~[client-1.20.1-20230612.114412-srg.jar%23352!/:?]
	at net.minecraft.world.item.crafting.RecipeManager.m_5787_(RecipeManager.java:67) ~[client-1.20.1-20230612.114412-srg.jar%23352!/:?]
	at net.minecraft.world.item.crafting.RecipeManager.m_5787_(RecipeManager.java:34) ~[client-1.20.1-20230612.114412-srg.jar%23352!/:?]
	at net.minecraft.server.packs.resources.SimplePreparableReloadListener.m_10789_(SimplePreparableReloadListener.java:13) ~[client-1.20.1-20230612.114412-srg.jar%23352!/:?]
	at java.util.concurrent.CompletableFuture$UniAccept.tryFire(CompletableFuture.java:718) ~[?:?]
	at java.util.concurrent.CompletableFuture$Completion.run(CompletableFuture.java:482) ~[?:?]
	at net.minecraft.server.packs.resources.SimpleReloadInstance.m_143940_(SimpleReloadInstance.java:69) ~[client-1.20.1-20230612.114412-srg.jar%23352!/:?]
	at net.minecraft.util.thread.BlockableEventLoop.m_6367_(BlockableEventLoop.java:156) ~[client-1.20.1-20230612.114412-srg.jar%23352!/:?]
	at net.minecraft.util.thread.ReentrantBlockableEventLoop.m_6367_(ReentrantBlockableEventLoop.java:23) ~[client-1.20.1-20230612.114412-srg.jar%23352!/:?]
	at net.minecraft.util.thread.BlockableEventLoop.m_7245_(BlockableEventLoop.java:130) ~[client-1.20.1-20230612.114412-srg.jar%23352!/:?]
	at net.minecraft.util.thread.BlockableEventLoop.m_18701_(BlockableEventLoop.java:139) ~[client-1.20.1-20230612.114412-srg.jar%23352!/:?]
	at net.minecraft.client.gui.screens.worldselection.CreateWorldScreen.m_232896_(CreateWorldScreen.java:131) ~[client-1.20.1-20230612.114412-srg.jar%23352!/:?]
	at net.minecraft.client.gui.screens.worldselection.SelectWorldScreen.m_279861_(SelectWorldScreen.java:60) ~[client-1.20.1-20230612.114412-srg.jar%23352!/:?]
	at net.minecraft.client.gui.components.Button.m_5691_(Button.java:38) ~[client-1.20.1-20230612.114412-srg.jar%23352!/:?]
	at net.minecraft.client.gui.components.AbstractButton.m_5716_(AbstractButton.java:55) ~[client-1.20.1-20230612.114412-srg.jar%23352!/:?]
	at net.minecraft.client.gui.components.AbstractWidget.m_6375_(AbstractWidget.java:175) ~[client-1.20.1-20230612.114412-srg.jar%23352!/:?]
	at net.minecraft.client.gui.components.events.ContainerEventHandler.m_6375_(ContainerEventHandler.java:38) ~[client-1.20.1-20230612.114412-srg.jar%23352!/:?]
	at net.minecraft.client.MouseHandler.m_168084_(MouseHandler.java:92) ~[client-1.20.1-20230612.114412-srg.jar%23352!/:?]
	at net.minecraft.client.gui.screens.Screen.m_96579_(Screen.java:437) ~[client-1.20.1-20230612.114412-srg.jar%23352!/:?]
	at net.minecraft.client.MouseHandler.m_91530_(MouseHandler.java:89) ~[client-1.20.1-20230612.114412-srg.jar%23352!/:?]
	at net.minecraft.client.MouseHandler.m_168091_(MouseHandler.java:189) ~[client-1.20.1-20230612.114412-srg.jar%23352!/:?]
	at net.minecraft.util.thread.BlockableEventLoop.execute(BlockableEventLoop.java:102) ~[client-1.20.1-20230612.114412-srg.jar%23352!/:?]
	at net.minecraft.client.MouseHandler.m_91565_(MouseHandler.java:188) ~[client-1.20.1-20230612.114412-srg.jar%23352!/:?]
	at org.lwjgl.glfw.GLFWMouseButtonCallbackI.callback(GLFWMouseButtonCallbackI.java:43) ~[lwjgl-glfw-3.3.1.jar%2373!/:build 7]
	at org.lwjgl.system.JNI.invokeV(Native Method) ~[lwjgl-3.3.1.jar%2385!/:build 7]
	at org.lwjgl.glfw.GLFW.glfwWaitEventsTimeout(GLFW.java:3474) ~[lwjgl-glfw-3.3.1.jar%2373!/:build 7]
	at com.mojang.blaze3d.systems.RenderSystem.limitDisplayFPS(RenderSystem.java:237) ~[client-1.20.1-20230612.114412-srg.jar%23352!/:?]
	at net.minecraft.client.Minecraft.m_91383_(Minecraft.java:1173) ~[client-1.20.1-20230612.114412-srg.jar%23352!/:?]
	at net.minecraft.client.Minecraft.m_91374_(Minecraft.java:718) ~[client-1.20.1-20230612.114412-srg.jar%23352!/:?]
	at net.minecraft.client.main.Main.main(Main.java:218) ~[minecraft-1.20.1-client.jar:?]
	at jdk.internal.reflect.NativeMethodAccessorImpl.invoke0(Native Method) ~[?:?]
	at jdk.internal.reflect.NativeMethodAccessorImpl.invoke(NativeMethodAccessorImpl.java:77) ~[?:?]
	at jdk.internal.reflect.DelegatingMethodAccessorImpl.invoke(DelegatingMethodAccessorImpl.java:43) ~[?:?]
	at java.lang.reflect.Method.invoke(Method.java:569) ~[?:?]
	at net.minecraftforge.fml.loading.targets.CommonLaunchHandler.runTarget(CommonLaunchHandler.java:111) ~[fmlloader-1.20.1-47.4.10.jar:?]
	at net.minecraftforge.fml.loading.targets.CommonLaunchHandler.clientService(CommonLaunchHandler.java:99) ~[fmlloader-1.20.1-47.4.10.jar:?]
	at net.minecraftforge.fml.loading.targets.CommonClientLaunchHandler.lambda$makeService$0(CommonClientLaunchHandler.java:25) ~[fmlloader-1.20.1-47.4.10.jar:?]
	at cpw.mods.modlauncher.LaunchServiceHandlerDecorator.launch(LaunchServiceHandlerDecorator.java:30) ~[modlauncher-10.0.9.jar:?]
	at cpw.mods.modlauncher.LaunchServiceHandler.launch(LaunchServiceHandler.java:53) ~[modlauncher-10.0.9.jar:?]
	at cpw.mods.modlauncher.LaunchServiceHandler.launch(LaunchServiceHandler.java:71) ~[modlauncher-10.0.9.jar:?]
	at cpw.mods.modlauncher.Launcher.run(Launcher.java:108) ~[modlauncher-10.0.9.jar:?]
	at cpw.mods.modlauncher.Launcher.main(Launcher.java:78) ~[modlauncher-10.0.9.jar:?]
	at cpw.mods.modlauncher.BootstrapLaunchConsumer.accept(BootstrapLaunchConsumer.java:26) ~[modlauncher-10.0.9.jar:?]
	at cpw.mods.modlauncher.BootstrapLaunchConsumer.accept(BootstrapLaunchConsumer.java:23) ~[modlauncher-10.0.9.jar:?]
	at cpw.mods.bootstraplauncher.BootstrapLauncher.main(BootstrapLauncher.java:141) ~[bootstraplauncher-1.1.2.jar:?]
	at jdk.internal.reflect.NativeMethodAccessorImpl.invoke0(Native Method) ~[?:?]
	at jdk.internal.reflect.NativeMethodAccessorImpl.invoke(NativeMethodAccessorImpl.java:77) ~[?:?]
	at jdk.internal.reflect.DelegatingMethodAccessorImpl.invoke(DelegatingMethodAccessorImpl.java:43) ~[?:?]
	at java.lang.reflect.Method.invoke(Method.java:569) ~[?:?]
	at io.github.zekerzhayard.forgewrapper.installer.Main.main(Main.java:67) ~[?:?]
	at org.prismlauncher.launcher.impl.StandardLauncher.launch(StandardLauncher.java:115) ~[?:?]
	at org.prismlauncher.EntryPoint.listen(EntryPoint.java:129) ~[?:?]
	at org.prismlauncher.EntryPoint.main(EntryPoint.java:70) ~[?:?]
[28Mar2026 04:55:34.455] [Render thread/INFO] [net.minecraft.world.item.crafting.RecipeManager/]: Skipping loading recipe deep_aether:stratus_redux_recipe as it's serializer returned null
[28Mar2026 04:55:34.459] [Render thread/ERROR] [net.minecraft.world.item.crafting.RecipeManager/]: Parsing error loading recipe ltc2:compat/jeed/tailwind
com.google.gson.JsonSyntaxException: Invalid or unsupported recipe type 'jeed:effect_provider'
	at net.minecraft.world.item.crafting.RecipeManager.m_220253_(RecipeManager.java:170) ~[client-1.20.1-20230612.114412-srg.jar%23352!/:?]
	at java.util.Optional.orElseThrow(Optional.java:403) ~[?:?]
	at net.minecraft.world.item.crafting.RecipeManager.fromJson(RecipeManager.java:169) ~[client-1.20.1-20230612.114412-srg.jar%23352!/:?]
	at net.minecraft.world.item.crafting.RecipeManager.m_5787_(RecipeManager.java:67) ~[client-1.20.1-20230612.114412-srg.jar%23352!/:?]
	at net.minecraft.world.item.crafting.RecipeManager.m_5787_(RecipeManager.java:34) ~[client-1.20.1-20230612.114412-srg.jar%23352!/:?]
	at net.minecraft.server.packs.resources.SimplePreparableReloadListener.m_10789_(SimplePreparableReloadListener.java:13) ~[client-1.20.1-20230612.114412-srg.jar%23352!/:?]
	at java.util.concurrent.CompletableFuture$UniAccept.tryFire(CompletableFuture.java:718) ~[?:?]
	at java.util.concurrent.CompletableFuture$Completion.run(CompletableFuture.java:482) ~[?:?]
	at net.minecraft.server.packs.resources.SimpleReloadInstance.m_143940_(SimpleReloadInstance.java:69) ~[client-1.20.1-20230612.114412-srg.jar%23352!/:?]
	at net.minecraft.util.thread.BlockableEventLoop.m_6367_(BlockableEventLoop.java:156) ~[client-1.20.1-20230612.114412-srg.jar%23352!/:?]
	at net.minecraft.util.thread.ReentrantBlockableEventLoop.m_6367_(ReentrantBlockableEventLoop.java:23) ~[client-1.20.1-20230612.114412-srg.jar%23352!/:?]
	at net.minecraft.util.thread.BlockableEventLoop.m_7245_(BlockableEventLoop.java:130) ~[client-1.20.1-20230612.114412-srg.jar%23352!/:?]
	at net.minecraft.util.thread.BlockableEventLoop.m_18701_(BlockableEventLoop.java:139) ~[client-1.20.1-20230612.114412-srg.jar%23352!/:?]
	at net.minecraft.client.gui.screens.worldselection.CreateWorldScreen.m_232896_(CreateWorldScreen.java:131) ~[client-1.20.1-20230612.114412-srg.jar%23352!/:?]
	at net.minecraft.client.gui.screens.worldselection.SelectWorldScreen.m_279861_(SelectWorldScreen.java:60) ~[client-1.20.1-20230612.114412-srg.jar%23352!/:?]
	at net.minecraft.client.gui.components.Button.m_5691_(Button.java:38) ~[client-1.20.1-20230612.114412-srg.jar%23352!/:?]
	at net.minecraft.client.gui.components.AbstractButton.m_5716_(AbstractButton.java:55) ~[client-1.20.1-20230612.114412-srg.jar%23352!/:?]
	at net.minecraft.client.gui.components.AbstractWidget.m_6375_(AbstractWidget.java:175) ~[client-1.20.1-20230612.114412-srg.jar%23352!/:?]
	at net.minecraft.client.gui.components.events.ContainerEventHandler.m_6375_(ContainerEventHandler.java:38) ~[client-1.20.1-20230612.114412-srg.jar%23352!/:?]
	at net.minecraft.client.MouseHandler.m_168084_(MouseHandler.java:92) ~[client-1.20.1-20230612.114412-srg.jar%23352!/:?]
	at net.minecraft.client.gui.screens.Screen.m_96579_(Screen.java:437) ~[client-1.20.1-20230612.114412-srg.jar%23352!/:?]
	at net.minecraft.client.MouseHandler.m_91530_(MouseHandler.java:89) ~[client-1.20.1-20230612.114412-srg.jar%23352!/:?]
	at net.minecraft.client.MouseHandler.m_168091_(MouseHandler.java:189) ~[client-1.20.1-20230612.114412-srg.jar%23352!/:?]
	at net.minecraft.util.thread.BlockableEventLoop.execute(BlockableEventLoop.java:102) ~[client-1.20.1-20230612.114412-srg.jar%23352!/:?]
	at net.minecraft.client.MouseHandler.m_91565_(MouseHandler.java:188) ~[client-1.20.1-20230612.114412-srg.jar%23352!/:?]
	at org.lwjgl.glfw.GLFWMouseButtonCallbackI.callback(GLFWMouseButtonCallbackI.java:43) ~[lwjgl-glfw-3.3.1.jar%2373!/:build 7]
	at org.lwjgl.system.JNI.invokeV(Native Method) ~[lwjgl-3.3.1.jar%2385!/:build 7]
	at org.lwjgl.glfw.GLFW.glfwWaitEventsTimeout(GLFW.java:3474) ~[lwjgl-glfw-3.3.1.jar%2373!/:build 7]
	at com.mojang.blaze3d.systems.RenderSystem.limitDisplayFPS(RenderSystem.java:237) ~[client-1.20.1-20230612.114412-srg.jar%23352!/:?]
	at net.minecraft.client.Minecraft.m_91383_(Minecraft.java:1173) ~[client-1.20.1-20230612.114412-srg.jar%23352!/:?]
	at net.minecraft.client.Minecraft.m_91374_(Minecraft.java:718) ~[client-1.20.1-20230612.114412-srg.jar%23352!/:?]
	at net.minecraft.client.main.Main.main(Main.java:218) ~[minecraft-1.20.1-client.jar:?]
	at jdk.internal.reflect.NativeMethodAccessorImpl.invoke0(Native Method) ~[?:?]
	at jdk.internal.reflect.NativeMethodAccessorImpl.invoke(NativeMethodAccessorImpl.java:77) ~[?:?]
	at jdk.internal.reflect.DelegatingMethodAccessorImpl.invoke(DelegatingMethodAccessorImpl.java:43) ~[?:?]
	at java.lang.reflect.Method.invoke(Method.java:569) ~[?:?]
	at net.minecraftforge.fml.loading.targets.CommonLaunchHandler.runTarget(CommonLaunchHandler.java:111) ~[fmlloader-1.20.1-47.4.10.jar:?]
	at net.minecraftforge.fml.loading.targets.CommonLaunchHandler.clientService(CommonLaunchHandler.java:99) ~[fmlloader-1.20.1-47.4.10.jar:?]
	at net.minecraftforge.fml.loading.targets.CommonClientLaunchHandler.lambda$makeService$0(CommonClientLaunchHandler.java:25) ~[fmlloader-1.20.1-47.4.10.jar:?]
	at cpw.mods.modlauncher.LaunchServiceHandlerDecorator.launch(LaunchServiceHandlerDecorator.java:30) ~[modlauncher-10.0.9.jar:?]
	at cpw.mods.modlauncher.LaunchServiceHandler.launch(LaunchServiceHandler.java:53) ~[modlauncher-10.0.9.jar:?]
	at cpw.mods.modlauncher.LaunchServiceHandler.launch(LaunchServiceHandler.java:71) ~[modlauncher-10.0.9.jar:?]
	at cpw.mods.modlauncher.Launcher.run(Launcher.java:108) ~[modlauncher-10.0.9.jar:?]
	at cpw.mods.modlauncher.Launcher.main(Launcher.java:78) ~[modlauncher-10.0.9.jar:?]
	at cpw.mods.modlauncher.BootstrapLaunchConsumer.accept(BootstrapLaunchConsumer.java:26) ~[modlauncher-10.0.9.jar:?]
	at cpw.mods.modlauncher.BootstrapLaunchConsumer.accept(BootstrapLaunchConsumer.java:23) ~[modlauncher-10.0.9.jar:?]
	at cpw.mods.bootstraplauncher.BootstrapLauncher.main(BootstrapLauncher.java:141) ~[bootstraplauncher-1.1.2.jar:?]
	at jdk.internal.reflect.NativeMethodAccessorImpl.invoke0(Native Method) ~[?:?]
	at jdk.internal.reflect.NativeMethodAccessorImpl.invoke(NativeMethodAccessorImpl.java:77) ~[?:?]
	at jdk.internal.reflect.DelegatingMethodAccessorImpl.invoke(DelegatingMethodAccessorImpl.java:43) ~[?:?]
	at java.lang.reflect.Method.invoke(Method.java:569) ~[?:?]
	at io.github.zekerzhayard.forgewrapper.installer.Main.main(Main.java:67) ~[?:?]
	at org.prismlauncher.launcher.impl.StandardLauncher.launch(StandardLauncher.java:115) ~[?:?]
	at org.prismlauncher.EntryPoint.listen(EntryPoint.java:129) ~[?:?]
	at org.prismlauncher.EntryPoint.main(EntryPoint.java:70) ~[?:?]
[28Mar2026 04:55:34.462] [Render thread/ERROR] [net.minecraft.world.item.crafting.RecipeManager/]: Parsing error loading recipe minecraft:iron_ingot_from_blasting_deepslate_iron_ore
com.google.gson.JsonSyntaxException: Empty ingredient not allowed here
	at net.minecraft.world.item.crafting.ShapedRecipe.m_151278_(ShapedRecipe.java:295) ~[client-1.20.1-20230612.114412-srg.jar%23352!/:?]
	at net.minecraft.world.item.crafting.Ingredient.m_43919_(Ingredient.java:219) ~[client-1.20.1-20230612.114412-srg.jar%23352!/:?]
	at net.minecraftforge.common.crafting.VanillaIngredientSerializer.parse(VanillaIngredientSerializer.java:27) ~[forge-1.20.1-47.4.10-universal.jar%23357!/:?]
	at net.minecraftforge.common.crafting.CraftingHelper.getIngredient(CraftingHelper.java:148) ~[forge-1.20.1-47.4.10-universal.jar%23357!/:?]
	at net.minecraft.world.item.crafting.Ingredient.m_288218_(Ingredient.java:194) ~[client-1.20.1-20230612.114412-srg.jar%23352!/:?]
	at net.minecraft.world.item.crafting.ShapelessRecipe$Serializer.m_44275_(ShapelessRecipe.java:104) ~[client-1.20.1-20230612.114412-srg.jar%23352!/:?]
	at net.minecraft.world.item.crafting.ShapelessRecipe$Serializer.m_6729_(ShapelessRecipe.java:89) ~[client-1.20.1-20230612.114412-srg.jar%23352!/:?]
	at net.minecraft.world.item.crafting.ShapelessRecipe$Serializer.m_6729_(ShapelessRecipe.java:84) ~[client-1.20.1-20230612.114412-srg.jar%23352!/:?]
	at net.minecraftforge.common.extensions.IForgeRecipeSerializer.fromJson(IForgeRecipeSerializer.java:23) ~[forge-1.20.1-47.4.10-universal.jar%23357!/:?]
	at net.minecraft.world.item.crafting.RecipeManager.fromJson(RecipeManager.java:171) ~[client-1.20.1-20230612.114412-srg.jar%23352!/:?]
	at net.minecraft.world.item.crafting.RecipeManager.m_5787_(RecipeManager.java:67) ~[client-1.20.1-20230612.114412-srg.jar%23352!/:?]
	at net.minecraft.world.item.crafting.RecipeManager.m_5787_(RecipeManager.java:34) ~[client-1.20.1-20230612.114412-srg.jar%23352!/:?]
	at net.minecraft.server.packs.resources.SimplePreparableReloadListener.m_10789_(SimplePreparableReloadListener.java:13) ~[client-1.20.1-20230612.114412-srg.jar%23352!/:?]
	at java.util.concurrent.CompletableFuture$UniAccept.tryFire(CompletableFuture.java:718) ~[?:?]
	at java.util.concurrent.CompletableFuture$Completion.run(CompletableFuture.java:482) ~[?:?]
	at net.minecraft.server.packs.resources.SimpleReloadInstance.m_143940_(SimpleReloadInstance.java:69) ~[client-1.20.1-20230612.114412-srg.jar%23352!/:?]
	at net.minecraft.util.thread.BlockableEventLoop.m_6367_(BlockableEventLoop.java:156) ~[client-1.20.1-20230612.114412-srg.jar%23352!/:?]
	at net.minecraft.util.thread.ReentrantBlockableEventLoop.m_6367_(ReentrantBlockableEventLoop.java:23) ~[client-1.20.1-20230612.114412-srg.jar%23352!/:?]
	at net.minecraft.util.thread.BlockableEventLoop.m_7245_(BlockableEventLoop.java:130) ~[client-1.20.1-20230612.114412-srg.jar%23352!/:?]
	at net.minecraft.util.thread.BlockableEventLoop.m_18701_(BlockableEventLoop.java:139) ~[client-1.20.1-20230612.114412-srg.jar%23352!/:?]
	at net.minecraft.client.gui.screens.worldselection.CreateWorldScreen.m_232896_(CreateWorldScreen.java:131) ~[client-1.20.1-20230612.114412-srg.jar%23352!/:?]
	at net.minecraft.client.gui.screens.worldselection.SelectWorldScreen.m_279861_(SelectWorldScreen.java:60) ~[client-1.20.1-20230612.114412-srg.jar%23352!/:?]
	at net.minecraft.client.gui.components.Button.m_5691_(Button.java:38) ~[client-1.20.1-20230612.114412-srg.jar%23352!/:?]
	at net.minecraft.client.gui.components.AbstractButton.m_5716_(AbstractButton.java:55) ~[client-1.20.1-20230612.114412-srg.jar%23352!/:?]
	at net.minecraft.client.gui.components.AbstractWidget.m_6375_(AbstractWidget.java:175) ~[client-1.20.1-20230612.114412-srg.jar%23352!/:?]
	at net.minecraft.client.gui.components.events.ContainerEventHandler.m_6375_(ContainerEventHandler.java:38) ~[client-1.20.1-20230612.114412-srg.jar%23352!/:?]
	at net.minecraft.client.MouseHandler.m_168084_(MouseHandler.java:92) ~[client-1.20.1-20230612.114412-srg.jar%23352!/:?]
	at net.minecraft.client.gui.screens.Screen.m_96579_(Screen.java:437) ~[client-1.20.1-20230612.114412-srg.jar%23352!/:?]
	at net.minecraft.client.MouseHandler.m_91530_(MouseHandler.java:89) ~[client-1.20.1-20230612.114412-srg.jar%23352!/:?]
	at net.minecraft.client.MouseHandler.m_168091_(MouseHandler.java:189) ~[client-1.20.1-20230612.114412-srg.jar%23352!/:?]
	at net.minecraft.util.thread.BlockableEventLoop.execute(BlockableEventLoop.java:102) ~[client-1.20.1-20230612.114412-srg.jar%23352!/:?]
	at net.minecraft.client.MouseHandler.m_91565_(MouseHandler.java:188) ~[client-1.20.1-20230612.114412-srg.jar%23352!/:?]
	at org.lwjgl.glfw.GLFWMouseButtonCallbackI.callback(GLFWMouseButtonCallbackI.java:43) ~[lwjgl-glfw-3.3.1.jar%2373!/:build 7]
	at org.lwjgl.system.JNI.invokeV(Native Method) ~[lwjgl-3.3.1.jar%2385!/:build 7]
	at org.lwjgl.glfw.GLFW.glfwWaitEventsTimeout(GLFW.java:3474) ~[lwjgl-glfw-3.3.1.jar%2373!/:build 7]
	at com.mojang.blaze3d.systems.RenderSystem.limitDisplayFPS(RenderSystem.java:237) ~[client-1.20.1-20230612.114412-srg.jar%23352!/:?]
	at net.minecraft.client.Minecraft.m_91383_(Minecraft.java:1173) ~[client-1.20.1-20230612.114412-srg.jar%23352!/:?]
	at net.minecraft.client.Minecraft.m_91374_(Minecraft.java:718) ~[client-1.20.1-20230612.114412-srg.jar%23352!/:?]
	at net.minecraft.client.main.Main.main(Main.java:218) ~[minecraft-1.20.1-client.jar:?]
	at jdk.internal.reflect.NativeMethodAccessorImpl.invoke0(Native Method) ~[?:?]
	at jdk.internal.reflect.NativeMethodAccessorImpl.invoke(NativeMethodAccessorImpl.java:77) ~[?:?]
	at jdk.internal.reflect.DelegatingMethodAccessorImpl.invoke(DelegatingMethodAccessorImpl.java:43) ~[?:?]
	at java.lang.reflect.Method.invoke(Method.java:569) ~[?:?]
	at net.minecraftforge.fml.loading.targets.CommonLaunchHandler.runTarget(CommonLaunchHandler.java:111) ~[fmlloader-1.20.1-47.4.10.jar:?]
	at net.minecraftforge.fml.loading.targets.CommonLaunchHandler.clientService(CommonLaunchHandler.java:99) ~[fmlloader-1.20.1-47.4.10.jar:?]
	at net.minecraftforge.fml.loading.targets.CommonClientLaunchHandler.lambda$makeService$0(CommonClientLaunchHandler.java:25) ~[fmlloader-1.20.1-47.4.10.jar:?]
	at cpw.mods.modlauncher.LaunchServiceHandlerDecorator.launch(LaunchServiceHandlerDecorator.java:30) ~[modlauncher-10.0.9.jar:?]
	at cpw.mods.modlauncher.LaunchServiceHandler.launch(LaunchServiceHandler.java:53) ~[modlauncher-10.0.9.jar:?]
	at cpw.mods.modlauncher.LaunchServiceHandler.launch(LaunchServiceHandler.java:71) ~[modlauncher-10.0.9.jar:?]
	at cpw.mods.modlauncher.Launcher.run(Launcher.java:108) ~[modlauncher-10.0.9.jar:?]
	at cpw.mods.modlauncher.Launcher.main(Launcher.java:78) ~[modlauncher-10.0.9.jar:?]
	at cpw.mods.modlauncher.BootstrapLaunchConsumer.accept(BootstrapLaunchConsumer.java:26) ~[modlauncher-10.0.9.jar:?]
	at cpw.mods.modlauncher.BootstrapLaunchConsumer.accept(BootstrapLaunchConsumer.java:23) ~[modlauncher-10.0.9.jar:?]
	at cpw.mods.bootstraplauncher.BootstrapLauncher.main(BootstrapLauncher.java:141) ~[bootstraplauncher-1.1.2.jar:?]
	at jdk.internal.reflect.NativeMethodAccessorImpl.invoke0(Native Method) ~[?:?]
	at jdk.internal.reflect.NativeMethodAccessorImpl.invoke(NativeMethodAccessorImpl.java:77) ~[?:?]
	at jdk.internal.reflect.DelegatingMethodAccessorImpl.invoke(DelegatingMethodAccessorImpl.java:43) ~[?:?]
	at java.lang.reflect.Method.invoke(Method.java:569) ~[?:?]
	at io.github.zekerzhayard.forgewrapper.installer.Main.main(Main.java:67) ~[?:?]
	at org.prismlauncher.launcher.impl.StandardLauncher.launch(StandardLauncher.java:115) ~[?:?]
	at org.prismlauncher.EntryPoint.listen(EntryPoint.java:129) ~[?:?]
	at org.prismlauncher.EntryPoint.main(EntryPoint.java:70) ~[?:?]
[28Mar2026 04:55:34.463] [Render thread/ERROR] [net.minecraft.world.item.crafting.RecipeManager/]: Parsing error loading recipe ltc2:compat/jeed/hot
com.google.gson.JsonSyntaxException: Invalid or unsupported recipe type 'jeed:effect_provider'
	at net.minecraft.world.item.crafting.RecipeManager.m_220253_(RecipeManager.java:170) ~[client-1.20.1-20230612.114412-srg.jar%23352!/:?]
	at java.util.Optional.orElseThrow(Optional.java:403) ~[?:?]
	at net.minecraft.world.item.crafting.RecipeManager.fromJson(RecipeManager.java:169) ~[client-1.20.1-20230612.114412-srg.jar%23352!/:?]
	at net.minecraft.world.item.crafting.RecipeManager.m_5787_(RecipeManager.java:67) ~[client-1.20.1-20230612.114412-srg.jar%23352!/:?]
	at net.minecraft.world.item.crafting.RecipeManager.m_5787_(RecipeManager.java:34) ~[client-1.20.1-20230612.114412-srg.jar%23352!/:?]
	at net.minecraft.server.packs.resources.SimplePreparableReloadListener.m_10789_(SimplePreparableReloadListener.java:13) ~[client-1.20.1-20230612.114412-srg.jar%23352!/:?]
	at java.util.concurrent.CompletableFuture$UniAccept.tryFire(CompletableFuture.java:718) ~[?:?]
	at java.util.concurrent.CompletableFuture$Completion.run(CompletableFuture.java:482) ~[?:?]
	at net.minecraft.server.packs.resources.SimpleReloadInstance.m_143940_(SimpleReloadInstance.java:69) ~[client-1.20.1-20230612.114412-srg.jar%23352!/:?]
	at net.minecraft.util.thread.BlockableEventLoop.m_6367_(BlockableEventLoop.java:156) ~[client-1.20.1-20230612.114412-srg.jar%23352!/:?]
	at net.minecraft.util.thread.ReentrantBlockableEventLoop.m_6367_(ReentrantBlockableEventLoop.java:23) ~[client-1.20.1-20230612.114412-srg.jar%23352!/:?]
	at net.minecraft.util.thread.BlockableEventLoop.m_7245_(BlockableEventLoop.java:130) ~[client-1.20.1-20230612.114412-srg.jar%23352!/:?]
	at net.minecraft.util.thread.BlockableEventLoop.m_18701_(BlockableEventLoop.java:139) ~[client-1.20.1-20230612.114412-srg.jar%23352!/:?]
	at net.minecraft.client.gui.screens.worldselection.CreateWorldScreen.m_232896_(CreateWorldScreen.java:131) ~[client-1.20.1-20230612.114412-srg.jar%23352!/:?]
	at net.minecraft.client.gui.screens.worldselection.SelectWorldScreen.m_279861_(SelectWorldScreen.java:60) ~[client-1.20.1-20230612.114412-srg.jar%23352!/:?]
	at net.minecraft.client.gui.components.Button.m_5691_(Button.java:38) ~[client-1.20.1-20230612.114412-srg.jar%23352!/:?]
	at net.minecraft.client.gui.components.AbstractButton.m_5716_(AbstractButton.java:55) ~[client-1.20.1-20230612.114412-srg.jar%23352!/:?]
	at net.minecraft.client.gui.components.AbstractWidget.m_6375_(AbstractWidget.java:175) ~[client-1.20.1-20230612.114412-srg.jar%23352!/:?]
	at net.minecraft.client.gui.components.events.ContainerEventHandler.m_6375_(ContainerEventHandler.java:38) ~[client-1.20.1-20230612.114412-srg.jar%23352!/:?]
	at net.minecraft.client.MouseHandler.m_168084_(MouseHandler.java:92) ~[client-1.20.1-20230612.114412-srg.jar%23352!/:?]
	at net.minecraft.client.gui.screens.Screen.m_96579_(Screen.java:437) ~[client-1.20.1-20230612.114412-srg.jar%23352!/:?]
	at net.minecraft.client.MouseHandler.m_91530_(MouseHandler.java:89) ~[client-1.20.1-20230612.114412-srg.jar%23352!/:?]
	at net.minecraft.client.MouseHandler.m_168091_(MouseHandler.java:189) ~[client-1.20.1-20230612.114412-srg.jar%23352!/:?]
	at net.minecraft.util.thread.BlockableEventLoop.execute(BlockableEventLoop.java:102) ~[client-1.20.1-20230612.114412-srg.jar%23352!/:?]
	at net.minecraft.client.MouseHandler.m_91565_(MouseHandler.java:188) ~[client-1.20.1-20230612.114412-srg.jar%23352!/:?]
	at org.lwjgl.glfw.GLFWMouseButtonCallbackI.callback(GLFWMouseButtonCallbackI.java:43) ~[lwjgl-glfw-3.3.1.jar%2373!/:build 7]
	at org.lwjgl.system.JNI.invokeV(Native Method) ~[lwjgl-3.3.1.jar%2385!/:build 7]
	at org.lwjgl.glfw.GLFW.glfwWaitEventsTimeout(GLFW.java:3474) ~[lwjgl-glfw-3.3.1.jar%2373!/:build 7]
	at com.mojang.blaze3d.systems.RenderSystem.limitDisplayFPS(RenderSystem.java:237) ~[client-1.20.1-20230612.114412-srg.jar%23352!/:?]
	at net.minecraft.client.Minecraft.m_91383_(Minecraft.java:1173) ~[client-1.20.1-20230612.114412-srg.jar%23352!/:?]
	at net.minecraft.client.Minecraft.m_91374_(Minecraft.java:718) ~[client-1.20.1-20230612.114412-srg.jar%23352!/:?]
	at net.minecraft.client.main.Main.main(Main.java:218) ~[minecraft-1.20.1-client.jar:?]
	at jdk.internal.reflect.NativeMethodAccessorImpl.invoke0(Native Method) ~[?:?]
	at jdk.internal.reflect.NativeMethodAccessorImpl.invoke(NativeMethodAccessorImpl.java:77) ~[?:?]
	at jdk.internal.reflect.DelegatingMethodAccessorImpl.invoke(DelegatingMethodAccessorImpl.java:43) ~[?:?]
	at java.lang.reflect.Method.invoke(Method.java:569) ~[?:?]
	at net.minecraftforge.fml.loading.targets.CommonLaunchHandler.runTarget(CommonLaunchHandler.java:111) ~[fmlloader-1.20.1-47.4.10.jar:?]
	at net.minecraftforge.fml.loading.targets.CommonLaunchHandler.clientService(CommonLaunchHandler.java:99) ~[fmlloader-1.20.1-47.4.10.jar:?]
	at net.minecraftforge.fml.loading.targets.CommonClientLaunchHandler.lambda$makeService$0(CommonClientLaunchHandler.java:25) ~[fmlloader-1.20.1-47.4.10.jar:?]
	at cpw.mods.modlauncher.LaunchServiceHandlerDecorator.launch(LaunchServiceHandlerDecorator.java:30) ~[modlauncher-10.0.9.jar:?]
	at cpw.mods.modlauncher.LaunchServiceHandler.launch(LaunchServiceHandler.java:53) ~[modlauncher-10.0.9.jar:?]
	at cpw.mods.modlauncher.LaunchServiceHandler.launch(LaunchServiceHandler.java:71) ~[modlauncher-10.0.9.jar:?]
	at cpw.mods.modlauncher.Launcher.run(Launcher.java:108) ~[modlauncher-10.0.9.jar:?]
	at cpw.mods.modlauncher.Launcher.main(Launcher.java:78) ~[modlauncher-10.0.9.jar:?]
	at cpw.mods.modlauncher.BootstrapLaunchConsumer.accept(BootstrapLaunchConsumer.java:26) ~[modlauncher-10.0.9.jar:?]
	at cpw.mods.modlauncher.BootstrapLaunchConsumer.accept(BootstrapLaunchConsumer.java:23) ~[modlauncher-10.0.9.jar:?]
	at cpw.mods.bootstraplauncher.BootstrapLauncher.main(BootstrapLauncher.java:141) ~[bootstraplauncher-1.1.2.jar:?]
	at jdk.internal.reflect.NativeMethodAccessorImpl.invoke0(Native Method) ~[?:?]
	at jdk.internal.reflect.NativeMethodAccessorImpl.invoke(NativeMethodAccessorImpl.java:77) ~[?:?]
	at jdk.internal.reflect.DelegatingMethodAccessorImpl.invoke(DelegatingMethodAccessorImpl.java:43) ~[?:?]
	at java.lang.reflect.Method.invoke(Method.java:569) ~[?:?]
	at io.github.zekerzhayard.forgewrapper.installer.Main.main(Main.java:67) ~[?:?]
	at org.prismlauncher.launcher.impl.StandardLauncher.launch(StandardLauncher.java:115) ~[?:?]
	at org.prismlauncher.EntryPoint.listen(EntryPoint.java:129) ~[?:?]
	at org.prismlauncher.EntryPoint.main(EntryPoint.java:70) ~[?:?]
[28Mar2026 04:55:34.465] [Render thread/ERROR] [net.minecraft.world.item.crafting.RecipeManager/]: Parsing error loading recipe minecraft:tipped_arrow
com.google.gson.JsonSyntaxException: Missing type, expected to find a string
	at net.minecraft.util.GsonHelper.m_13906_(GsonHelper.java:127) ~[client-1.20.1-20230612.114412-srg.jar%23352!/:?]
	at net.minecraft.world.item.crafting.RecipeManager.fromJson(RecipeManager.java:168) ~[client-1.20.1-20230612.114412-srg.jar%23352!/:?]
	at net.minecraft.world.item.crafting.RecipeManager.m_5787_(RecipeManager.java:67) ~[client-1.20.1-20230612.114412-srg.jar%23352!/:?]
	at net.minecraft.world.item.crafting.RecipeManager.m_5787_(RecipeManager.java:34) ~[client-1.20.1-20230612.114412-srg.jar%23352!/:?]
	at net.minecraft.server.packs.resources.SimplePreparableReloadListener.m_10789_(SimplePreparableReloadListener.java:13) ~[client-1.20.1-20230612.114412-srg.jar%23352!/:?]
	at java.util.concurrent.CompletableFuture$UniAccept.tryFire(CompletableFuture.java:718) ~[?:?]
	at java.util.concurrent.CompletableFuture$Completion.run(CompletableFuture.java:482) ~[?:?]
	at net.minecraft.server.packs.resources.SimpleReloadInstance.m_143940_(SimpleReloadInstance.java:69) ~[client-1.20.1-20230612.114412-srg.jar%23352!/:?]
	at net.minecraft.util.thread.BlockableEventLoop.m_6367_(BlockableEventLoop.java:156) ~[client-1.20.1-20230612.114412-srg.jar%23352!/:?]
	at net.minecraft.util.thread.ReentrantBlockableEventLoop.m_6367_(ReentrantBlockableEventLoop.java:23) ~[client-1.20.1-20230612.114412-srg.jar%23352!/:?]
	at net.minecraft.util.thread.BlockableEventLoop.m_7245_(BlockableEventLoop.java:130) ~[client-1.20.1-20230612.114412-srg.jar%23352!/:?]
	at net.minecraft.util.thread.BlockableEventLoop.m_18701_(BlockableEventLoop.java:139) ~[client-1.20.1-20230612.114412-srg.jar%23352!/:?]
	at net.minecraft.client.gui.screens.worldselection.CreateWorldScreen.m_232896_(CreateWorldScreen.java:131) ~[client-1.20.1-20230612.114412-srg.jar%23352!/:?]
	at net.minecraft.client.gui.screens.worldselection.SelectWorldScreen.m_279861_(SelectWorldScreen.java:60) ~[client-1.20.1-20230612.114412-srg.jar%23352!/:?]
	at net.minecraft.client.gui.components.Button.m_5691_(Button.java:38) ~[client-1.20.1-20230612.114412-srg.jar%23352!/:?]
	at net.minecraft.client.gui.components.AbstractButton.m_5716_(AbstractButton.java:55) ~[client-1.20.1-20230612.114412-srg.jar%23352!/:?]
	at net.minecraft.client.gui.components.AbstractWidget.m_6375_(AbstractWidget.java:175) ~[client-1.20.1-20230612.114412-srg.jar%23352!/:?]
	at net.minecraft.client.gui.components.events.ContainerEventHandler.m_6375_(ContainerEventHandler.java:38) ~[client-1.20.1-20230612.114412-srg.jar%23352!/:?]
	at net.minecraft.client.MouseHandler.m_168084_(MouseHandler.java:92) ~[client-1.20.1-20230612.114412-srg.jar%23352!/:?]
	at net.minecraft.client.gui.screens.Screen.m_96579_(Screen.java:437) ~[client-1.20.1-20230612.114412-srg.jar%23352!/:?]
	at net.minecraft.client.MouseHandler.m_91530_(MouseHandler.java:89) ~[client-1.20.1-20230612.114412-srg.jar%23352!/:?]
	at net.minecraft.client.MouseHandler.m_168091_(MouseHandler.java:189) ~[client-1.20.1-20230612.114412-srg.jar%23352!/:?]
	at net.minecraft.util.thread.BlockableEventLoop.execute(BlockableEventLoop.java:102) ~[client-1.20.1-20230612.114412-srg.jar%23352!/:?]
	at net.minecraft.client.MouseHandler.m_91565_(MouseHandler.java:188) ~[client-1.20.1-20230612.114412-srg.jar%23352!/:?]
	at org.lwjgl.glfw.GLFWMouseButtonCallbackI.callback(GLFWMouseButtonCallbackI.java:43) ~[lwjgl-glfw-3.3.1.jar%2373!/:build 7]
	at org.lwjgl.system.JNI.invokeV(Native Method) ~[lwjgl-3.3.1.jar%2385!/:build 7]
	at org.lwjgl.glfw.GLFW.glfwWaitEventsTimeout(GLFW.java:3474) ~[lwjgl-glfw-3.3.1.jar%2373!/:build 7]
	at com.mojang.blaze3d.systems.RenderSystem.limitDisplayFPS(RenderSystem.java:237) ~[client-1.20.1-20230612.114412-srg.jar%23352!/:?]
	at net.minecraft.client.Minecraft.m_91383_(Minecraft.java:1173) ~[client-1.20.1-20230612.114412-srg.jar%23352!/:?]
	at net.minecraft.client.Minecraft.m_91374_(Minecraft.java:718) ~[client-1.20.1-20230612.114412-srg.jar%23352!/:?]
	at net.minecraft.client.main.Main.main(Main.java:218) ~[minecraft-1.20.1-client.jar:?]
	at jdk.internal.reflect.NativeMethodAccessorImpl.invoke0(Native Method) ~[?:?]
	at jdk.internal.reflect.NativeMethodAccessorImpl.invoke(NativeMethodAccessorImpl.java:77) ~[?:?]
	at jdk.internal.reflect.DelegatingMethodAccessorImpl.invoke(DelegatingMethodAccessorImpl.java:43) ~[?:?]
	at java.lang.reflect.Method.invoke(Method.java:569) ~[?:?]
	at net.minecraftforge.fml.loading.targets.CommonLaunchHandler.runTarget(CommonLaunchHandler.java:111) ~[fmlloader-1.20.1-47.4.10.jar:?]
	at net.minecraftforge.fml.loading.targets.CommonLaunchHandler.clientService(CommonLaunchHandler.java:99) ~[fmlloader-1.20.1-47.4.10.jar:?]
	at net.minecraftforge.fml.loading.targets.CommonClientLaunchHandler.lambda$makeService$0(CommonClientLaunchHandler.java:25) ~[fmlloader-1.20.1-47.4.10.jar:?]
	at cpw.mods.modlauncher.LaunchServiceHandlerDecorator.launch(LaunchServiceHandlerDecorator.java:30) ~[modlauncher-10.0.9.jar:?]
	at cpw.mods.modlauncher.LaunchServiceHandler.launch(LaunchServiceHandler.java:53) ~[modlauncher-10.0.9.jar:?]
	at cpw.mods.modlauncher.LaunchServiceHandler.launch(LaunchServiceHandler.java:71) ~[modlauncher-10.0.9.jar:?]
	at cpw.mods.modlauncher.Launcher.run(Launcher.java:108) ~[modlauncher-10.0.9.jar:?]
	at cpw.mods.modlauncher.Launcher.main(Launcher.java:78) ~[modlauncher-10.0.9.jar:?]
	at cpw.mods.modlauncher.BootstrapLaunchConsumer.accept(BootstrapLaunchConsumer.java:26) ~[modlauncher-10.0.9.jar:?]
	at cpw.mods.modlauncher.BootstrapLaunchConsumer.accept(BootstrapLaunchConsumer.java:23) ~[modlauncher-10.0.9.jar:?]
	at cpw.mods.bootstraplauncher.BootstrapLauncher.main(BootstrapLauncher.java:141) ~[bootstraplauncher-1.1.2.jar:?]
	at jdk.internal.reflect.NativeMethodAccessorImpl.invoke0(Native Method) ~[?:?]
	at jdk.internal.reflect.NativeMethodAccessorImpl.invoke(NativeMethodAccessorImpl.java:77) ~[?:?]
	at jdk.internal.reflect.DelegatingMethodAccessorImpl.invoke(DelegatingMethodAccessorImpl.java:43) ~[?:?]
	at java.lang.reflect.Method.invoke(Method.java:569) ~[?:?]
	at io.github.zekerzhayard.forgewrapper.installer.Main.main(Main.java:67) ~[?:?]
	at org.prismlauncher.launcher.impl.StandardLauncher.launch(StandardLauncher.java:115) ~[?:?]
	at org.prismlauncher.EntryPoint.listen(EntryPoint.java:129) ~[?:?]
	at org.prismlauncher.EntryPoint.main(EntryPoint.java:70) ~[?:?]
[28Mar2026 04:55:34.473] [Render thread/ERROR] [net.minecraft.world.item.crafting.RecipeManager/]: Parsing error loading recipe ltc2:compat/jeed/cryoshield
com.google.gson.JsonSyntaxException: Invalid or unsupported recipe type 'jeed:effect_provider'
	at net.minecraft.world.item.crafting.RecipeManager.m_220253_(RecipeManager.java:170) ~[client-1.20.1-20230612.114412-srg.jar%23352!/:?]
	at java.util.Optional.orElseThrow(Optional.java:403) ~[?:?]
	at net.minecraft.world.item.crafting.RecipeManager.fromJson(RecipeManager.java:169) ~[client-1.20.1-20230612.114412-srg.jar%23352!/:?]
	at net.minecraft.world.item.crafting.RecipeManager.m_5787_(RecipeManager.java:67) ~[client-1.20.1-20230612.114412-srg.jar%23352!/:?]
	at net.minecraft.world.item.crafting.RecipeManager.m_5787_(RecipeManager.java:34) ~[client-1.20.1-20230612.114412-srg.jar%23352!/:?]
	at net.minecraft.server.packs.resources.SimplePreparableReloadListener.m_10789_(SimplePreparableReloadListener.java:13) ~[client-1.20.1-20230612.114412-srg.jar%23352!/:?]
	at java.util.concurrent.CompletableFuture$UniAccept.tryFire(CompletableFuture.java:718) ~[?:?]
	at java.util.concurrent.CompletableFuture$Completion.run(CompletableFuture.java:482) ~[?:?]
	at net.minecraft.server.packs.resources.SimpleReloadInstance.m_143940_(SimpleReloadInstance.java:69) ~[client-1.20.1-20230612.114412-srg.jar%23352!/:?]
	at net.minecraft.util.thread.BlockableEventLoop.m_6367_(BlockableEventLoop.java:156) ~[client-1.20.1-20230612.114412-srg.jar%23352!/:?]
	at net.minecraft.util.thread.ReentrantBlockableEventLoop.m_6367_(ReentrantBlockableEventLoop.java:23) ~[client-1.20.1-20230612.114412-srg.jar%23352!/:?]
	at net.minecraft.util.thread.BlockableEventLoop.m_7245_(BlockableEventLoop.java:130) ~[client-1.20.1-20230612.114412-srg.jar%23352!/:?]
	at net.minecraft.util.thread.BlockableEventLoop.m_18701_(BlockableEventLoop.java:139) ~[client-1.20.1-20230612.114412-srg.jar%23352!/:?]
	at net.minecraft.client.gui.screens.worldselection.CreateWorldScreen.m_232896_(CreateWorldScreen.java:131) ~[client-1.20.1-20230612.114412-srg.jar%23352!/:?]
	at net.minecraft.client.gui.screens.worldselection.SelectWorldScreen.m_279861_(SelectWorldScreen.java:60) ~[client-1.20.1-20230612.114412-srg.jar%23352!/:?]
	at net.minecraft.client.gui.components.Button.m_5691_(Button.java:38) ~[client-1.20.1-20230612.114412-srg.jar%23352!/:?]
	at net.minecraft.client.gui.components.AbstractButton.m_5716_(AbstractButton.java:55) ~[client-1.20.1-20230612.114412-srg.jar%23352!/:?]
	at net.minecraft.client.gui.components.AbstractWidget.m_6375_(AbstractWidget.java:175) ~[client-1.20.1-20230612.114412-srg.jar%23352!/:?]
	at net.minecraft.client.gui.components.events.ContainerEventHandler.m_6375_(ContainerEventHandler.java:38) ~[client-1.20.1-20230612.114412-srg.jar%23352!/:?]
	at net.minecraft.client.MouseHandler.m_168084_(MouseHandler.java:92) ~[client-1.20.1-20230612.114412-srg.jar%23352!/:?]
	at net.minecraft.client.gui.screens.Screen.m_96579_(Screen.java:437) ~[client-1.20.1-20230612.114412-srg.jar%23352!/:?]
	at net.minecraft.client.MouseHandler.m_91530_(MouseHandler.java:89) ~[client-1.20.1-20230612.114412-srg.jar%23352!/:?]
	at net.minecraft.client.MouseHandler.m_168091_(MouseHandler.java:189) ~[client-1.20.1-20230612.114412-srg.jar%23352!/:?]
	at net.minecraft.util.thread.BlockableEventLoop.execute(BlockableEventLoop.java:102) ~[client-1.20.1-20230612.114412-srg.jar%23352!/:?]
	at net.minecraft.client.MouseHandler.m_91565_(MouseHandler.java:188) ~[client-1.20.1-20230612.114412-srg.jar%23352!/:?]
	at org.lwjgl.glfw.GLFWMouseButtonCallbackI.callback(GLFWMouseButtonCallbackI.java:43) ~[lwjgl-glfw-3.3.1.jar%2373!/:build 7]
	at org.lwjgl.system.JNI.invokeV(Native Method) ~[lwjgl-3.3.1.jar%2385!/:build 7]
	at org.lwjgl.glfw.GLFW.glfwWaitEventsTimeout(GLFW.java:3474) ~[lwjgl-glfw-3.3.1.jar%2373!/:build 7]
	at com.mojang.blaze3d.systems.RenderSystem.limitDisplayFPS(RenderSystem.java:237) ~[client-1.20.1-20230612.114412-srg.jar%23352!/:?]
	at net.minecraft.client.Minecraft.m_91383_(Minecraft.java:1173) ~[client-1.20.1-20230612.114412-srg.jar%23352!/:?]
	at net.minecraft.client.Minecraft.m_91374_(Minecraft.java:718) ~[client-1.20.1-20230612.114412-srg.jar%23352!/:?]
	at net.minecraft.client.main.Main.main(Main.java:218) ~[minecraft-1.20.1-client.jar:?]
	at jdk.internal.reflect.NativeMethodAccessorImpl.invoke0(Native Method) ~[?:?]
	at jdk.internal.reflect.NativeMethodAccessorImpl.invoke(NativeMethodAccessorImpl.java:77) ~[?:?]
	at jdk.internal.reflect.DelegatingMethodAccessorImpl.invoke(DelegatingMethodAccessorImpl.java:43) ~[?:?]
	at java.lang.reflect.Method.invoke(Method.java:569) ~[?:?]
	at net.minecraftforge.fml.loading.targets.CommonLaunchHandler.runTarget(CommonLaunchHandler.java:111) ~[fmlloader-1.20.1-47.4.10.jar:?]
	at net.minecraftforge.fml.loading.targets.CommonLaunchHandler.clientService(CommonLaunchHandler.java:99) ~[fmlloader-1.20.1-47.4.10.jar:?]
	at net.minecraftforge.fml.loading.targets.CommonClientLaunchHandler.lambda$makeService$0(CommonClientLaunchHandler.java:25) ~[fmlloader-1.20.1-47.4.10.jar:?]
	at cpw.mods.modlauncher.LaunchServiceHandlerDecorator.launch(LaunchServiceHandlerDecorator.java:30) ~[modlauncher-10.0.9.jar:?]
	at cpw.mods.modlauncher.LaunchServiceHandler.launch(LaunchServiceHandler.java:53) ~[modlauncher-10.0.9.jar:?]
	at cpw.mods.modlauncher.LaunchServiceHandler.launch(LaunchServiceHandler.java:71) ~[modlauncher-10.0.9.jar:?]
	at cpw.mods.modlauncher.Launcher.run(Launcher.java:108) ~[modlauncher-10.0.9.jar:?]
	at cpw.mods.modlauncher.Launcher.main(Launcher.java:78) ~[modlauncher-10.0.9.jar:?]
	at cpw.mods.modlauncher.BootstrapLaunchConsumer.accept(BootstrapLaunchConsumer.java:26) ~[modlauncher-10.0.9.jar:?]
	at cpw.mods.modlauncher.BootstrapLaunchConsumer.accept(BootstrapLaunchConsumer.java:23) ~[modlauncher-10.0.9.jar:?]
	at cpw.mods.bootstraplauncher.BootstrapLauncher.main(BootstrapLauncher.java:141) ~[bootstraplauncher-1.1.2.jar:?]
	at jdk.internal.reflect.NativeMethodAccessorImpl.invoke0(Native Method) ~[?:?]
	at jdk.internal.reflect.NativeMethodAccessorImpl.invoke(NativeMethodAccessorImpl.java:77) ~[?:?]
	at jdk.internal.reflect.DelegatingMethodAccessorImpl.invoke(DelegatingMethodAccessorImpl.java:43) ~[?:?]
	at java.lang.reflect.Method.invoke(Method.java:569) ~[?:?]
	at io.github.zekerzhayard.forgewrapper.installer.Main.main(Main.java:67) ~[?:?]
	at org.prismlauncher.launcher.impl.StandardLauncher.launch(StandardLauncher.java:115) ~[?:?]
	at org.prismlauncher.EntryPoint.listen(EntryPoint.java:129) ~[?:?]
	at org.prismlauncher.EntryPoint.main(EntryPoint.java:70) ~[?:?]
[28Mar2026 04:55:34.483] [Render thread/INFO] [net.minecraft.world.item.crafting.RecipeManager/]: Skipping loading recipe deep_aether:metal_mixture_recipe as it's serializer returned null
[28Mar2026 04:55:34.485] [Render thread/ERROR] [net.minecraft.world.item.crafting.RecipeManager/]: Parsing error loading recipe ltc2:compat/crockpot/foodvalues/latiao
com.google.gson.JsonSyntaxException: Invalid or unsupported recipe type 'crockpot:food_values'
	at net.minecraft.world.item.crafting.RecipeManager.m_220253_(RecipeManager.java:170) ~[client-1.20.1-20230612.114412-srg.jar%23352!/:?]
	at java.util.Optional.orElseThrow(Optional.java:403) ~[?:?]
	at net.minecraft.world.item.crafting.RecipeManager.fromJson(RecipeManager.java:169) ~[client-1.20.1-20230612.114412-srg.jar%23352!/:?]
	at net.minecraft.world.item.crafting.RecipeManager.m_5787_(RecipeManager.java:67) ~[client-1.20.1-20230612.114412-srg.jar%23352!/:?]
	at net.minecraft.world.item.crafting.RecipeManager.m_5787_(RecipeManager.java:34) ~[client-1.20.1-20230612.114412-srg.jar%23352!/:?]
	at net.minecraft.server.packs.resources.SimplePreparableReloadListener.m_10789_(SimplePreparableReloadListener.java:13) ~[client-1.20.1-20230612.114412-srg.jar%23352!/:?]
	at java.util.concurrent.CompletableFuture$UniAccept.tryFire(CompletableFuture.java:718) ~[?:?]
	at java.util.concurrent.CompletableFuture$Completion.run(CompletableFuture.java:482) ~[?:?]
	at net.minecraft.server.packs.resources.SimpleReloadInstance.m_143940_(SimpleReloadInstance.java:69) ~[client-1.20.1-20230612.114412-srg.jar%23352!/:?]
	at net.minecraft.util.thread.BlockableEventLoop.m_6367_(BlockableEventLoop.java:156) ~[client-1.20.1-20230612.114412-srg.jar%23352!/:?]
	at net.minecraft.util.thread.ReentrantBlockableEventLoop.m_6367_(ReentrantBlockableEventLoop.java:23) ~[client-1.20.1-20230612.114412-srg.jar%23352!/:?]
	at net.minecraft.util.thread.BlockableEventLoop.m_7245_(BlockableEventLoop.java:130) ~[client-1.20.1-20230612.114412-srg.jar%23352!/:?]
	at net.minecraft.util.thread.BlockableEventLoop.m_18701_(BlockableEventLoop.java:139) ~[client-1.20.1-20230612.114412-srg.jar%23352!/:?]
	at net.minecraft.client.gui.screens.worldselection.CreateWorldScreen.m_232896_(CreateWorldScreen.java:131) ~[client-1.20.1-20230612.114412-srg.jar%23352!/:?]
	at net.minecraft.client.gui.screens.worldselection.SelectWorldScreen.m_279861_(SelectWorldScreen.java:60) ~[client-1.20.1-20230612.114412-srg.jar%23352!/:?]
	at net.minecraft.client.gui.components.Button.m_5691_(Button.java:38) ~[client-1.20.1-20230612.114412-srg.jar%23352!/:?]
	at net.minecraft.client.gui.components.AbstractButton.m_5716_(AbstractButton.java:55) ~[client-1.20.1-20230612.114412-srg.jar%23352!/:?]
	at net.minecraft.client.gui.components.AbstractWidget.m_6375_(AbstractWidget.java:175) ~[client-1.20.1-20230612.114412-srg.jar%23352!/:?]
	at net.minecraft.client.gui.components.events.ContainerEventHandler.m_6375_(ContainerEventHandler.java:38) ~[client-1.20.1-20230612.114412-srg.jar%23352!/:?]
	at net.minecraft.client.MouseHandler.m_168084_(MouseHandler.java:92) ~[client-1.20.1-20230612.114412-srg.jar%23352!/:?]
	at net.minecraft.client.gui.screens.Screen.m_96579_(Screen.java:437) ~[client-1.20.1-20230612.114412-srg.jar%23352!/:?]
	at net.minecraft.client.MouseHandler.m_91530_(MouseHandler.java:89) ~[client-1.20.1-20230612.114412-srg.jar%23352!/:?]
	at net.minecraft.client.MouseHandler.m_168091_(MouseHandler.java:189) ~[client-1.20.1-20230612.114412-srg.jar%23352!/:?]
	at net.minecraft.util.thread.BlockableEventLoop.execute(BlockableEventLoop.java:102) ~[client-1.20.1-20230612.114412-srg.jar%23352!/:?]
	at net.minecraft.client.MouseHandler.m_91565_(MouseHandler.java:188) ~[client-1.20.1-20230612.114412-srg.jar%23352!/:?]
	at org.lwjgl.glfw.GLFWMouseButtonCallbackI.callback(GLFWMouseButtonCallbackI.java:43) ~[lwjgl-glfw-3.3.1.jar%2373!/:build 7]
	at org.lwjgl.system.JNI.invokeV(Native Method) ~[lwjgl-3.3.1.jar%2385!/:build 7]
	at org.lwjgl.glfw.GLFW.glfwWaitEventsTimeout(GLFW.java:3474) ~[lwjgl-glfw-3.3.1.jar%2373!/:build 7]
	at com.mojang.blaze3d.systems.RenderSystem.limitDisplayFPS(RenderSystem.java:237) ~[client-1.20.1-20230612.114412-srg.jar%23352!/:?]
	at net.minecraft.client.Minecraft.m_91383_(Minecraft.java:1173) ~[client-1.20.1-20230612.114412-srg.jar%23352!/:?]
	at net.minecraft.client.Minecraft.m_91374_(Minecraft.java:718) ~[client-1.20.1-20230612.114412-srg.jar%23352!/:?]
	at net.minecraft.client.main.Main.main(Main.java:218) ~[minecraft-1.20.1-client.jar:?]
	at jdk.internal.reflect.NativeMethodAccessorImpl.invoke0(Native Method) ~[?:?]
	at jdk.internal.reflect.NativeMethodAccessorImpl.invoke(NativeMethodAccessorImpl.java:77) ~[?:?]
	at jdk.internal.reflect.DelegatingMethodAccessorImpl.invoke(DelegatingMethodAccessorImpl.java:43) ~[?:?]
	at java.lang.reflect.Method.invoke(Method.java:569) ~[?:?]
	at net.minecraftforge.fml.loading.targets.CommonLaunchHandler.runTarget(CommonLaunchHandler.java:111) ~[fmlloader-1.20.1-47.4.10.jar:?]
	at net.minecraftforge.fml.loading.targets.CommonLaunchHandler.clientService(CommonLaunchHandler.java:99) ~[fmlloader-1.20.1-47.4.10.jar:?]
	at net.minecraftforge.fml.loading.targets.CommonClientLaunchHandler.lambda$makeService$0(CommonClientLaunchHandler.java:25) ~[fmlloader-1.20.1-47.4.10.jar:?]
	at cpw.mods.modlauncher.LaunchServiceHandlerDecorator.launch(LaunchServiceHandlerDecorator.java:30) ~[modlauncher-10.0.9.jar:?]
	at cpw.mods.modlauncher.LaunchServiceHandler.launch(LaunchServiceHandler.java:53) ~[modlauncher-10.0.9.jar:?]
	at cpw.mods.modlauncher.LaunchServiceHandler.launch(LaunchServiceHandler.java:71) ~[modlauncher-10.0.9.jar:?]
	at cpw.mods.modlauncher.Launcher.run(Launcher.java:108) ~[modlauncher-10.0.9.jar:?]
	at cpw.mods.modlauncher.Launcher.main(Launcher.java:78) ~[modlauncher-10.0.9.jar:?]
	at cpw.mods.modlauncher.BootstrapLaunchConsumer.accept(BootstrapLaunchConsumer.java:26) ~[modlauncher-10.0.9.jar:?]
	at cpw.mods.modlauncher.BootstrapLaunchConsumer.accept(BootstrapLaunchConsumer.java:23) ~[modlauncher-10.0.9.jar:?]
	at cpw.mods.bootstraplauncher.BootstrapLauncher.main(BootstrapLauncher.java:141) ~[bootstraplauncher-1.1.2.jar:?]
	at jdk.internal.reflect.NativeMethodAccessorImpl.invoke0(Native Method) ~[?:?]
	at jdk.internal.reflect.NativeMethodAccessorImpl.invoke(NativeMethodAccessorImpl.java:77) ~[?:?]
	at jdk.internal.reflect.DelegatingMethodAccessorImpl.invoke(DelegatingMethodAccessorImpl.java:43) ~[?:?]
	at java.lang.reflect.Method.invoke(Method.java:569) ~[?:?]
	at io.github.zekerzhayard.forgewrapper.installer.Main.main(Main.java:67) ~[?:?]
	at org.prismlauncher.launcher.impl.StandardLauncher.launch(StandardLauncher.java:115) ~[?:?]
	at org.prismlauncher.EntryPoint.listen(EntryPoint.java:129) ~[?:?]
	at org.prismlauncher.EntryPoint.main(EntryPoint.java:70) ~[?:?]
[28Mar2026 04:55:34.488] [Render thread/WARN] [patchouli/]: Book butcher:butchers_guide in recipe butchery:shaped_book_recipe does not exist!
[28Mar2026 04:55:34.488] [Render thread/ERROR] [net.minecraft.world.item.crafting.RecipeManager/]: Parsing error loading recipe ltc2:compat/jeed/fire_resistance
com.google.gson.JsonSyntaxException: Invalid or unsupported recipe type 'jeed:effect_provider'
	at net.minecraft.world.item.crafting.RecipeManager.m_220253_(RecipeManager.java:170) ~[client-1.20.1-20230612.114412-srg.jar%23352!/:?]
	at java.util.Optional.orElseThrow(Optional.java:403) ~[?:?]
	at net.minecraft.world.item.crafting.RecipeManager.fromJson(RecipeManager.java:169) ~[client-1.20.1-20230612.114412-srg.jar%23352!/:?]
	at net.minecraft.world.item.crafting.RecipeManager.m_5787_(RecipeManager.java:67) ~[client-1.20.1-20230612.114412-srg.jar%23352!/:?]
	at net.minecraft.world.item.crafting.RecipeManager.m_5787_(RecipeManager.java:34) ~[client-1.20.1-20230612.114412-srg.jar%23352!/:?]
	at net.minecraft.server.packs.resources.SimplePreparableReloadListener.m_10789_(SimplePreparableReloadListener.java:13) ~[client-1.20.1-20230612.114412-srg.jar%23352!/:?]
	at java.util.concurrent.CompletableFuture$UniAccept.tryFire(CompletableFuture.java:718) ~[?:?]
	at java.util.concurrent.CompletableFuture$Completion.run(CompletableFuture.java:482) ~[?:?]
	at net.minecraft.server.packs.resources.SimpleReloadInstance.m_143940_(SimpleReloadInstance.java:69) ~[client-1.20.1-20230612.114412-srg.jar%23352!/:?]
	at net.minecraft.util.thread.BlockableEventLoop.m_6367_(BlockableEventLoop.java:156) ~[client-1.20.1-20230612.114412-srg.jar%23352!/:?]
	at net.minecraft.util.thread.ReentrantBlockableEventLoop.m_6367_(ReentrantBlockableEventLoop.java:23) ~[client-1.20.1-20230612.114412-srg.jar%23352!/:?]
	at net.minecraft.util.thread.BlockableEventLoop.m_7245_(BlockableEventLoop.java:130) ~[client-1.20.1-20230612.114412-srg.jar%23352!/:?]
	at net.minecraft.util.thread.BlockableEventLoop.m_18701_(BlockableEventLoop.java:139) ~[client-1.20.1-20230612.114412-srg.jar%23352!/:?]
	at net.minecraft.client.gui.screens.worldselection.CreateWorldScreen.m_232896_(CreateWorldScreen.java:131) ~[client-1.20.1-20230612.114412-srg.jar%23352!/:?]
	at net.minecraft.client.gui.screens.worldselection.SelectWorldScreen.m_279861_(SelectWorldScreen.java:60) ~[client-1.20.1-20230612.114412-srg.jar%23352!/:?]
	at net.minecraft.client.gui.components.Button.m_5691_(Button.java:38) ~[client-1.20.1-20230612.114412-srg.jar%23352!/:?]
	at net.minecraft.client.gui.components.AbstractButton.m_5716_(AbstractButton.java:55) ~[client-1.20.1-20230612.114412-srg.jar%23352!/:?]
	at net.minecraft.client.gui.components.AbstractWidget.m_6375_(AbstractWidget.java:175) ~[client-1.20.1-20230612.114412-srg.jar%23352!/:?]
	at net.minecraft.client.gui.components.events.ContainerEventHandler.m_6375_(ContainerEventHandler.java:38) ~[client-1.20.1-20230612.114412-srg.jar%23352!/:?]
	at net.minecraft.client.MouseHandler.m_168084_(MouseHandler.java:92) ~[client-1.20.1-20230612.114412-srg.jar%23352!/:?]
	at net.minecraft.client.gui.screens.Screen.m_96579_(Screen.java:437) ~[client-1.20.1-20230612.114412-srg.jar%23352!/:?]
	at net.minecraft.client.MouseHandler.m_91530_(MouseHandler.java:89) ~[client-1.20.1-20230612.114412-srg.jar%23352!/:?]
	at net.minecraft.client.MouseHandler.m_168091_(MouseHandler.java:189) ~[client-1.20.1-20230612.114412-srg.jar%23352!/:?]
	at net.minecraft.util.thread.BlockableEventLoop.execute(BlockableEventLoop.java:102) ~[client-1.20.1-20230612.114412-srg.jar%23352!/:?]
	at net.minecraft.client.MouseHandler.m_91565_(MouseHandler.java:188) ~[client-1.20.1-20230612.114412-srg.jar%23352!/:?]
	at org.lwjgl.glfw.GLFWMouseButtonCallbackI.callback(GLFWMouseButtonCallbackI.java:43) ~[lwjgl-glfw-3.3.1.jar%2373!/:build 7]
	at org.lwjgl.system.JNI.invokeV(Native Method) ~[lwjgl-3.3.1.jar%2385!/:build 7]
	at org.lwjgl.glfw.GLFW.glfwWaitEventsTimeout(GLFW.java:3474) ~[lwjgl-glfw-3.3.1.jar%2373!/:build 7]
	at com.mojang.blaze3d.systems.RenderSystem.limitDisplayFPS(RenderSystem.java:237) ~[client-1.20.1-20230612.114412-srg.jar%23352!/:?]
	at net.minecraft.client.Minecraft.m_91383_(Minecraft.java:1173) ~[client-1.20.1-20230612.114412-srg.jar%23352!/:?]
	at net.minecraft.client.Minecraft.m_91374_(Minecraft.java:718) ~[client-1.20.1-20230612.114412-srg.jar%23352!/:?]
	at net.minecraft.client.main.Main.main(Main.java:218) ~[minecraft-1.20.1-client.jar:?]
	at jdk.internal.reflect.NativeMethodAccessorImpl.invoke0(Native Method) ~[?:?]
	at jdk.internal.reflect.NativeMethodAccessorImpl.invoke(NativeMethodAccessorImpl.java:77) ~[?:?]
	at jdk.internal.reflect.DelegatingMethodAccessorImpl.invoke(DelegatingMethodAccessorImpl.java:43) ~[?:?]
	at java.lang.reflect.Method.invoke(Method.java:569) ~[?:?]
	at net.minecraftforge.fml.loading.targets.CommonLaunchHandler.runTarget(CommonLaunchHandler.java:111) ~[fmlloader-1.20.1-47.4.10.jar:?]
	at net.minecraftforge.fml.loading.targets.CommonLaunchHandler.clientService(CommonLaunchHandler.java:99) ~[fmlloader-1.20.1-47.4.10.jar:?]
	at net.minecraftforge.fml.loading.targets.CommonClientLaunchHandler.lambda$makeService$0(CommonClientLaunchHandler.java:25) ~[fmlloader-1.20.1-47.4.10.jar:?]
	at cpw.mods.modlauncher.LaunchServiceHandlerDecorator.launch(LaunchServiceHandlerDecorator.java:30) ~[modlauncher-10.0.9.jar:?]
	at cpw.mods.modlauncher.LaunchServiceHandler.launch(LaunchServiceHandler.java:53) ~[modlauncher-10.0.9.jar:?]
	at cpw.mods.modlauncher.LaunchServiceHandler.launch(LaunchServiceHandler.java:71) ~[modlauncher-10.0.9.jar:?]
	at cpw.mods.modlauncher.Launcher.run(Launcher.java:108) ~[modlauncher-10.0.9.jar:?]
	at cpw.mods.modlauncher.Launcher.main(Launcher.java:78) ~[modlauncher-10.0.9.jar:?]
	at cpw.mods.modlauncher.BootstrapLaunchConsumer.accept(BootstrapLaunchConsumer.java:26) ~[modlauncher-10.0.9.jar:?]
	at cpw.mods.modlauncher.BootstrapLaunchConsumer.accept(BootstrapLaunchConsumer.java:23) ~[modlauncher-10.0.9.jar:?]
	at cpw.mods.bootstraplauncher.BootstrapLauncher.main(BootstrapLauncher.java:141) ~[bootstraplauncher-1.1.2.jar:?]
	at jdk.internal.reflect.NativeMethodAccessorImpl.invoke0(Native Method) ~[?:?]
	at jdk.internal.reflect.NativeMethodAccessorImpl.invoke(NativeMethodAccessorImpl.java:77) ~[?:?]
	at jdk.internal.reflect.DelegatingMethodAccessorImpl.invoke(DelegatingMethodAccessorImpl.java:43) ~[?:?]
	at java.lang.reflect.Method.invoke(Method.java:569) ~[?:?]
	at io.github.zekerzhayard.forgewrapper.installer.Main.main(Main.java:67) ~[?:?]
	at org.prismlauncher.launcher.impl.StandardLauncher.launch(StandardLauncher.java:115) ~[?:?]
	at org.prismlauncher.EntryPoint.listen(EntryPoint.java:129) ~[?:?]
	at org.prismlauncher.EntryPoint.main(EntryPoint.java:70) ~[?:?]
[28Mar2026 04:55:34.488] [Render thread/ERROR] [net.minecraft.world.item.crafting.RecipeManager/]: Parsing error loading recipe minecraft:iron_ingot_from_blasting_iron_ore
com.google.gson.JsonSyntaxException: Empty ingredient not allowed here
	at net.minecraft.world.item.crafting.ShapedRecipe.m_151278_(ShapedRecipe.java:295) ~[client-1.20.1-20230612.114412-srg.jar%23352!/:?]
	at net.minecraft.world.item.crafting.Ingredient.m_43919_(Ingredient.java:219) ~[client-1.20.1-20230612.114412-srg.jar%23352!/:?]
	at net.minecraftforge.common.crafting.VanillaIngredientSerializer.parse(VanillaIngredientSerializer.java:27) ~[forge-1.20.1-47.4.10-universal.jar%23357!/:?]
	at net.minecraftforge.common.crafting.CraftingHelper.getIngredient(CraftingHelper.java:148) ~[forge-1.20.1-47.4.10-universal.jar%23357!/:?]
	at net.minecraft.world.item.crafting.Ingredient.m_288218_(Ingredient.java:194) ~[client-1.20.1-20230612.114412-srg.jar%23352!/:?]
	at net.minecraft.world.item.crafting.ShapelessRecipe$Serializer.m_44275_(ShapelessRecipe.java:104) ~[client-1.20.1-20230612.114412-srg.jar%23352!/:?]
	at net.minecraft.world.item.crafting.ShapelessRecipe$Serializer.m_6729_(ShapelessRecipe.java:89) ~[client-1.20.1-20230612.114412-srg.jar%23352!/:?]
	at net.minecraft.world.item.crafting.ShapelessRecipe$Serializer.m_6729_(ShapelessRecipe.java:84) ~[client-1.20.1-20230612.114412-srg.jar%23352!/:?]
	at net.minecraftforge.common.extensions.IForgeRecipeSerializer.fromJson(IForgeRecipeSerializer.java:23) ~[forge-1.20.1-47.4.10-universal.jar%23357!/:?]
	at net.minecraft.world.item.crafting.RecipeManager.fromJson(RecipeManager.java:171) ~[client-1.20.1-20230612.114412-srg.jar%23352!/:?]
	at net.minecraft.world.item.crafting.RecipeManager.m_5787_(RecipeManager.java:67) ~[client-1.20.1-20230612.114412-srg.jar%23352!/:?]
	at net.minecraft.world.item.crafting.RecipeManager.m_5787_(RecipeManager.java:34) ~[client-1.20.1-20230612.114412-srg.jar%23352!/:?]
	at net.minecraft.server.packs.resources.SimplePreparableReloadListener.m_10789_(SimplePreparableReloadListener.java:13) ~[client-1.20.1-20230612.114412-srg.jar%23352!/:?]
	at java.util.concurrent.CompletableFuture$UniAccept.tryFire(CompletableFuture.java:718) ~[?:?]
	at java.util.concurrent.CompletableFuture$Completion.run(CompletableFuture.java:482) ~[?:?]
	at net.minecraft.server.packs.resources.SimpleReloadInstance.m_143940_(SimpleReloadInstance.java:69) ~[client-1.20.1-20230612.114412-srg.jar%23352!/:?]
	at net.minecraft.util.thread.BlockableEventLoop.m_6367_(BlockableEventLoop.java:156) ~[client-1.20.1-20230612.114412-srg.jar%23352!/:?]
	at net.minecraft.util.thread.ReentrantBlockableEventLoop.m_6367_(ReentrantBlockableEventLoop.java:23) ~[client-1.20.1-20230612.114412-srg.jar%23352!/:?]
	at net.minecraft.util.thread.BlockableEventLoop.m_7245_(BlockableEventLoop.java:130) ~[client-1.20.1-20230612.114412-srg.jar%23352!/:?]
	at net.minecraft.util.thread.BlockableEventLoop.m_18701_(BlockableEventLoop.java:139) ~[client-1.20.1-20230612.114412-srg.jar%23352!/:?]
	at net.minecraft.client.gui.screens.worldselection.CreateWorldScreen.m_232896_(CreateWorldScreen.java:131) ~[client-1.20.1-20230612.114412-srg.jar%23352!/:?]
	at net.minecraft.client.gui.screens.worldselection.SelectWorldScreen.m_279861_(SelectWorldScreen.java:60) ~[client-1.20.1-20230612.114412-srg.jar%23352!/:?]
	at net.minecraft.client.gui.components.Button.m_5691_(Button.java:38) ~[client-1.20.1-20230612.114412-srg.jar%23352!/:?]
	at net.minecraft.client.gui.components.AbstractButton.m_5716_(AbstractButton.java:55) ~[client-1.20.1-20230612.114412-srg.jar%23352!/:?]
	at net.minecraft.client.gui.components.AbstractWidget.m_6375_(AbstractWidget.java:175) ~[client-1.20.1-20230612.114412-srg.jar%23352!/:?]
	at net.minecraft.client.gui.components.events.ContainerEventHandler.m_6375_(ContainerEventHandler.java:38) ~[client-1.20.1-20230612.114412-srg.jar%23352!/:?]
	at net.minecraft.client.MouseHandler.m_168084_(MouseHandler.java:92) ~[client-1.20.1-20230612.114412-srg.jar%23352!/:?]
	at net.minecraft.client.gui.screens.Screen.m_96579_(Screen.java:437) ~[client-1.20.1-20230612.114412-srg.jar%23352!/:?]
	at net.minecraft.client.MouseHandler.m_91530_(MouseHandler.java:89) ~[client-1.20.1-20230612.114412-srg.jar%23352!/:?]
	at net.minecraft.client.MouseHandler.m_168091_(MouseHandler.java:189) ~[client-1.20.1-20230612.114412-srg.jar%23352!/:?]
	at net.minecraft.util.thread.BlockableEventLoop.execute(BlockableEventLoop.java:102) ~[client-1.20.1-20230612.114412-srg.jar%23352!/:?]
	at net.minecraft.client.MouseHandler.m_91565_(MouseHandler.java:188) ~[client-1.20.1-20230612.114412-srg.jar%23352!/:?]
	at org.lwjgl.glfw.GLFWMouseButtonCallbackI.callback(GLFWMouseButtonCallbackI.java:43) ~[lwjgl-glfw-3.3.1.jar%2373!/:build 7]
	at org.lwjgl.system.JNI.invokeV(Native Method) ~[lwjgl-3.3.1.jar%2385!/:build 7]
	at org.lwjgl.glfw.GLFW.glfwWaitEventsTimeout(GLFW.java:3474) ~[lwjgl-glfw-3.3.1.jar%2373!/:build 7]
	at com.mojang.blaze3d.systems.RenderSystem.limitDisplayFPS(RenderSystem.java:237) ~[client-1.20.1-20230612.114412-srg.jar%23352!/:?]
	at net.minecraft.client.Minecraft.m_91383_(Minecraft.java:1173) ~[client-1.20.1-20230612.114412-srg.jar%23352!/:?]
	at net.minecraft.client.Minecraft.m_91374_(Minecraft.java:718) ~[client-1.20.1-20230612.114412-srg.jar%23352!/:?]
	at net.minecraft.client.main.Main.main(Main.java:218) ~[minecraft-1.20.1-client.jar:?]
	at jdk.internal.reflect.NativeMethodAccessorImpl.invoke0(Native Method) ~[?:?]
	at jdk.internal.reflect.NativeMethodAccessorImpl.invoke(NativeMethodAccessorImpl.java:77) ~[?:?]
	at jdk.internal.reflect.DelegatingMethodAccessorImpl.invoke(DelegatingMethodAccessorImpl.java:43) ~[?:?]
	at java.lang.reflect.Method.invoke(Method.java:569) ~[?:?]
	at net.minecraftforge.fml.loading.targets.CommonLaunchHandler.runTarget(CommonLaunchHandler.java:111) ~[fmlloader-1.20.1-47.4.10.jar:?]
	at net.minecraftforge.fml.loading.targets.CommonLaunchHandler.clientService(CommonLaunchHandler.java:99) ~[fmlloader-1.20.1-47.4.10.jar:?]
	at net.minecraftforge.fml.loading.targets.CommonClientLaunchHandler.lambda$makeService$0(CommonClientLaunchHandler.java:25) ~[fmlloader-1.20.1-47.4.10.jar:?]
	at cpw.mods.modlauncher.LaunchServiceHandlerDecorator.launch(LaunchServiceHandlerDecorator.java:30) ~[modlauncher-10.0.9.jar:?]
	at cpw.mods.modlauncher.LaunchServiceHandler.launch(LaunchServiceHandler.java:53) ~[modlauncher-10.0.9.jar:?]
	at cpw.mods.modlauncher.LaunchServiceHandler.launch(LaunchServiceHandler.java:71) ~[modlauncher-10.0.9.jar:?]
	at cpw.mods.modlauncher.Launcher.run(Launcher.java:108) ~[modlauncher-10.0.9.jar:?]
	at cpw.mods.modlauncher.Launcher.main(Launcher.java:78) ~[modlauncher-10.0.9.jar:?]
	at cpw.mods.modlauncher.BootstrapLaunchConsumer.accept(BootstrapLaunchConsumer.java:26) ~[modlauncher-10.0.9.jar:?]
	at cpw.mods.modlauncher.BootstrapLaunchConsumer.accept(BootstrapLaunchConsumer.java:23) ~[modlauncher-10.0.9.jar:?]
	at cpw.mods.bootstraplauncher.BootstrapLauncher.main(BootstrapLauncher.java:141) ~[bootstraplauncher-1.1.2.jar:?]
	at jdk.internal.reflect.NativeMethodAccessorImpl.invoke0(Native Method) ~[?:?]
	at jdk.internal.reflect.NativeMethodAccessorImpl.invoke(NativeMethodAccessorImpl.java:77) ~[?:?]
	at jdk.internal.reflect.DelegatingMethodAccessorImpl.invoke(DelegatingMethodAccessorImpl.java:43) ~[?:?]
	at java.lang.reflect.Method.invoke(Method.java:569) ~[?:?]
	at io.github.zekerzhayard.forgewrapper.installer.Main.main(Main.java:67) ~[?:?]
	at org.prismlauncher.launcher.impl.StandardLauncher.launch(StandardLauncher.java:115) ~[?:?]
	at org.prismlauncher.EntryPoint.listen(EntryPoint.java:129) ~[?:?]
	at org.prismlauncher.EntryPoint.main(EntryPoint.java:70) ~[?:?]
[28Mar2026 04:55:34.489] [Render thread/INFO] [net.minecraft.world.item.crafting.RecipeManager/]: Skipping loading recipe botanypots:rusticdelight/crop/coffee as it's serializer returned null
[28Mar2026 04:55:34.492] [Render thread/ERROR] [net.minecraft.world.item.crafting.RecipeManager/]: Parsing error loading recipe ltc2:compat/jeed/weakness
com.google.gson.JsonSyntaxException: Invalid or unsupported recipe type 'jeed:effect_provider'
	at net.minecraft.world.item.crafting.RecipeManager.m_220253_(RecipeManager.java:170) ~[client-1.20.1-20230612.114412-srg.jar%23352!/:?]
	at java.util.Optional.orElseThrow(Optional.java:403) ~[?:?]
	at net.minecraft.world.item.crafting.RecipeManager.fromJson(RecipeManager.java:169) ~[client-1.20.1-20230612.114412-srg.jar%23352!/:?]
	at net.minecraft.world.item.crafting.RecipeManager.m_5787_(RecipeManager.java:67) ~[client-1.20.1-20230612.114412-srg.jar%23352!/:?]
	at net.minecraft.world.item.crafting.RecipeManager.m_5787_(RecipeManager.java:34) ~[client-1.20.1-20230612.114412-srg.jar%23352!/:?]
	at net.minecraft.server.packs.resources.SimplePreparableReloadListener.m_10789_(SimplePreparableReloadListener.java:13) ~[client-1.20.1-20230612.114412-srg.jar%23352!/:?]
	at java.util.concurrent.CompletableFuture$UniAccept.tryFire(CompletableFuture.java:718) ~[?:?]
	at java.util.concurrent.CompletableFuture$Completion.run(CompletableFuture.java:482) ~[?:?]
	at net.minecraft.server.packs.resources.SimpleReloadInstance.m_143940_(SimpleReloadInstance.java:69) ~[client-1.20.1-20230612.114412-srg.jar%23352!/:?]
	at net.minecraft.util.thread.BlockableEventLoop.m_6367_(BlockableEventLoop.java:156) ~[client-1.20.1-20230612.114412-srg.jar%23352!/:?]
	at net.minecraft.util.thread.ReentrantBlockableEventLoop.m_6367_(ReentrantBlockableEventLoop.java:23) ~[client-1.20.1-20230612.114412-srg.jar%23352!/:?]
	at net.minecraft.util.thread.BlockableEventLoop.m_7245_(BlockableEventLoop.java:130) ~[client-1.20.1-20230612.114412-srg.jar%23352!/:?]
	at net.minecraft.util.thread.BlockableEventLoop.m_18701_(BlockableEventLoop.java:139) ~[client-1.20.1-20230612.114412-srg.jar%23352!/:?]
	at net.minecraft.client.gui.screens.worldselection.CreateWorldScreen.m_232896_(CreateWorldScreen.java:131) ~[client-1.20.1-20230612.114412-srg.jar%23352!/:?]
	at net.minecraft.client.gui.screens.worldselection.SelectWorldScreen.m_279861_(SelectWorldScreen.java:60) ~[client-1.20.1-20230612.114412-srg.jar%23352!/:?]
	at net.minecraft.client.gui.components.Button.m_5691_(Button.java:38) ~[client-1.20.1-20230612.114412-srg.jar%23352!/:?]
	at net.minecraft.client.gui.components.AbstractButton.m_5716_(AbstractButton.java:55) ~[client-1.20.1-20230612.114412-srg.jar%23352!/:?]
	at net.minecraft.client.gui.components.AbstractWidget.m_6375_(AbstractWidget.java:175) ~[client-1.20.1-20230612.114412-srg.jar%23352!/:?]
	at net.minecraft.client.gui.components.events.ContainerEventHandler.m_6375_(ContainerEventHandler.java:38) ~[client-1.20.1-20230612.114412-srg.jar%23352!/:?]
	at net.minecraft.client.MouseHandler.m_168084_(MouseHandler.java:92) ~[client-1.20.1-20230612.114412-srg.jar%23352!/:?]
	at net.minecraft.client.gui.screens.Screen.m_96579_(Screen.java:437) ~[client-1.20.1-20230612.114412-srg.jar%23352!/:?]
	at net.minecraft.client.MouseHandler.m_91530_(MouseHandler.java:89) ~[client-1.20.1-20230612.114412-srg.jar%23352!/:?]
	at net.minecraft.client.MouseHandler.m_168091_(MouseHandler.java:189) ~[client-1.20.1-20230612.114412-srg.jar%23352!/:?]
	at net.minecraft.util.thread.BlockableEventLoop.execute(BlockableEventLoop.java:102) ~[client-1.20.1-20230612.114412-srg.jar%23352!/:?]
	at net.minecraft.client.MouseHandler.m_91565_(MouseHandler.java:188) ~[client-1.20.1-20230612.114412-srg.jar%23352!/:?]
	at org.lwjgl.glfw.GLFWMouseButtonCallbackI.callback(GLFWMouseButtonCallbackI.java:43) ~[lwjgl-glfw-3.3.1.jar%2373!/:build 7]
	at org.lwjgl.system.JNI.invokeV(Native Method) ~[lwjgl-3.3.1.jar%2385!/:build 7]
	at org.lwjgl.glfw.GLFW.glfwWaitEventsTimeout(GLFW.java:3474) ~[lwjgl-glfw-3.3.1.jar%2373!/:build 7]
	at com.mojang.blaze3d.systems.RenderSystem.limitDisplayFPS(RenderSystem.java:237) ~[client-1.20.1-20230612.114412-srg.jar%23352!/:?]
	at net.minecraft.client.Minecraft.m_91383_(Minecraft.java:1173) ~[client-1.20.1-20230612.114412-srg.jar%23352!/:?]
	at net.minecraft.client.Minecraft.m_91374_(Minecraft.java:718) ~[client-1.20.1-20230612.114412-srg.jar%23352!/:?]
	at net.minecraft.client.main.Main.main(Main.java:218) ~[minecraft-1.20.1-client.jar:?]
	at jdk.internal.reflect.NativeMethodAccessorImpl.invoke0(Native Method) ~[?:?]
	at jdk.internal.reflect.NativeMethodAccessorImpl.invoke(NativeMethodAccessorImpl.java:77) ~[?:?]
	at jdk.internal.reflect.DelegatingMethodAccessorImpl.invoke(DelegatingMethodAccessorImpl.java:43) ~[?:?]
	at java.lang.reflect.Method.invoke(Method.java:569) ~[?:?]
	at net.minecraftforge.fml.loading.targets.CommonLaunchHandler.runTarget(CommonLaunchHandler.java:111) ~[fmlloader-1.20.1-47.4.10.jar:?]
	at net.minecraftforge.fml.loading.targets.CommonLaunchHandler.clientService(CommonLaunchHandler.java:99) ~[fmlloader-1.20.1-47.4.10.jar:?]
	at net.minecraftforge.fml.loading.targets.CommonClientLaunchHandler.lambda$makeService$0(CommonClientLaunchHandler.java:25) ~[fmlloader-1.20.1-47.4.10.jar:?]
	at cpw.mods.modlauncher.LaunchServiceHandlerDecorator.launch(LaunchServiceHandlerDecorator.java:30) ~[modlauncher-10.0.9.jar:?]
	at cpw.mods.modlauncher.LaunchServiceHandler.launch(LaunchServiceHandler.java:53) ~[modlauncher-10.0.9.jar:?]
	at cpw.mods.modlauncher.LaunchServiceHandler.launch(LaunchServiceHandler.java:71) ~[modlauncher-10.0.9.jar:?]
	at cpw.mods.modlauncher.Launcher.run(Launcher.java:108) ~[modlauncher-10.0.9.jar:?]
	at cpw.mods.modlauncher.Launcher.main(Launcher.java:78) ~[modlauncher-10.0.9.jar:?]
	at cpw.mods.modlauncher.BootstrapLaunchConsumer.accept(BootstrapLaunchConsumer.java:26) ~[modlauncher-10.0.9.jar:?]
	at cpw.mods.modlauncher.BootstrapLaunchConsumer.accept(BootstrapLaunchConsumer.java:23) ~[modlauncher-10.0.9.jar:?]
	at cpw.mods.bootstraplauncher.BootstrapLauncher.main(BootstrapLauncher.java:141) ~[bootstraplauncher-1.1.2.jar:?]
	at jdk.internal.reflect.NativeMethodAccessorImpl.invoke0(Native Method) ~[?:?]
	at jdk.internal.reflect.NativeMethodAccessorImpl.invoke(NativeMethodAccessorImpl.java:77) ~[?:?]
	at jdk.internal.reflect.DelegatingMethodAccessorImpl.invoke(DelegatingMethodAccessorImpl.java:43) ~[?:?]
	at java.lang.reflect.Method.invoke(Method.java:569) ~[?:?]
	at io.github.zekerzhayard.forgewrapper.installer.Main.main(Main.java:67) ~[?:?]
	at org.prismlauncher.launcher.impl.StandardLauncher.launch(StandardLauncher.java:115) ~[?:?]
	at org.prismlauncher.EntryPoint.listen(EntryPoint.java:129) ~[?:?]
	at org.prismlauncher.EntryPoint.main(EntryPoint.java:70) ~[?:?]
[28Mar2026 04:55:34.496] [Render thread/ERROR] [net.minecraft.world.item.crafting.RecipeManager/]: Parsing error loading recipe farmersdelight:honey_glazed_ham_block
com.google.gson.JsonSyntaxException: Unknown item 'butchery:smoked_ham'
	at net.minecraft.world.item.crafting.ShapedRecipe.m_151280_(ShapedRecipe.java:292) ~[client-1.20.1-20230612.114412-srg.jar%23352!/:?]
	at java.util.Optional.orElseThrow(Optional.java:403) ~[?:?]
	at net.minecraft.world.item.crafting.ShapedRecipe.m_151278_(ShapedRecipe.java:291) ~[client-1.20.1-20230612.114412-srg.jar%23352!/:?]
	at net.minecraft.world.item.crafting.Ingredient.m_43919_(Ingredient.java:219) ~[client-1.20.1-20230612.114412-srg.jar%23352!/:?]
	at net.minecraftforge.common.crafting.VanillaIngredientSerializer.parse(VanillaIngredientSerializer.java:27) ~[forge-1.20.1-47.4.10-universal.jar%23357!/:?]
	at net.minecraftforge.common.crafting.CraftingHelper.getIngredient(CraftingHelper.java:148) ~[forge-1.20.1-47.4.10-universal.jar%23357!/:?]
	at net.minecraft.world.item.crafting.Ingredient.m_288218_(Ingredient.java:194) ~[client-1.20.1-20230612.114412-srg.jar%23352!/:?]
	at net.minecraft.world.item.crafting.ShapelessRecipe$Serializer.m_44275_(ShapelessRecipe.java:104) ~[client-1.20.1-20230612.114412-srg.jar%23352!/:?]
	at net.minecraft.world.item.crafting.ShapelessRecipe$Serializer.m_6729_(ShapelessRecipe.java:89) ~[client-1.20.1-20230612.114412-srg.jar%23352!/:?]
	at net.minecraft.world.item.crafting.ShapelessRecipe$Serializer.m_6729_(ShapelessRecipe.java:84) ~[client-1.20.1-20230612.114412-srg.jar%23352!/:?]
	at net.minecraftforge.common.extensions.IForgeRecipeSerializer.fromJson(IForgeRecipeSerializer.java:23) ~[forge-1.20.1-47.4.10-universal.jar%23357!/:?]
	at net.minecraft.world.item.crafting.RecipeManager.fromJson(RecipeManager.java:171) ~[client-1.20.1-20230612.114412-srg.jar%23352!/:?]
	at net.minecraft.world.item.crafting.RecipeManager.m_5787_(RecipeManager.java:67) ~[client-1.20.1-20230612.114412-srg.jar%23352!/:?]
	at net.minecraft.world.item.crafting.RecipeManager.m_5787_(RecipeManager.java:34) ~[client-1.20.1-20230612.114412-srg.jar%23352!/:?]
	at net.minecraft.server.packs.resources.SimplePreparableReloadListener.m_10789_(SimplePreparableReloadListener.java:13) ~[client-1.20.1-20230612.114412-srg.jar%23352!/:?]
	at java.util.concurrent.CompletableFuture$UniAccept.tryFire(CompletableFuture.java:718) ~[?:?]
	at java.util.concurrent.CompletableFuture$Completion.run(CompletableFuture.java:482) ~[?:?]
	at net.minecraft.server.packs.resources.SimpleReloadInstance.m_143940_(SimpleReloadInstance.java:69) ~[client-1.20.1-20230612.114412-srg.jar%23352!/:?]
	at net.minecraft.util.thread.BlockableEventLoop.m_6367_(BlockableEventLoop.java:156) ~[client-1.20.1-20230612.114412-srg.jar%23352!/:?]
	at net.minecraft.util.thread.ReentrantBlockableEventLoop.m_6367_(ReentrantBlockableEventLoop.java:23) ~[client-1.20.1-20230612.114412-srg.jar%23352!/:?]
	at net.minecraft.util.thread.BlockableEventLoop.m_7245_(BlockableEventLoop.java:130) ~[client-1.20.1-20230612.114412-srg.jar%23352!/:?]
	at net.minecraft.util.thread.BlockableEventLoop.m_18701_(BlockableEventLoop.java:139) ~[client-1.20.1-20230612.114412-srg.jar%23352!/:?]
	at net.minecraft.client.gui.screens.worldselection.CreateWorldScreen.m_232896_(CreateWorldScreen.java:131) ~[client-1.20.1-20230612.114412-srg.jar%23352!/:?]
	at net.minecraft.client.gui.screens.worldselection.SelectWorldScreen.m_279861_(SelectWorldScreen.java:60) ~[client-1.20.1-20230612.114412-srg.jar%23352!/:?]
	at net.minecraft.client.gui.components.Button.m_5691_(Button.java:38) ~[client-1.20.1-20230612.114412-srg.jar%23352!/:?]
	at net.minecraft.client.gui.components.AbstractButton.m_5716_(AbstractButton.java:55) ~[client-1.20.1-20230612.114412-srg.jar%23352!/:?]
	at net.minecraft.client.gui.components.AbstractWidget.m_6375_(AbstractWidget.java:175) ~[client-1.20.1-20230612.114412-srg.jar%23352!/:?]
	at net.minecraft.client.gui.components.events.ContainerEventHandler.m_6375_(ContainerEventHandler.java:38) ~[client-1.20.1-20230612.114412-srg.jar%23352!/:?]
	at net.minecraft.client.MouseHandler.m_168084_(MouseHandler.java:92) ~[client-1.20.1-20230612.114412-srg.jar%23352!/:?]
	at net.minecraft.client.gui.screens.Screen.m_96579_(Screen.java:437) ~[client-1.20.1-20230612.114412-srg.jar%23352!/:?]
	at net.minecraft.client.MouseHandler.m_91530_(MouseHandler.java:89) ~[client-1.20.1-20230612.114412-srg.jar%23352!/:?]
	at net.minecraft.client.MouseHandler.m_168091_(MouseHandler.java:189) ~[client-1.20.1-20230612.114412-srg.jar%23352!/:?]
	at net.minecraft.util.thread.BlockableEventLoop.execute(BlockableEventLoop.java:102) ~[client-1.20.1-20230612.114412-srg.jar%23352!/:?]
	at net.minecraft.client.MouseHandler.m_91565_(MouseHandler.java:188) ~[client-1.20.1-20230612.114412-srg.jar%23352!/:?]
	at org.lwjgl.glfw.GLFWMouseButtonCallbackI.callback(GLFWMouseButtonCallbackI.java:43) ~[lwjgl-glfw-3.3.1.jar%2373!/:build 7]
	at org.lwjgl.system.JNI.invokeV(Native Method) ~[lwjgl-3.3.1.jar%2385!/:build 7]
	at org.lwjgl.glfw.GLFW.glfwWaitEventsTimeout(GLFW.java:3474) ~[lwjgl-glfw-3.3.1.jar%2373!/:build 7]
	at com.mojang.blaze3d.systems.RenderSystem.limitDisplayFPS(RenderSystem.java:237) ~[client-1.20.1-20230612.114412-srg.jar%23352!/:?]
	at net.minecraft.client.Minecraft.m_91383_(Minecraft.java:1173) ~[client-1.20.1-20230612.114412-srg.jar%23352!/:?]
	at net.minecraft.client.Minecraft.m_91374_(Minecraft.java:718) ~[client-1.20.1-20230612.114412-srg.jar%23352!/:?]
	at net.minecraft.client.main.Main.main(Main.java:218) ~[minecraft-1.20.1-client.jar:?]
	at jdk.internal.reflect.NativeMethodAccessorImpl.invoke0(Native Method) ~[?:?]
	at jdk.internal.reflect.NativeMethodAccessorImpl.invoke(NativeMethodAccessorImpl.java:77) ~[?:?]
	at jdk.internal.reflect.DelegatingMethodAccessorImpl.invoke(DelegatingMethodAccessorImpl.java:43) ~[?:?]
	at java.lang.reflect.Method.invoke(Method.java:569) ~[?:?]
	at net.minecraftforge.fml.loading.targets.CommonLaunchHandler.runTarget(CommonLaunchHandler.java:111) ~[fmlloader-1.20.1-47.4.10.jar:?]
	at net.minecraftforge.fml.loading.targets.CommonLaunchHandler.clientService(CommonLaunchHandler.java:99) ~[fmlloader-1.20.1-47.4.10.jar:?]
	at net.minecraftforge.fml.loading.targets.CommonClientLaunchHandler.lambda$makeService$0(CommonClientLaunchHandler.java:25) ~[fmlloader-1.20.1-47.4.10.jar:?]
	at cpw.mods.modlauncher.LaunchServiceHandlerDecorator.launch(LaunchServiceHandlerDecorator.java:30) ~[modlauncher-10.0.9.jar:?]
	at cpw.mods.modlauncher.LaunchServiceHandler.launch(LaunchServiceHandler.java:53) ~[modlauncher-10.0.9.jar:?]
	at cpw.mods.modlauncher.LaunchServiceHandler.launch(LaunchServiceHandler.java:71) ~[modlauncher-10.0.9.jar:?]
	at cpw.mods.modlauncher.Launcher.run(Launcher.java:108) ~[modlauncher-10.0.9.jar:?]
	at cpw.mods.modlauncher.Launcher.main(Launcher.java:78) ~[modlauncher-10.0.9.jar:?]
	at cpw.mods.modlauncher.BootstrapLaunchConsumer.accept(BootstrapLaunchConsumer.java:26) ~[modlauncher-10.0.9.jar:?]
	at cpw.mods.modlauncher.BootstrapLaunchConsumer.accept(BootstrapLaunchConsumer.java:23) ~[modlauncher-10.0.9.jar:?]
	at cpw.mods.bootstraplauncher.BootstrapLauncher.main(BootstrapLauncher.java:141) ~[bootstraplauncher-1.1.2.jar:?]
	at jdk.internal.reflect.NativeMethodAccessorImpl.invoke0(Native Method) ~[?:?]
	at jdk.internal.reflect.NativeMethodAccessorImpl.invoke(NativeMethodAccessorImpl.java:77) ~[?:?]
	at jdk.internal.reflect.DelegatingMethodAccessorImpl.invoke(DelegatingMethodAccessorImpl.java:43) ~[?:?]
	at java.lang.reflect.Method.invoke(Method.java:569) ~[?:?]
	at io.github.zekerzhayard.forgewrapper.installer.Main.main(Main.java:67) ~[?:?]
	at org.prismlauncher.launcher.impl.StandardLauncher.launch(StandardLauncher.java:115) ~[?:?]
	at org.prismlauncher.EntryPoint.listen(EntryPoint.java:129) ~[?:?]
	at org.prismlauncher.EntryPoint.main(EntryPoint.java:70) ~[?:?]
[28Mar2026 04:55:34.500] [Render thread/ERROR] [net.minecraft.world.item.crafting.RecipeManager/]: Parsing error loading recipe ltc2:compat/immortalers_delight/enchantal_cooler/purifying_juice
com.google.gson.JsonSyntaxException: Invalid or unsupported recipe type 'immortalers_delight:enchantal_cooler'
	at net.minecraft.world.item.crafting.RecipeManager.m_220253_(RecipeManager.java:170) ~[client-1.20.1-20230612.114412-srg.jar%23352!/:?]
	at java.util.Optional.orElseThrow(Optional.java:403) ~[?:?]
	at net.minecraft.world.item.crafting.RecipeManager.fromJson(RecipeManager.java:169) ~[client-1.20.1-20230612.114412-srg.jar%23352!/:?]
	at net.minecraft.world.item.crafting.RecipeManager.m_5787_(RecipeManager.java:67) ~[client-1.20.1-20230612.114412-srg.jar%23352!/:?]
	at net.minecraft.world.item.crafting.RecipeManager.m_5787_(RecipeManager.java:34) ~[client-1.20.1-20230612.114412-srg.jar%23352!/:?]
	at net.minecraft.server.packs.resources.SimplePreparableReloadListener.m_10789_(SimplePreparableReloadListener.java:13) ~[client-1.20.1-20230612.114412-srg.jar%23352!/:?]
	at java.util.concurrent.CompletableFuture$UniAccept.tryFire(CompletableFuture.java:718) ~[?:?]
	at java.util.concurrent.CompletableFuture$Completion.run(CompletableFuture.java:482) ~[?:?]
	at net.minecraft.server.packs.resources.SimpleReloadInstance.m_143940_(SimpleReloadInstance.java:69) ~[client-1.20.1-20230612.114412-srg.jar%23352!/:?]
	at net.minecraft.util.thread.BlockableEventLoop.m_6367_(BlockableEventLoop.java:156) ~[client-1.20.1-20230612.114412-srg.jar%23352!/:?]
	at net.minecraft.util.thread.ReentrantBlockableEventLoop.m_6367_(ReentrantBlockableEventLoop.java:23) ~[client-1.20.1-20230612.114412-srg.jar%23352!/:?]
	at net.minecraft.util.thread.BlockableEventLoop.m_7245_(BlockableEventLoop.java:130) ~[client-1.20.1-20230612.114412-srg.jar%23352!/:?]
	at net.minecraft.util.thread.BlockableEventLoop.m_18701_(BlockableEventLoop.java:139) ~[client-1.20.1-20230612.114412-srg.jar%23352!/:?]
	at net.minecraft.client.gui.screens.worldselection.CreateWorldScreen.m_232896_(CreateWorldScreen.java:131) ~[client-1.20.1-20230612.114412-srg.jar%23352!/:?]
	at net.minecraft.client.gui.screens.worldselection.SelectWorldScreen.m_279861_(SelectWorldScreen.java:60) ~[client-1.20.1-20230612.114412-srg.jar%23352!/:?]
	at net.minecraft.client.gui.components.Button.m_5691_(Button.java:38) ~[client-1.20.1-20230612.114412-srg.jar%23352!/:?]
	at net.minecraft.client.gui.components.AbstractButton.m_5716_(AbstractButton.java:55) ~[client-1.20.1-20230612.114412-srg.jar%23352!/:?]
	at net.minecraft.client.gui.components.AbstractWidget.m_6375_(AbstractWidget.java:175) ~[client-1.20.1-20230612.114412-srg.jar%23352!/:?]
	at net.minecraft.client.gui.components.events.ContainerEventHandler.m_6375_(ContainerEventHandler.java:38) ~[client-1.20.1-20230612.114412-srg.jar%23352!/:?]
	at net.minecraft.client.MouseHandler.m_168084_(MouseHandler.java:92) ~[client-1.20.1-20230612.114412-srg.jar%23352!/:?]
	at net.minecraft.client.gui.screens.Screen.m_96579_(Screen.java:437) ~[client-1.20.1-20230612.114412-srg.jar%23352!/:?]
	at net.minecraft.client.MouseHandler.m_91530_(MouseHandler.java:89) ~[client-1.20.1-20230612.114412-srg.jar%23352!/:?]
	at net.minecraft.client.MouseHandler.m_168091_(MouseHandler.java:189) ~[client-1.20.1-20230612.114412-srg.jar%23352!/:?]
	at net.minecraft.util.thread.BlockableEventLoop.execute(BlockableEventLoop.java:102) ~[client-1.20.1-20230612.114412-srg.jar%23352!/:?]
	at net.minecraft.client.MouseHandler.m_91565_(MouseHandler.java:188) ~[client-1.20.1-20230612.114412-srg.jar%23352!/:?]
	at org.lwjgl.glfw.GLFWMouseButtonCallbackI.callback(GLFWMouseButtonCallbackI.java:43) ~[lwjgl-glfw-3.3.1.jar%2373!/:build 7]
	at org.lwjgl.system.JNI.invokeV(Native Method) ~[lwjgl-3.3.1.jar%2385!/:build 7]
	at org.lwjgl.glfw.GLFW.glfwWaitEventsTimeout(GLFW.java:3474) ~[lwjgl-glfw-3.3.1.jar%2373!/:build 7]
	at com.mojang.blaze3d.systems.RenderSystem.limitDisplayFPS(RenderSystem.java:237) ~[client-1.20.1-20230612.114412-srg.jar%23352!/:?]
	at net.minecraft.client.Minecraft.m_91383_(Minecraft.java:1173) ~[client-1.20.1-20230612.114412-srg.jar%23352!/:?]
	at net.minecraft.client.Minecraft.m_91374_(Minecraft.java:718) ~[client-1.20.1-20230612.114412-srg.jar%23352!/:?]
	at net.minecraft.client.main.Main.main(Main.java:218) ~[minecraft-1.20.1-client.jar:?]
	at jdk.internal.reflect.NativeMethodAccessorImpl.invoke0(Native Method) ~[?:?]
	at jdk.internal.reflect.NativeMethodAccessorImpl.invoke(NativeMethodAccessorImpl.java:77) ~[?:?]
	at jdk.internal.reflect.DelegatingMethodAccessorImpl.invoke(DelegatingMethodAccessorImpl.java:43) ~[?:?]
	at java.lang.reflect.Method.invoke(Method.java:569) ~[?:?]
	at net.minecraftforge.fml.loading.targets.CommonLaunchHandler.runTarget(CommonLaunchHandler.java:111) ~[fmlloader-1.20.1-47.4.10.jar:?]
	at net.minecraftforge.fml.loading.targets.CommonLaunchHandler.clientService(CommonLaunchHandler.java:99) ~[fmlloader-1.20.1-47.4.10.jar:?]
	at net.minecraftforge.fml.loading.targets.CommonClientLaunchHandler.lambda$makeService$0(CommonClientLaunchHandler.java:25) ~[fmlloader-1.20.1-47.4.10.jar:?]
	at cpw.mods.modlauncher.LaunchServiceHandlerDecorator.launch(LaunchServiceHandlerDecorator.java:30) ~[modlauncher-10.0.9.jar:?]
	at cpw.mods.modlauncher.LaunchServiceHandler.launch(LaunchServiceHandler.java:53) ~[modlauncher-10.0.9.jar:?]
	at cpw.mods.modlauncher.LaunchServiceHandler.launch(LaunchServiceHandler.java:71) ~[modlauncher-10.0.9.jar:?]
	at cpw.mods.modlauncher.Launcher.run(Launcher.java:108) ~[modlauncher-10.0.9.jar:?]
	at cpw.mods.modlauncher.Launcher.main(Launcher.java:78) ~[modlauncher-10.0.9.jar:?]
	at cpw.mods.modlauncher.BootstrapLaunchConsumer.accept(BootstrapLaunchConsumer.java:26) ~[modlauncher-10.0.9.jar:?]
	at cpw.mods.modlauncher.BootstrapLaunchConsumer.accept(BootstrapLaunchConsumer.java:23) ~[modlauncher-10.0.9.jar:?]
	at cpw.mods.bootstraplauncher.BootstrapLauncher.main(BootstrapLauncher.java:141) ~[bootstraplauncher-1.1.2.jar:?]
	at jdk.internal.reflect.NativeMethodAccessorImpl.invoke0(Native Method) ~[?:?]
	at jdk.internal.reflect.NativeMethodAccessorImpl.invoke(NativeMethodAccessorImpl.java:77) ~[?:?]
	at jdk.internal.reflect.DelegatingMethodAccessorImpl.invoke(DelegatingMethodAccessorImpl.java:43) ~[?:?]
	at java.lang.reflect.Method.invoke(Method.java:569) ~[?:?]
	at io.github.zekerzhayard.forgewrapper.installer.Main.main(Main.java:67) ~[?:?]
	at org.prismlauncher.launcher.impl.StandardLauncher.launch(StandardLauncher.java:115) ~[?:?]
	at org.prismlauncher.EntryPoint.listen(EntryPoint.java:129) ~[?:?]
	at org.prismlauncher.EntryPoint.main(EntryPoint.java:70) ~[?:?]
[28Mar2026 04:55:34.506] [Render thread/ERROR] [net.minecraft.world.item.crafting.RecipeManager/]: Parsing error loading recipe overgeared:silver_ingot_from_cooling
com.google.gson.JsonSyntaxException: Unknown item 'oreganized:silver_ingot'
	at net.minecraftforge.common.crafting.CraftingHelper.getItem(CraftingHelper.java:160) ~[forge-1.20.1-47.4.10-universal.jar%23357!/:?]
	at net.minecraftforge.common.crafting.CraftingHelper.getItemStack(CraftingHelper.java:186) ~[forge-1.20.1-47.4.10-universal.jar%23357!/:?]
	at net.minecraft.world.item.crafting.ShapedRecipe.m_151274_(ShapedRecipe.java:286) ~[client-1.20.1-20230612.114412-srg.jar%23352!/:?]
	at net.stirdrem.overgeared.recipe.CoolingRecipe$Serializer.fromJson(CoolingRecipe.java:78) ~[overgeared-1.20.1-1.6.25.jar%23321!/:1.20.1-1.6.25]
	at net.stirdrem.overgeared.recipe.CoolingRecipe$Serializer.m_6729_(CoolingRecipe.java:74) ~[overgeared-1.20.1-1.6.25.jar%23321!/:1.20.1-1.6.25]
	at net.minecraftforge.common.extensions.IForgeRecipeSerializer.fromJson(IForgeRecipeSerializer.java:23) ~[forge-1.20.1-47.4.10-universal.jar%23357!/:?]
	at net.minecraft.world.item.crafting.RecipeManager.fromJson(RecipeManager.java:171) ~[client-1.20.1-20230612.114412-srg.jar%23352!/:?]
	at net.minecraft.world.item.crafting.RecipeManager.m_5787_(RecipeManager.java:67) ~[client-1.20.1-20230612.114412-srg.jar%23352!/:?]
	at net.minecraft.world.item.crafting.RecipeManager.m_5787_(RecipeManager.java:34) ~[client-1.20.1-20230612.114412-srg.jar%23352!/:?]
	at net.minecraft.server.packs.resources.SimplePreparableReloadListener.m_10789_(SimplePreparableReloadListener.java:13) ~[client-1.20.1-20230612.114412-srg.jar%23352!/:?]
	at java.util.concurrent.CompletableFuture$UniAccept.tryFire(CompletableFuture.java:718) ~[?:?]
	at java.util.concurrent.CompletableFuture$Completion.run(CompletableFuture.java:482) ~[?:?]
	at net.minecraft.server.packs.resources.SimpleReloadInstance.m_143940_(SimpleReloadInstance.java:69) ~[client-1.20.1-20230612.114412-srg.jar%23352!/:?]
	at net.minecraft.util.thread.BlockableEventLoop.m_6367_(BlockableEventLoop.java:156) ~[client-1.20.1-20230612.114412-srg.jar%23352!/:?]
	at net.minecraft.util.thread.ReentrantBlockableEventLoop.m_6367_(ReentrantBlockableEventLoop.java:23) ~[client-1.20.1-20230612.114412-srg.jar%23352!/:?]
	at net.minecraft.util.thread.BlockableEventLoop.m_7245_(BlockableEventLoop.java:130) ~[client-1.20.1-20230612.114412-srg.jar%23352!/:?]
	at net.minecraft.util.thread.BlockableEventLoop.m_18701_(BlockableEventLoop.java:139) ~[client-1.20.1-20230612.114412-srg.jar%23352!/:?]
	at net.minecraft.client.gui.screens.worldselection.CreateWorldScreen.m_232896_(CreateWorldScreen.java:131) ~[client-1.20.1-20230612.114412-srg.jar%23352!/:?]
	at net.minecraft.client.gui.screens.worldselection.SelectWorldScreen.m_279861_(SelectWorldScreen.java:60) ~[client-1.20.1-20230612.114412-srg.jar%23352!/:?]
	at net.minecraft.client.gui.components.Button.m_5691_(Button.java:38) ~[client-1.20.1-20230612.114412-srg.jar%23352!/:?]
	at net.minecraft.client.gui.components.AbstractButton.m_5716_(AbstractButton.java:55) ~[client-1.20.1-20230612.114412-srg.jar%23352!/:?]
	at net.minecraft.client.gui.components.AbstractWidget.m_6375_(AbstractWidget.java:175) ~[client-1.20.1-20230612.114412-srg.jar%23352!/:?]
	at net.minecraft.client.gui.components.events.ContainerEventHandler.m_6375_(ContainerEventHandler.java:38) ~[client-1.20.1-20230612.114412-srg.jar%23352!/:?]
	at net.minecraft.client.MouseHandler.m_168084_(MouseHandler.java:92) ~[client-1.20.1-20230612.114412-srg.jar%23352!/:?]
	at net.minecraft.client.gui.screens.Screen.m_96579_(Screen.java:437) ~[client-1.20.1-20230612.114412-srg.jar%23352!/:?]
	at net.minecraft.client.MouseHandler.m_91530_(MouseHandler.java:89) ~[client-1.20.1-20230612.114412-srg.jar%23352!/:?]
	at net.minecraft.client.MouseHandler.m_168091_(MouseHandler.java:189) ~[client-1.20.1-20230612.114412-srg.jar%23352!/:?]
	at net.minecraft.util.thread.BlockableEventLoop.execute(BlockableEventLoop.java:102) ~[client-1.20.1-20230612.114412-srg.jar%23352!/:?]
	at net.minecraft.client.MouseHandler.m_91565_(MouseHandler.java:188) ~[client-1.20.1-20230612.114412-srg.jar%23352!/:?]
	at org.lwjgl.glfw.GLFWMouseButtonCallbackI.callback(GLFWMouseButtonCallbackI.java:43) ~[lwjgl-glfw-3.3.1.jar%2373!/:build 7]
	at org.lwjgl.system.JNI.invokeV(Native Method) ~[lwjgl-3.3.1.jar%2385!/:build 7]
	at org.lwjgl.glfw.GLFW.glfwWaitEventsTimeout(GLFW.java:3474) ~[lwjgl-glfw-3.3.1.jar%2373!/:build 7]
	at com.mojang.blaze3d.systems.RenderSystem.limitDisplayFPS(RenderSystem.java:237) ~[client-1.20.1-20230612.114412-srg.jar%23352!/:?]
	at net.minecraft.client.Minecraft.m_91383_(Minecraft.java:1173) ~[client-1.20.1-20230612.114412-srg.jar%23352!/:?]
	at net.minecraft.client.Minecraft.m_91374_(Minecraft.java:718) ~[client-1.20.1-20230612.114412-srg.jar%23352!/:?]
	at net.minecraft.client.main.Main.main(Main.java:218) ~[minecraft-1.20.1-client.jar:?]
	at jdk.internal.reflect.NativeMethodAccessorImpl.invoke0(Native Method) ~[?:?]
	at jdk.internal.reflect.NativeMethodAccessorImpl.invoke(NativeMethodAccessorImpl.java:77) ~[?:?]
	at jdk.internal.reflect.DelegatingMethodAccessorImpl.invoke(DelegatingMethodAccessorImpl.java:43) ~[?:?]
	at java.lang.reflect.Method.invoke(Method.java:569) ~[?:?]
	at net.minecraftforge.fml.loading.targets.CommonLaunchHandler.runTarget(CommonLaunchHandler.java:111) ~[fmlloader-1.20.1-47.4.10.jar:?]
	at net.minecraftforge.fml.loading.targets.CommonLaunchHandler.clientService(CommonLaunchHandler.java:99) ~[fmlloader-1.20.1-47.4.10.jar:?]
	at net.minecraftforge.fml.loading.targets.CommonClientLaunchHandler.lambda$makeService$0(CommonClientLaunchHandler.java:25) ~[fmlloader-1.20.1-47.4.10.jar:?]
	at cpw.mods.modlauncher.LaunchServiceHandlerDecorator.launch(LaunchServiceHandlerDecorator.java:30) ~[modlauncher-10.0.9.jar:?]
	at cpw.mods.modlauncher.LaunchServiceHandler.launch(LaunchServiceHandler.java:53) ~[modlauncher-10.0.9.jar:?]
	at cpw.mods.modlauncher.LaunchServiceHandler.launch(LaunchServiceHandler.java:71) ~[modlauncher-10.0.9.jar:?]
	at cpw.mods.modlauncher.Launcher.run(Launcher.java:108) ~[modlauncher-10.0.9.jar:?]
	at cpw.mods.modlauncher.Launcher.main(Launcher.java:78) ~[modlauncher-10.0.9.jar:?]
	at cpw.mods.modlauncher.BootstrapLaunchConsumer.accept(BootstrapLaunchConsumer.java:26) ~[modlauncher-10.0.9.jar:?]
	at cpw.mods.modlauncher.BootstrapLaunchConsumer.accept(BootstrapLaunchConsumer.java:23) ~[modlauncher-10.0.9.jar:?]
	at cpw.mods.bootstraplauncher.BootstrapLauncher.main(BootstrapLauncher.java:141) ~[bootstraplauncher-1.1.2.jar:?]
	at jdk.internal.reflect.NativeMethodAccessorImpl.invoke0(Native Method) ~[?:?]
	at jdk.internal.reflect.NativeMethodAccessorImpl.invoke(NativeMethodAccessorImpl.java:77) ~[?:?]
	at jdk.internal.reflect.DelegatingMethodAccessorImpl.invoke(DelegatingMethodAccessorImpl.java:43) ~[?:?]
	at java.lang.reflect.Method.invoke(Method.java:569) ~[?:?]
	at io.github.zekerzhayard.forgewrapper.installer.Main.main(Main.java:67) ~[?:?]
	at org.prismlauncher.launcher.impl.StandardLauncher.launch(StandardLauncher.java:115) ~[?:?]
	at org.prismlauncher.EntryPoint.listen(EntryPoint.java:129) ~[?:?]
	at org.prismlauncher.EntryPoint.main(EntryPoint.java:70) ~[?:?]
[28Mar2026 04:55:34.510] [Render thread/ERROR] [net.minecraft.world.item.crafting.RecipeManager/]: Parsing error loading recipe ltc2:compat/jeed/jump_boost
com.google.gson.JsonSyntaxException: Invalid or unsupported recipe type 'jeed:effect_provider'
	at net.minecraft.world.item.crafting.RecipeManager.m_220253_(RecipeManager.java:170) ~[client-1.20.1-20230612.114412-srg.jar%23352!/:?]
	at java.util.Optional.orElseThrow(Optional.java:403) ~[?:?]
	at net.minecraft.world.item.crafting.RecipeManager.fromJson(RecipeManager.java:169) ~[client-1.20.1-20230612.114412-srg.jar%23352!/:?]
	at net.minecraft.world.item.crafting.RecipeManager.m_5787_(RecipeManager.java:67) ~[client-1.20.1-20230612.114412-srg.jar%23352!/:?]
	at net.minecraft.world.item.crafting.RecipeManager.m_5787_(RecipeManager.java:34) ~[client-1.20.1-20230612.114412-srg.jar%23352!/:?]
	at net.minecraft.server.packs.resources.SimplePreparableReloadListener.m_10789_(SimplePreparableReloadListener.java:13) ~[client-1.20.1-20230612.114412-srg.jar%23352!/:?]
	at java.util.concurrent.CompletableFuture$UniAccept.tryFire(CompletableFuture.java:718) ~[?:?]
	at java.util.concurrent.CompletableFuture$Completion.run(CompletableFuture.java:482) ~[?:?]
	at net.minecraft.server.packs.resources.SimpleReloadInstance.m_143940_(SimpleReloadInstance.java:69) ~[client-1.20.1-20230612.114412-srg.jar%23352!/:?]
	at net.minecraft.util.thread.BlockableEventLoop.m_6367_(BlockableEventLoop.java:156) ~[client-1.20.1-20230612.114412-srg.jar%23352!/:?]
	at net.minecraft.util.thread.ReentrantBlockableEventLoop.m_6367_(ReentrantBlockableEventLoop.java:23) ~[client-1.20.1-20230612.114412-srg.jar%23352!/:?]
	at net.minecraft.util.thread.BlockableEventLoop.m_7245_(BlockableEventLoop.java:130) ~[client-1.20.1-20230612.114412-srg.jar%23352!/:?]
	at net.minecraft.util.thread.BlockableEventLoop.m_18701_(BlockableEventLoop.java:139) ~[client-1.20.1-20230612.114412-srg.jar%23352!/:?]
	at net.minecraft.client.gui.screens.worldselection.CreateWorldScreen.m_232896_(CreateWorldScreen.java:131) ~[client-1.20.1-20230612.114412-srg.jar%23352!/:?]
	at net.minecraft.client.gui.screens.worldselection.SelectWorldScreen.m_279861_(SelectWorldScreen.java:60) ~[client-1.20.1-20230612.114412-srg.jar%23352!/:?]
	at net.minecraft.client.gui.components.Button.m_5691_(Button.java:38) ~[client-1.20.1-20230612.114412-srg.jar%23352!/:?]
	at net.minecraft.client.gui.components.AbstractButton.m_5716_(AbstractButton.java:55) ~[client-1.20.1-20230612.114412-srg.jar%23352!/:?]
	at net.minecraft.client.gui.components.AbstractWidget.m_6375_(AbstractWidget.java:175) ~[client-1.20.1-20230612.114412-srg.jar%23352!/:?]
	at net.minecraft.client.gui.components.events.ContainerEventHandler.m_6375_(ContainerEventHandler.java:38) ~[client-1.20.1-20230612.114412-srg.jar%23352!/:?]
	at net.minecraft.client.MouseHandler.m_168084_(MouseHandler.java:92) ~[client-1.20.1-20230612.114412-srg.jar%23352!/:?]
	at net.minecraft.client.gui.screens.Screen.m_96579_(Screen.java:437) ~[client-1.20.1-20230612.114412-srg.jar%23352!/:?]
	at net.minecraft.client.MouseHandler.m_91530_(MouseHandler.java:89) ~[client-1.20.1-20230612.114412-srg.jar%23352!/:?]
	at net.minecraft.client.MouseHandler.m_168091_(MouseHandler.java:189) ~[client-1.20.1-20230612.114412-srg.jar%23352!/:?]
	at net.minecraft.util.thread.BlockableEventLoop.execute(BlockableEventLoop.java:102) ~[client-1.20.1-20230612.114412-srg.jar%23352!/:?]
	at net.minecraft.client.MouseHandler.m_91565_(MouseHandler.java:188) ~[client-1.20.1-20230612.114412-srg.jar%23352!/:?]
	at org.lwjgl.glfw.GLFWMouseButtonCallbackI.callback(GLFWMouseButtonCallbackI.java:43) ~[lwjgl-glfw-3.3.1.jar%2373!/:build 7]
	at org.lwjgl.system.JNI.invokeV(Native Method) ~[lwjgl-3.3.1.jar%2385!/:build 7]
	at org.lwjgl.glfw.GLFW.glfwWaitEventsTimeout(GLFW.java:3474) ~[lwjgl-glfw-3.3.1.jar%2373!/:build 7]
	at com.mojang.blaze3d.systems.RenderSystem.limitDisplayFPS(RenderSystem.java:237) ~[client-1.20.1-20230612.114412-srg.jar%23352!/:?]
	at net.minecraft.client.Minecraft.m_91383_(Minecraft.java:1173) ~[client-1.20.1-20230612.114412-srg.jar%23352!/:?]
	at net.minecraft.client.Minecraft.m_91374_(Minecraft.java:718) ~[client-1.20.1-20230612.114412-srg.jar%23352!/:?]
	at net.minecraft.client.main.Main.main(Main.java:218) ~[minecraft-1.20.1-client.jar:?]
	at jdk.internal.reflect.NativeMethodAccessorImpl.invoke0(Native Method) ~[?:?]
	at jdk.internal.reflect.NativeMethodAccessorImpl.invoke(NativeMethodAccessorImpl.java:77) ~[?:?]
	at jdk.internal.reflect.DelegatingMethodAccessorImpl.invoke(DelegatingMethodAccessorImpl.java:43) ~[?:?]
	at java.lang.reflect.Method.invoke(Method.java:569) ~[?:?]
	at net.minecraftforge.fml.loading.targets.CommonLaunchHandler.runTarget(CommonLaunchHandler.java:111) ~[fmlloader-1.20.1-47.4.10.jar:?]
	at net.minecraftforge.fml.loading.targets.CommonLaunchHandler.clientService(CommonLaunchHandler.java:99) ~[fmlloader-1.20.1-47.4.10.jar:?]
	at net.minecraftforge.fml.loading.targets.CommonClientLaunchHandler.lambda$makeService$0(CommonClientLaunchHandler.java:25) ~[fmlloader-1.20.1-47.4.10.jar:?]
	at cpw.mods.modlauncher.LaunchServiceHandlerDecorator.launch(LaunchServiceHandlerDecorator.java:30) ~[modlauncher-10.0.9.jar:?]
	at cpw.mods.modlauncher.LaunchServiceHandler.launch(LaunchServiceHandler.java:53) ~[modlauncher-10.0.9.jar:?]
	at cpw.mods.modlauncher.LaunchServiceHandler.launch(LaunchServiceHandler.java:71) ~[modlauncher-10.0.9.jar:?]
	at cpw.mods.modlauncher.Launcher.run(Launcher.java:108) ~[modlauncher-10.0.9.jar:?]
	at cpw.mods.modlauncher.Launcher.main(Launcher.java:78) ~[modlauncher-10.0.9.jar:?]
	at cpw.mods.modlauncher.BootstrapLaunchConsumer.accept(BootstrapLaunchConsumer.java:26) ~[modlauncher-10.0.9.jar:?]
	at cpw.mods.modlauncher.BootstrapLaunchConsumer.accept(BootstrapLaunchConsumer.java:23) ~[modlauncher-10.0.9.jar:?]
	at cpw.mods.bootstraplauncher.BootstrapLauncher.main(BootstrapLauncher.java:141) ~[bootstraplauncher-1.1.2.jar:?]
	at jdk.internal.reflect.NativeMethodAccessorImpl.invoke0(Native Method) ~[?:?]
	at jdk.internal.reflect.NativeMethodAccessorImpl.invoke(NativeMethodAccessorImpl.java:77) ~[?:?]
	at jdk.internal.reflect.DelegatingMethodAccessorImpl.invoke(DelegatingMethodAccessorImpl.java:43) ~[?:?]
	at java.lang.reflect.Method.invoke(Method.java:569) ~[?:?]
	at io.github.zekerzhayard.forgewrapper.installer.Main.main(Main.java:67) ~[?:?]
	at org.prismlauncher.launcher.impl.StandardLauncher.launch(StandardLauncher.java:115) ~[?:?]
	at org.prismlauncher.EntryPoint.listen(EntryPoint.java:129) ~[?:?]
	at org.prismlauncher.EntryPoint.main(EntryPoint.java:70) ~[?:?]
[28Mar2026 04:55:34.518] [Render thread/ERROR] [net.minecraft.world.item.crafting.RecipeManager/]: Parsing error loading recipe farmersrespite:chilidog_alt
com.google.gson.JsonSyntaxException: Unknown item 'farmersrespite:blazing_chili'
	at net.minecraft.world.item.crafting.ShapedRecipe.m_151280_(ShapedRecipe.java:292) ~[client-1.20.1-20230612.114412-srg.jar%23352!/:?]
	at java.util.Optional.orElseThrow(Optional.java:403) ~[?:?]
	at net.minecraft.world.item.crafting.ShapedRecipe.m_151278_(ShapedRecipe.java:291) ~[client-1.20.1-20230612.114412-srg.jar%23352!/:?]
	at net.minecraft.world.item.crafting.Ingredient.m_43919_(Ingredient.java:219) ~[client-1.20.1-20230612.114412-srg.jar%23352!/:?]
	at net.minecraftforge.common.crafting.VanillaIngredientSerializer.parse(VanillaIngredientSerializer.java:27) ~[forge-1.20.1-47.4.10-universal.jar%23357!/:?]
	at net.minecraftforge.common.crafting.CraftingHelper.getIngredient(CraftingHelper.java:148) ~[forge-1.20.1-47.4.10-universal.jar%23357!/:?]
	at net.minecraft.world.item.crafting.Ingredient.m_288218_(Ingredient.java:194) ~[client-1.20.1-20230612.114412-srg.jar%23352!/:?]
	at net.minecraft.world.item.crafting.ShapelessRecipe$Serializer.m_44275_(ShapelessRecipe.java:104) ~[client-1.20.1-20230612.114412-srg.jar%23352!/:?]
	at net.minecraft.world.item.crafting.ShapelessRecipe$Serializer.m_6729_(ShapelessRecipe.java:89) ~[client-1.20.1-20230612.114412-srg.jar%23352!/:?]
	at net.minecraft.world.item.crafting.ShapelessRecipe$Serializer.m_6729_(ShapelessRecipe.java:84) ~[client-1.20.1-20230612.114412-srg.jar%23352!/:?]
	at net.minecraftforge.common.extensions.IForgeRecipeSerializer.fromJson(IForgeRecipeSerializer.java:23) ~[forge-1.20.1-47.4.10-universal.jar%23357!/:?]
	at net.minecraft.world.item.crafting.RecipeManager.fromJson(RecipeManager.java:171) ~[client-1.20.1-20230612.114412-srg.jar%23352!/:?]
	at net.minecraft.world.item.crafting.RecipeManager.m_5787_(RecipeManager.java:67) ~[client-1.20.1-20230612.114412-srg.jar%23352!/:?]
	at net.minecraft.world.item.crafting.RecipeManager.m_5787_(RecipeManager.java:34) ~[client-1.20.1-20230612.114412-srg.jar%23352!/:?]
	at net.minecraft.server.packs.resources.SimplePreparableReloadListener.m_10789_(SimplePreparableReloadListener.java:13) ~[client-1.20.1-20230612.114412-srg.jar%23352!/:?]
	at java.util.concurrent.CompletableFuture$UniAccept.tryFire(CompletableFuture.java:718) ~[?:?]
	at java.util.concurrent.CompletableFuture$Completion.run(CompletableFuture.java:482) ~[?:?]
	at net.minecraft.server.packs.resources.SimpleReloadInstance.m_143940_(SimpleReloadInstance.java:69) ~[client-1.20.1-20230612.114412-srg.jar%23352!/:?]
	at net.minecraft.util.thread.BlockableEventLoop.m_6367_(BlockableEventLoop.java:156) ~[client-1.20.1-20230612.114412-srg.jar%23352!/:?]
	at net.minecraft.util.thread.ReentrantBlockableEventLoop.m_6367_(ReentrantBlockableEventLoop.java:23) ~[client-1.20.1-20230612.114412-srg.jar%23352!/:?]
	at net.minecraft.util.thread.BlockableEventLoop.m_7245_(BlockableEventLoop.java:130) ~[client-1.20.1-20230612.114412-srg.jar%23352!/:?]
	at net.minecraft.util.thread.BlockableEventLoop.m_18701_(BlockableEventLoop.java:139) ~[client-1.20.1-20230612.114412-srg.jar%23352!/:?]
	at net.minecraft.client.gui.screens.worldselection.CreateWorldScreen.m_232896_(CreateWorldScreen.java:131) ~[client-1.20.1-20230612.114412-srg.jar%23352!/:?]
	at net.minecraft.client.gui.screens.worldselection.SelectWorldScreen.m_279861_(SelectWorldScreen.java:60) ~[client-1.20.1-20230612.114412-srg.jar%23352!/:?]
	at net.minecraft.client.gui.components.Button.m_5691_(Button.java:38) ~[client-1.20.1-20230612.114412-srg.jar%23352!/:?]
	at net.minecraft.client.gui.components.AbstractButton.m_5716_(AbstractButton.java:55) ~[client-1.20.1-20230612.114412-srg.jar%23352!/:?]
	at net.minecraft.client.gui.components.AbstractWidget.m_6375_(AbstractWidget.java:175) ~[client-1.20.1-20230612.114412-srg.jar%23352!/:?]
	at net.minecraft.client.gui.components.events.ContainerEventHandler.m_6375_(ContainerEventHandler.java:38) ~[client-1.20.1-20230612.114412-srg.jar%23352!/:?]
	at net.minecraft.client.MouseHandler.m_168084_(MouseHandler.java:92) ~[client-1.20.1-20230612.114412-srg.jar%23352!/:?]
	at net.minecraft.client.gui.screens.Screen.m_96579_(Screen.java:437) ~[client-1.20.1-20230612.114412-srg.jar%23352!/:?]
	at net.minecraft.client.MouseHandler.m_91530_(MouseHandler.java:89) ~[client-1.20.1-20230612.114412-srg.jar%23352!/:?]
	at net.minecraft.client.MouseHandler.m_168091_(MouseHandler.java:189) ~[client-1.20.1-20230612.114412-srg.jar%23352!/:?]
	at net.minecraft.util.thread.BlockableEventLoop.execute(BlockableEventLoop.java:102) ~[client-1.20.1-20230612.114412-srg.jar%23352!/:?]
	at net.minecraft.client.MouseHandler.m_91565_(MouseHandler.java:188) ~[client-1.20.1-20230612.114412-srg.jar%23352!/:?]
	at org.lwjgl.glfw.GLFWMouseButtonCallbackI.callback(GLFWMouseButtonCallbackI.java:43) ~[lwjgl-glfw-3.3.1.jar%2373!/:build 7]
	at org.lwjgl.system.JNI.invokeV(Native Method) ~[lwjgl-3.3.1.jar%2385!/:build 7]
	at org.lwjgl.glfw.GLFW.glfwWaitEventsTimeout(GLFW.java:3474) ~[lwjgl-glfw-3.3.1.jar%2373!/:build 7]
	at com.mojang.blaze3d.systems.RenderSystem.limitDisplayFPS(RenderSystem.java:237) ~[client-1.20.1-20230612.114412-srg.jar%23352!/:?]
	at net.minecraft.client.Minecraft.m_91383_(Minecraft.java:1173) ~[client-1.20.1-20230612.114412-srg.jar%23352!/:?]
	at net.minecraft.client.Minecraft.m_91374_(Minecraft.java:718) ~[client-1.20.1-20230612.114412-srg.jar%23352!/:?]
	at net.minecraft.client.main.Main.main(Main.java:218) ~[minecraft-1.20.1-client.jar:?]
	at jdk.internal.reflect.NativeMethodAccessorImpl.invoke0(Native Method) ~[?:?]
	at jdk.internal.reflect.NativeMethodAccessorImpl.invoke(NativeMethodAccessorImpl.java:77) ~[?:?]
	at jdk.internal.reflect.DelegatingMethodAccessorImpl.invoke(DelegatingMethodAccessorImpl.java:43) ~[?:?]
	at java.lang.reflect.Method.invoke(Method.java:569) ~[?:?]
	at net.minecraftforge.fml.loading.targets.CommonLaunchHandler.runTarget(CommonLaunchHandler.java:111) ~[fmlloader-1.20.1-47.4.10.jar:?]
	at net.minecraftforge.fml.loading.targets.CommonLaunchHandler.clientService(CommonLaunchHandler.java:99) ~[fmlloader-1.20.1-47.4.10.jar:?]
	at net.minecraftforge.fml.loading.targets.CommonClientLaunchHandler.lambda$makeService$0(CommonClientLaunchHandler.java:25) ~[fmlloader-1.20.1-47.4.10.jar:?]
	at cpw.mods.modlauncher.LaunchServiceHandlerDecorator.launch(LaunchServiceHandlerDecorator.java:30) ~[modlauncher-10.0.9.jar:?]
	at cpw.mods.modlauncher.LaunchServiceHandler.launch(LaunchServiceHandler.java:53) ~[modlauncher-10.0.9.jar:?]
	at cpw.mods.modlauncher.LaunchServiceHandler.launch(LaunchServiceHandler.java:71) ~[modlauncher-10.0.9.jar:?]
	at cpw.mods.modlauncher.Launcher.run(Launcher.java:108) ~[modlauncher-10.0.9.jar:?]
	at cpw.mods.modlauncher.Launcher.main(Launcher.java:78) ~[modlauncher-10.0.9.jar:?]
	at cpw.mods.modlauncher.BootstrapLaunchConsumer.accept(BootstrapLaunchConsumer.java:26) ~[modlauncher-10.0.9.jar:?]
	at cpw.mods.modlauncher.BootstrapLaunchConsumer.accept(BootstrapLaunchConsumer.java:23) ~[modlauncher-10.0.9.jar:?]
	at cpw.mods.bootstraplauncher.BootstrapLauncher.main(BootstrapLauncher.java:141) ~[bootstraplauncher-1.1.2.jar:?]
	at jdk.internal.reflect.NativeMethodAccessorImpl.invoke0(Native Method) ~[?:?]
	at jdk.internal.reflect.NativeMethodAccessorImpl.invoke(NativeMethodAccessorImpl.java:77) ~[?:?]
	at jdk.internal.reflect.DelegatingMethodAccessorImpl.invoke(DelegatingMethodAccessorImpl.java:43) ~[?:?]
	at java.lang.reflect.Method.invoke(Method.java:569) ~[?:?]
	at io.github.zekerzhayard.forgewrapper.installer.Main.main(Main.java:67) ~[?:?]
	at org.prismlauncher.launcher.impl.StandardLauncher.launch(StandardLauncher.java:115) ~[?:?]
	at org.prismlauncher.EntryPoint.listen(EntryPoint.java:129) ~[?:?]
	at org.prismlauncher.EntryPoint.main(EntryPoint.java:70) ~[?:?]
[28Mar2026 04:55:34.523] [Render thread/ERROR] [net.minecraft.world.item.crafting.RecipeManager/]: Parsing error loading recipe herbalistmod:blazebud_cigar
com.google.gson.JsonSyntaxException: Unknown item 'tobacconistmod:tobacco_loose_wild'
	at net.minecraft.world.item.crafting.ShapedRecipe.m_151280_(ShapedRecipe.java:292) ~[client-1.20.1-20230612.114412-srg.jar%23352!/:?]
	at java.util.Optional.orElseThrow(Optional.java:403) ~[?:?]
	at net.minecraft.world.item.crafting.ShapedRecipe.m_151278_(ShapedRecipe.java:291) ~[client-1.20.1-20230612.114412-srg.jar%23352!/:?]
	at net.minecraft.world.item.crafting.Ingredient.m_43919_(Ingredient.java:219) ~[client-1.20.1-20230612.114412-srg.jar%23352!/:?]
	at net.minecraftforge.common.crafting.VanillaIngredientSerializer.parse(VanillaIngredientSerializer.java:27) ~[forge-1.20.1-47.4.10-universal.jar%23357!/:?]
	at net.minecraftforge.common.crafting.CraftingHelper.getIngredient(CraftingHelper.java:148) ~[forge-1.20.1-47.4.10-universal.jar%23357!/:?]
	at net.minecraftforge.common.crafting.CraftingHelper.lambda$getIngredient$0(CraftingHelper.java:109) ~[forge-1.20.1-47.4.10-universal.jar%23357!/:?]
	at java.lang.Iterable.forEach(Iterable.java:75) ~[?:?]
	at net.minecraftforge.common.crafting.CraftingHelper.getIngredient(CraftingHelper.java:107) ~[forge-1.20.1-47.4.10-universal.jar%23357!/:?]
	at net.minecraft.world.item.crafting.Ingredient.m_288218_(Ingredient.java:194) ~[client-1.20.1-20230612.114412-srg.jar%23352!/:?]
	at net.minecraft.world.item.crafting.Ingredient.m_43917_(Ingredient.java:189) ~[client-1.20.1-20230612.114412-srg.jar%23352!/:?]
	at com.diggydwarff.herbalistmod.recipes.BlazebudCigarRecipe$Serializer.fromJson(BlazebudCigarRecipe.java:156) ~[herbalistmod-2.5.0-forge-1.20.1.jar%23301!/:2.5.0]
	at com.diggydwarff.herbalistmod.recipes.BlazebudCigarRecipe$Serializer.m_6729_(BlazebudCigarRecipe.java:143) ~[herbalistmod-2.5.0-forge-1.20.1.jar%23301!/:2.5.0]
	at net.minecraftforge.common.extensions.IForgeRecipeSerializer.fromJson(IForgeRecipeSerializer.java:23) ~[forge-1.20.1-47.4.10-universal.jar%23357!/:?]
	at net.minecraft.world.item.crafting.RecipeManager.fromJson(RecipeManager.java:171) ~[client-1.20.1-20230612.114412-srg.jar%23352!/:?]
	at net.minecraft.world.item.crafting.RecipeManager.m_5787_(RecipeManager.java:67) ~[client-1.20.1-20230612.114412-srg.jar%23352!/:?]
	at net.minecraft.world.item.crafting.RecipeManager.m_5787_(RecipeManager.java:34) ~[client-1.20.1-20230612.114412-srg.jar%23352!/:?]
	at net.minecraft.server.packs.resources.SimplePreparableReloadListener.m_10789_(SimplePreparableReloadListener.java:13) ~[client-1.20.1-20230612.114412-srg.jar%23352!/:?]
	at java.util.concurrent.CompletableFuture$UniAccept.tryFire(CompletableFuture.java:718) ~[?:?]
	at java.util.concurrent.CompletableFuture$Completion.run(CompletableFuture.java:482) ~[?:?]
	at net.minecraft.server.packs.resources.SimpleReloadInstance.m_143940_(SimpleReloadInstance.java:69) ~[client-1.20.1-20230612.114412-srg.jar%23352!/:?]
	at net.minecraft.util.thread.BlockableEventLoop.m_6367_(BlockableEventLoop.java:156) ~[client-1.20.1-20230612.114412-srg.jar%23352!/:?]
	at net.minecraft.util.thread.ReentrantBlockableEventLoop.m_6367_(ReentrantBlockableEventLoop.java:23) ~[client-1.20.1-20230612.114412-srg.jar%23352!/:?]
	at net.minecraft.util.thread.BlockableEventLoop.m_7245_(BlockableEventLoop.java:130) ~[client-1.20.1-20230612.114412-srg.jar%23352!/:?]
	at net.minecraft.util.thread.BlockableEventLoop.m_18701_(BlockableEventLoop.java:139) ~[client-1.20.1-20230612.114412-srg.jar%23352!/:?]
	at net.minecraft.client.gui.screens.worldselection.CreateWorldScreen.m_232896_(CreateWorldScreen.java:131) ~[client-1.20.1-20230612.114412-srg.jar%23352!/:?]
	at net.minecraft.client.gui.screens.worldselection.SelectWorldScreen.m_279861_(SelectWorldScreen.java:60) ~[client-1.20.1-20230612.114412-srg.jar%23352!/:?]
	at net.minecraft.client.gui.components.Button.m_5691_(Button.java:38) ~[client-1.20.1-20230612.114412-srg.jar%23352!/:?]
	at net.minecraft.client.gui.components.AbstractButton.m_5716_(AbstractButton.java:55) ~[client-1.20.1-20230612.114412-srg.jar%23352!/:?]
	at net.minecraft.client.gui.components.AbstractWidget.m_6375_(AbstractWidget.java:175) ~[client-1.20.1-20230612.114412-srg.jar%23352!/:?]
	at net.minecraft.client.gui.components.events.ContainerEventHandler.m_6375_(ContainerEventHandler.java:38) ~[client-1.20.1-20230612.114412-srg.jar%23352!/:?]
	at net.minecraft.client.MouseHandler.m_168084_(MouseHandler.java:92) ~[client-1.20.1-20230612.114412-srg.jar%23352!/:?]
	at net.minecraft.client.gui.screens.Screen.m_96579_(Screen.java:437) ~[client-1.20.1-20230612.114412-srg.jar%23352!/:?]
	at net.minecraft.client.MouseHandler.m_91530_(MouseHandler.java:89) ~[client-1.20.1-20230612.114412-srg.jar%23352!/:?]
	at net.minecraft.client.MouseHandler.m_168091_(MouseHandler.java:189) ~[client-1.20.1-20230612.114412-srg.jar%23352!/:?]
	at net.minecraft.util.thread.BlockableEventLoop.execute(BlockableEventLoop.java:102) ~[client-1.20.1-20230612.114412-srg.jar%23352!/:?]
	at net.minecraft.client.MouseHandler.m_91565_(MouseHandler.java:188) ~[client-1.20.1-20230612.114412-srg.jar%23352!/:?]
	at org.lwjgl.glfw.GLFWMouseButtonCallbackI.callback(GLFWMouseButtonCallbackI.java:43) ~[lwjgl-glfw-3.3.1.jar%2373!/:build 7]
	at org.lwjgl.system.JNI.invokeV(Native Method) ~[lwjgl-3.3.1.jar%2385!/:build 7]
	at org.lwjgl.glfw.GLFW.glfwWaitEventsTimeout(GLFW.java:3474) ~[lwjgl-glfw-3.3.1.jar%2373!/:build 7]
	at com.mojang.blaze3d.systems.RenderSystem.limitDisplayFPS(RenderSystem.java:237) ~[client-1.20.1-20230612.114412-srg.jar%23352!/:?]
	at net.minecraft.client.Minecraft.m_91383_(Minecraft.java:1173) ~[client-1.20.1-20230612.114412-srg.jar%23352!/:?]
	at net.minecraft.client.Minecraft.m_91374_(Minecraft.java:718) ~[client-1.20.1-20230612.114412-srg.jar%23352!/:?]
	at net.minecraft.client.main.Main.main(Main.java:218) ~[minecraft-1.20.1-client.jar:?]
	at jdk.internal.reflect.NativeMethodAccessorImpl.invoke0(Native Method) ~[?:?]
	at jdk.internal.reflect.NativeMethodAccessorImpl.invoke(NativeMethodAccessorImpl.java:77) ~[?:?]
	at jdk.internal.reflect.DelegatingMethodAccessorImpl.invoke(DelegatingMethodAccessorImpl.java:43) ~[?:?]
	at java.lang.reflect.Method.invoke(Method.java:569) ~[?:?]
	at net.minecraftforge.fml.loading.targets.CommonLaunchHandler.runTarget(CommonLaunchHandler.java:111) ~[fmlloader-1.20.1-47.4.10.jar:?]
	at net.minecraftforge.fml.loading.targets.CommonLaunchHandler.clientService(CommonLaunchHandler.java:99) ~[fmlloader-1.20.1-47.4.10.jar:?]
	at net.minecraftforge.fml.loading.targets.CommonClientLaunchHandler.lambda$makeService$0(CommonClientLaunchHandler.java:25) ~[fmlloader-1.20.1-47.4.10.jar:?]
	at cpw.mods.modlauncher.LaunchServiceHandlerDecorator.launch(LaunchServiceHandlerDecorator.java:30) ~[modlauncher-10.0.9.jar:?]
	at cpw.mods.modlauncher.LaunchServiceHandler.launch(LaunchServiceHandler.java:53) ~[modlauncher-10.0.9.jar:?]
	at cpw.mods.modlauncher.LaunchServiceHandler.launch(LaunchServiceHandler.java:71) ~[modlauncher-10.0.9.jar:?]
	at cpw.mods.modlauncher.Launcher.run(Launcher.java:108) ~[modlauncher-10.0.9.jar:?]
	at cpw.mods.modlauncher.Launcher.main(Launcher.java:78) ~[modlauncher-10.0.9.jar:?]
	at cpw.mods.modlauncher.BootstrapLaunchConsumer.accept(BootstrapLaunchConsumer.java:26) ~[modlauncher-10.0.9.jar:?]
	at cpw.mods.modlauncher.BootstrapLaunchConsumer.accept(BootstrapLaunchConsumer.java:23) ~[modlauncher-10.0.9.jar:?]
	at cpw.mods.bootstraplauncher.BootstrapLauncher.main(BootstrapLauncher.java:141) ~[bootstraplauncher-1.1.2.jar:?]
	at jdk.internal.reflect.NativeMethodAccessorImpl.invoke0(Native Method) ~[?:?]
	at jdk.internal.reflect.NativeMethodAccessorImpl.invoke(NativeMethodAccessorImpl.java:77) ~[?:?]
	at jdk.internal.reflect.DelegatingMethodAccessorImpl.invoke(DelegatingMethodAccessorImpl.java:43) ~[?:?]
	at java.lang.reflect.Method.invoke(Method.java:569) ~[?:?]
	at io.github.zekerzhayard.forgewrapper.installer.Main.main(Main.java:67) ~[?:?]
	at org.prismlauncher.launcher.impl.StandardLauncher.launch(StandardLauncher.java:115) ~[?:?]
	at org.prismlauncher.EntryPoint.listen(EntryPoint.java:129) ~[?:?]
	at org.prismlauncher.EntryPoint.main(EntryPoint.java:70) ~[?:?]
[28Mar2026 04:55:34.529] [Render thread/INFO] [net.minecraft.world.item.crafting.RecipeManager/]: Skipping loading recipe botanypots:rusticdelight/crop/bell_peppers as it's serializer returned null
[28Mar2026 04:55:34.529] [Render thread/ERROR] [net.minecraft.world.item.crafting.RecipeManager/]: Parsing error loading recipe herbalistmod:blazebud_mixed_cigarette
com.google.gson.JsonSyntaxException: Unknown item 'tobacconistmod:rolling_paper'
	at net.minecraft.world.item.crafting.ShapedRecipe.m_151280_(ShapedRecipe.java:292) ~[client-1.20.1-20230612.114412-srg.jar%23352!/:?]
	at java.util.Optional.orElseThrow(Optional.java:403) ~[?:?]
	at net.minecraft.world.item.crafting.ShapedRecipe.m_151278_(ShapedRecipe.java:291) ~[client-1.20.1-20230612.114412-srg.jar%23352!/:?]
	at net.minecraft.world.item.crafting.Ingredient.m_43919_(Ingredient.java:219) ~[client-1.20.1-20230612.114412-srg.jar%23352!/:?]
	at net.minecraftforge.common.crafting.VanillaIngredientSerializer.parse(VanillaIngredientSerializer.java:27) ~[forge-1.20.1-47.4.10-universal.jar%23357!/:?]
	at net.minecraftforge.common.crafting.CraftingHelper.getIngredient(CraftingHelper.java:148) ~[forge-1.20.1-47.4.10-universal.jar%23357!/:?]
	at net.minecraft.world.item.crafting.Ingredient.m_288218_(Ingredient.java:194) ~[client-1.20.1-20230612.114412-srg.jar%23352!/:?]
	at net.minecraft.world.item.crafting.Ingredient.m_43917_(Ingredient.java:189) ~[client-1.20.1-20230612.114412-srg.jar%23352!/:?]
	at com.diggydwarff.herbalistmod.recipes.BlazebudMixedCigaretteRecipe$Serializer.fromJson(BlazebudMixedCigaretteRecipe.java:185) ~[herbalistmod-2.5.0-forge-1.20.1.jar%23301!/:2.5.0]
	at com.diggydwarff.herbalistmod.recipes.BlazebudMixedCigaretteRecipe$Serializer.m_6729_(BlazebudMixedCigaretteRecipe.java:172) ~[herbalistmod-2.5.0-forge-1.20.1.jar%23301!/:2.5.0]
	at net.minecraftforge.common.extensions.IForgeRecipeSerializer.fromJson(IForgeRecipeSerializer.java:23) ~[forge-1.20.1-47.4.10-universal.jar%23357!/:?]
	at net.minecraft.world.item.crafting.RecipeManager.fromJson(RecipeManager.java:171) ~[client-1.20.1-20230612.114412-srg.jar%23352!/:?]
	at net.minecraft.world.item.crafting.RecipeManager.m_5787_(RecipeManager.java:67) ~[client-1.20.1-20230612.114412-srg.jar%23352!/:?]
	at net.minecraft.world.item.crafting.RecipeManager.m_5787_(RecipeManager.java:34) ~[client-1.20.1-20230612.114412-srg.jar%23352!/:?]
	at net.minecraft.server.packs.resources.SimplePreparableReloadListener.m_10789_(SimplePreparableReloadListener.java:13) ~[client-1.20.1-20230612.114412-srg.jar%23352!/:?]
	at java.util.concurrent.CompletableFuture$UniAccept.tryFire(CompletableFuture.java:718) ~[?:?]
	at java.util.concurrent.CompletableFuture$Completion.run(CompletableFuture.java:482) ~[?:?]
	at net.minecraft.server.packs.resources.SimpleReloadInstance.m_143940_(SimpleReloadInstance.java:69) ~[client-1.20.1-20230612.114412-srg.jar%23352!/:?]
	at net.minecraft.util.thread.BlockableEventLoop.m_6367_(BlockableEventLoop.java:156) ~[client-1.20.1-20230612.114412-srg.jar%23352!/:?]
	at net.minecraft.util.thread.ReentrantBlockableEventLoop.m_6367_(ReentrantBlockableEventLoop.java:23) ~[client-1.20.1-20230612.114412-srg.jar%23352!/:?]
	at net.minecraft.util.thread.BlockableEventLoop.m_7245_(BlockableEventLoop.java:130) ~[client-1.20.1-20230612.114412-srg.jar%23352!/:?]
	at net.minecraft.util.thread.BlockableEventLoop.m_18701_(BlockableEventLoop.java:139) ~[client-1.20.1-20230612.114412-srg.jar%23352!/:?]
	at net.minecraft.client.gui.screens.worldselection.CreateWorldScreen.m_232896_(CreateWorldScreen.java:131) ~[client-1.20.1-20230612.114412-srg.jar%23352!/:?]
	at net.minecraft.client.gui.screens.worldselection.SelectWorldScreen.m_279861_(SelectWorldScreen.java:60) ~[client-1.20.1-20230612.114412-srg.jar%23352!/:?]
	at net.minecraft.client.gui.components.Button.m_5691_(Button.java:38) ~[client-1.20.1-20230612.114412-srg.jar%23352!/:?]
	at net.minecraft.client.gui.components.AbstractButton.m_5716_(AbstractButton.java:55) ~[client-1.20.1-20230612.114412-srg.jar%23352!/:?]
	at net.minecraft.client.gui.components.AbstractWidget.m_6375_(AbstractWidget.java:175) ~[client-1.20.1-20230612.114412-srg.jar%23352!/:?]
	at net.minecraft.client.gui.components.events.ContainerEventHandler.m_6375_(ContainerEventHandler.java:38) ~[client-1.20.1-20230612.114412-srg.jar%23352!/:?]
	at net.minecraft.client.MouseHandler.m_168084_(MouseHandler.java:92) ~[client-1.20.1-20230612.114412-srg.jar%23352!/:?]
	at net.minecraft.client.gui.screens.Screen.m_96579_(Screen.java:437) ~[client-1.20.1-20230612.114412-srg.jar%23352!/:?]
	at net.minecraft.client.MouseHandler.m_91530_(MouseHandler.java:89) ~[client-1.20.1-20230612.114412-srg.jar%23352!/:?]
	at net.minecraft.client.MouseHandler.m_168091_(MouseHandler.java:189) ~[client-1.20.1-20230612.114412-srg.jar%23352!/:?]
	at net.minecraft.util.thread.BlockableEventLoop.execute(BlockableEventLoop.java:102) ~[client-1.20.1-20230612.114412-srg.jar%23352!/:?]
	at net.minecraft.client.MouseHandler.m_91565_(MouseHandler.java:188) ~[client-1.20.1-20230612.114412-srg.jar%23352!/:?]
	at org.lwjgl.glfw.GLFWMouseButtonCallbackI.callback(GLFWMouseButtonCallbackI.java:43) ~[lwjgl-glfw-3.3.1.jar%2373!/:build 7]
	at org.lwjgl.system.JNI.invokeV(Native Method) ~[lwjgl-3.3.1.jar%2385!/:build 7]
	at org.lwjgl.glfw.GLFW.glfwWaitEventsTimeout(GLFW.java:3474) ~[lwjgl-glfw-3.3.1.jar%2373!/:build 7]
	at com.mojang.blaze3d.systems.RenderSystem.limitDisplayFPS(RenderSystem.java:237) ~[client-1.20.1-20230612.114412-srg.jar%23352!/:?]
	at net.minecraft.client.Minecraft.m_91383_(Minecraft.java:1173) ~[client-1.20.1-20230612.114412-srg.jar%23352!/:?]
	at net.minecraft.client.Minecraft.m_91374_(Minecraft.java:718) ~[client-1.20.1-20230612.114412-srg.jar%23352!/:?]
	at net.minecraft.client.main.Main.main(Main.java:218) ~[minecraft-1.20.1-client.jar:?]
	at jdk.internal.reflect.NativeMethodAccessorImpl.invoke0(Native Method) ~[?:?]
	at jdk.internal.reflect.NativeMethodAccessorImpl.invoke(NativeMethodAccessorImpl.java:77) ~[?:?]
	at jdk.internal.reflect.DelegatingMethodAccessorImpl.invoke(DelegatingMethodAccessorImpl.java:43) ~[?:?]
	at java.lang.reflect.Method.invoke(Method.java:569) ~[?:?]
	at net.minecraftforge.fml.loading.targets.CommonLaunchHandler.runTarget(CommonLaunchHandler.java:111) ~[fmlloader-1.20.1-47.4.10.jar:?]
	at net.minecraftforge.fml.loading.targets.CommonLaunchHandler.clientService(CommonLaunchHandler.java:99) ~[fmlloader-1.20.1-47.4.10.jar:?]
	at net.minecraftforge.fml.loading.targets.CommonClientLaunchHandler.lambda$makeService$0(CommonClientLaunchHandler.java:25) ~[fmlloader-1.20.1-47.4.10.jar:?]
	at cpw.mods.modlauncher.LaunchServiceHandlerDecorator.launch(LaunchServiceHandlerDecorator.java:30) ~[modlauncher-10.0.9.jar:?]
	at cpw.mods.modlauncher.LaunchServiceHandler.launch(LaunchServiceHandler.java:53) ~[modlauncher-10.0.9.jar:?]
	at cpw.mods.modlauncher.LaunchServiceHandler.launch(LaunchServiceHandler.java:71) ~[modlauncher-10.0.9.jar:?]
	at cpw.mods.modlauncher.Launcher.run(Launcher.java:108) ~[modlauncher-10.0.9.jar:?]
	at cpw.mods.modlauncher.Launcher.main(Launcher.java:78) ~[modlauncher-10.0.9.jar:?]
	at cpw.mods.modlauncher.BootstrapLaunchConsumer.accept(BootstrapLaunchConsumer.java:26) ~[modlauncher-10.0.9.jar:?]
	at cpw.mods.modlauncher.BootstrapLaunchConsumer.accept(BootstrapLaunchConsumer.java:23) ~[modlauncher-10.0.9.jar:?]
	at cpw.mods.bootstraplauncher.BootstrapLauncher.main(BootstrapLauncher.java:141) ~[bootstraplauncher-1.1.2.jar:?]
	at jdk.internal.reflect.NativeMethodAccessorImpl.invoke0(Native Method) ~[?:?]
	at jdk.internal.reflect.NativeMethodAccessorImpl.invoke(NativeMethodAccessorImpl.java:77) ~[?:?]
	at jdk.internal.reflect.DelegatingMethodAccessorImpl.invoke(DelegatingMethodAccessorImpl.java:43) ~[?:?]
	at java.lang.reflect.Method.invoke(Method.java:569) ~[?:?]
	at io.github.zekerzhayard.forgewrapper.installer.Main.main(Main.java:67) ~[?:?]
	at org.prismlauncher.launcher.impl.StandardLauncher.launch(StandardLauncher.java:115) ~[?:?]
	at org.prismlauncher.EntryPoint.listen(EntryPoint.java:129) ~[?:?]
	at org.prismlauncher.EntryPoint.main(EntryPoint.java:70) ~[?:?]
[28Mar2026 04:55:34.531] [Render thread/ERROR] [net.minecraft.world.item.crafting.RecipeManager/]: Parsing error loading recipe ltc2:compat/immortalers_delight/enchantal_cooler/inferno_spring
com.google.gson.JsonSyntaxException: Invalid or unsupported recipe type 'immortalers_delight:enchantal_cooler'
	at net.minecraft.world.item.crafting.RecipeManager.m_220253_(RecipeManager.java:170) ~[client-1.20.1-20230612.114412-srg.jar%23352!/:?]
	at java.util.Optional.orElseThrow(Optional.java:403) ~[?:?]
	at net.minecraft.world.item.crafting.RecipeManager.fromJson(RecipeManager.java:169) ~[client-1.20.1-20230612.114412-srg.jar%23352!/:?]
	at net.minecraft.world.item.crafting.RecipeManager.m_5787_(RecipeManager.java:67) ~[client-1.20.1-20230612.114412-srg.jar%23352!/:?]
	at net.minecraft.world.item.crafting.RecipeManager.m_5787_(RecipeManager.java:34) ~[client-1.20.1-20230612.114412-srg.jar%23352!/:?]
	at net.minecraft.server.packs.resources.SimplePreparableReloadListener.m_10789_(SimplePreparableReloadListener.java:13) ~[client-1.20.1-20230612.114412-srg.jar%23352!/:?]
	at java.util.concurrent.CompletableFuture$UniAccept.tryFire(CompletableFuture.java:718) ~[?:?]
	at java.util.concurrent.CompletableFuture$Completion.run(CompletableFuture.java:482) ~[?:?]
	at net.minecraft.server.packs.resources.SimpleReloadInstance.m_143940_(SimpleReloadInstance.java:69) ~[client-1.20.1-20230612.114412-srg.jar%23352!/:?]
	at net.minecraft.util.thread.BlockableEventLoop.m_6367_(BlockableEventLoop.java:156) ~[client-1.20.1-20230612.114412-srg.jar%23352!/:?]
	at net.minecraft.util.thread.ReentrantBlockableEventLoop.m_6367_(ReentrantBlockableEventLoop.java:23) ~[client-1.20.1-20230612.114412-srg.jar%23352!/:?]
	at net.minecraft.util.thread.BlockableEventLoop.m_7245_(BlockableEventLoop.java:130) ~[client-1.20.1-20230612.114412-srg.jar%23352!/:?]
	at net.minecraft.util.thread.BlockableEventLoop.m_18701_(BlockableEventLoop.java:139) ~[client-1.20.1-20230612.114412-srg.jar%23352!/:?]
	at net.minecraft.client.gui.screens.worldselection.CreateWorldScreen.m_232896_(CreateWorldScreen.java:131) ~[client-1.20.1-20230612.114412-srg.jar%23352!/:?]
	at net.minecraft.client.gui.screens.worldselection.SelectWorldScreen.m_279861_(SelectWorldScreen.java:60) ~[client-1.20.1-20230612.114412-srg.jar%23352!/:?]
	at net.minecraft.client.gui.components.Button.m_5691_(Button.java:38) ~[client-1.20.1-20230612.114412-srg.jar%23352!/:?]
	at net.minecraft.client.gui.components.AbstractButton.m_5716_(AbstractButton.java:55) ~[client-1.20.1-20230612.114412-srg.jar%23352!/:?]
	at net.minecraft.client.gui.components.AbstractWidget.m_6375_(AbstractWidget.java:175) ~[client-1.20.1-20230612.114412-srg.jar%23352!/:?]
	at net.minecraft.client.gui.components.events.ContainerEventHandler.m_6375_(ContainerEventHandler.java:38) ~[client-1.20.1-20230612.114412-srg.jar%23352!/:?]
	at net.minecraft.client.MouseHandler.m_168084_(MouseHandler.java:92) ~[client-1.20.1-20230612.114412-srg.jar%23352!/:?]
	at net.minecraft.client.gui.screens.Screen.m_96579_(Screen.java:437) ~[client-1.20.1-20230612.114412-srg.jar%23352!/:?]
	at net.minecraft.client.MouseHandler.m_91530_(MouseHandler.java:89) ~[client-1.20.1-20230612.114412-srg.jar%23352!/:?]
	at net.minecraft.client.MouseHandler.m_168091_(MouseHandler.java:189) ~[client-1.20.1-20230612.114412-srg.jar%23352!/:?]
	at net.minecraft.util.thread.BlockableEventLoop.execute(BlockableEventLoop.java:102) ~[client-1.20.1-20230612.114412-srg.jar%23352!/:?]
	at net.minecraft.client.MouseHandler.m_91565_(MouseHandler.java:188) ~[client-1.20.1-20230612.114412-srg.jar%23352!/:?]
	at org.lwjgl.glfw.GLFWMouseButtonCallbackI.callback(GLFWMouseButtonCallbackI.java:43) ~[lwjgl-glfw-3.3.1.jar%2373!/:build 7]
	at org.lwjgl.system.JNI.invokeV(Native Method) ~[lwjgl-3.3.1.jar%2385!/:build 7]
	at org.lwjgl.glfw.GLFW.glfwWaitEventsTimeout(GLFW.java:3474) ~[lwjgl-glfw-3.3.1.jar%2373!/:build 7]
	at com.mojang.blaze3d.systems.RenderSystem.limitDisplayFPS(RenderSystem.java:237) ~[client-1.20.1-20230612.114412-srg.jar%23352!/:?]
	at net.minecraft.client.Minecraft.m_91383_(Minecraft.java:1173) ~[client-1.20.1-20230612.114412-srg.jar%23352!/:?]
	at net.minecraft.client.Minecraft.m_91374_(Minecraft.java:718) ~[client-1.20.1-20230612.114412-srg.jar%23352!/:?]
	at net.minecraft.client.main.Main.main(Main.java:218) ~[minecraft-1.20.1-client.jar:?]
	at jdk.internal.reflect.NativeMethodAccessorImpl.invoke0(Native Method) ~[?:?]
	at jdk.internal.reflect.NativeMethodAccessorImpl.invoke(NativeMethodAccessorImpl.java:77) ~[?:?]
	at jdk.internal.reflect.DelegatingMethodAccessorImpl.invoke(DelegatingMethodAccessorImpl.java:43) ~[?:?]
	at java.lang.reflect.Method.invoke(Method.java:569) ~[?:?]
	at net.minecraftforge.fml.loading.targets.CommonLaunchHandler.runTarget(CommonLaunchHandler.java:111) ~[fmlloader-1.20.1-47.4.10.jar:?]
	at net.minecraftforge.fml.loading.targets.CommonLaunchHandler.clientService(CommonLaunchHandler.java:99) ~[fmlloader-1.20.1-47.4.10.jar:?]
	at net.minecraftforge.fml.loading.targets.CommonClientLaunchHandler.lambda$makeService$0(CommonClientLaunchHandler.java:25) ~[fmlloader-1.20.1-47.4.10.jar:?]
	at cpw.mods.modlauncher.LaunchServiceHandlerDecorator.launch(LaunchServiceHandlerDecorator.java:30) ~[modlauncher-10.0.9.jar:?]
	at cpw.mods.modlauncher.LaunchServiceHandler.launch(LaunchServiceHandler.java:53) ~[modlauncher-10.0.9.jar:?]
	at cpw.mods.modlauncher.LaunchServiceHandler.launch(LaunchServiceHandler.java:71) ~[modlauncher-10.0.9.jar:?]
	at cpw.mods.modlauncher.Launcher.run(Launcher.java:108) ~[modlauncher-10.0.9.jar:?]
	at cpw.mods.modlauncher.Launcher.main(Launcher.java:78) ~[modlauncher-10.0.9.jar:?]
	at cpw.mods.modlauncher.BootstrapLaunchConsumer.accept(BootstrapLaunchConsumer.java:26) ~[modlauncher-10.0.9.jar:?]
	at cpw.mods.modlauncher.BootstrapLaunchConsumer.accept(BootstrapLaunchConsumer.java:23) ~[modlauncher-10.0.9.jar:?]
	at cpw.mods.bootstraplauncher.BootstrapLauncher.main(BootstrapLauncher.java:141) ~[bootstraplauncher-1.1.2.jar:?]
	at jdk.internal.reflect.NativeMethodAccessorImpl.invoke0(Native Method) ~[?:?]
	at jdk.internal.reflect.NativeMethodAccessorImpl.invoke(NativeMethodAccessorImpl.java:77) ~[?:?]
	at jdk.internal.reflect.DelegatingMethodAccessorImpl.invoke(DelegatingMethodAccessorImpl.java:43) ~[?:?]
	at java.lang.reflect.Method.invoke(Method.java:569) ~[?:?]
	at io.github.zekerzhayard.forgewrapper.installer.Main.main(Main.java:67) ~[?:?]
	at org.prismlauncher.launcher.impl.StandardLauncher.launch(StandardLauncher.java:115) ~[?:?]
	at org.prismlauncher.EntryPoint.listen(EntryPoint.java:129) ~[?:?]
	at org.prismlauncher.EntryPoint.main(EntryPoint.java:70) ~[?:?]
[28Mar2026 04:55:34.535] [Render thread/ERROR] [net.minecraft.world.item.crafting.RecipeManager/]: Parsing error loading recipe overgeared:silver_ingot_from_cooling_3
com.google.gson.JsonSyntaxException: Unknown item 'caverns_and_chasms:silver_ingot'
	at net.minecraftforge.common.crafting.CraftingHelper.getItem(CraftingHelper.java:160) ~[forge-1.20.1-47.4.10-universal.jar%23357!/:?]
	at net.minecraftforge.common.crafting.CraftingHelper.getItemStack(CraftingHelper.java:186) ~[forge-1.20.1-47.4.10-universal.jar%23357!/:?]
	at net.minecraft.world.item.crafting.ShapedRecipe.m_151274_(ShapedRecipe.java:286) ~[client-1.20.1-20230612.114412-srg.jar%23352!/:?]
	at net.stirdrem.overgeared.recipe.CoolingRecipe$Serializer.fromJson(CoolingRecipe.java:78) ~[overgeared-1.20.1-1.6.25.jar%23321!/:1.20.1-1.6.25]
	at net.stirdrem.overgeared.recipe.CoolingRecipe$Serializer.m_6729_(CoolingRecipe.java:74) ~[overgeared-1.20.1-1.6.25.jar%23321!/:1.20.1-1.6.25]
	at net.minecraftforge.common.extensions.IForgeRecipeSerializer.fromJson(IForgeRecipeSerializer.java:23) ~[forge-1.20.1-47.4.10-universal.jar%23357!/:?]
	at net.minecraft.world.item.crafting.RecipeManager.fromJson(RecipeManager.java:171) ~[client-1.20.1-20230612.114412-srg.jar%23352!/:?]
	at net.minecraft.world.item.crafting.RecipeManager.m_5787_(RecipeManager.java:67) ~[client-1.20.1-20230612.114412-srg.jar%23352!/:?]
	at net.minecraft.world.item.crafting.RecipeManager.m_5787_(RecipeManager.java:34) ~[client-1.20.1-20230612.114412-srg.jar%23352!/:?]
	at net.minecraft.server.packs.resources.SimplePreparableReloadListener.m_10789_(SimplePreparableReloadListener.java:13) ~[client-1.20.1-20230612.114412-srg.jar%23352!/:?]
	at java.util.concurrent.CompletableFuture$UniAccept.tryFire(CompletableFuture.java:718) ~[?:?]
	at java.util.concurrent.CompletableFuture$Completion.run(CompletableFuture.java:482) ~[?:?]
	at net.minecraft.server.packs.resources.SimpleReloadInstance.m_143940_(SimpleReloadInstance.java:69) ~[client-1.20.1-20230612.114412-srg.jar%23352!/:?]
	at net.minecraft.util.thread.BlockableEventLoop.m_6367_(BlockableEventLoop.java:156) ~[client-1.20.1-20230612.114412-srg.jar%23352!/:?]
	at net.minecraft.util.thread.ReentrantBlockableEventLoop.m_6367_(ReentrantBlockableEventLoop.java:23) ~[client-1.20.1-20230612.114412-srg.jar%23352!/:?]
	at net.minecraft.util.thread.BlockableEventLoop.m_7245_(BlockableEventLoop.java:130) ~[client-1.20.1-20230612.114412-srg.jar%23352!/:?]
	at net.minecraft.util.thread.BlockableEventLoop.m_18701_(BlockableEventLoop.java:139) ~[client-1.20.1-20230612.114412-srg.jar%23352!/:?]
	at net.minecraft.client.gui.screens.worldselection.CreateWorldScreen.m_232896_(CreateWorldScreen.java:131) ~[client-1.20.1-20230612.114412-srg.jar%23352!/:?]
	at net.minecraft.client.gui.screens.worldselection.SelectWorldScreen.m_279861_(SelectWorldScreen.java:60) ~[client-1.20.1-20230612.114412-srg.jar%23352!/:?]
	at net.minecraft.client.gui.components.Button.m_5691_(Button.java:38) ~[client-1.20.1-20230612.114412-srg.jar%23352!/:?]
	at net.minecraft.client.gui.components.AbstractButton.m_5716_(AbstractButton.java:55) ~[client-1.20.1-20230612.114412-srg.jar%23352!/:?]
	at net.minecraft.client.gui.components.AbstractWidget.m_6375_(AbstractWidget.java:175) ~[client-1.20.1-20230612.114412-srg.jar%23352!/:?]
	at net.minecraft.client.gui.components.events.ContainerEventHandler.m_6375_(ContainerEventHandler.java:38) ~[client-1.20.1-20230612.114412-srg.jar%23352!/:?]
	at net.minecraft.client.MouseHandler.m_168084_(MouseHandler.java:92) ~[client-1.20.1-20230612.114412-srg.jar%23352!/:?]
	at net.minecraft.client.gui.screens.Screen.m_96579_(Screen.java:437) ~[client-1.20.1-20230612.114412-srg.jar%23352!/:?]
	at net.minecraft.client.MouseHandler.m_91530_(MouseHandler.java:89) ~[client-1.20.1-20230612.114412-srg.jar%23352!/:?]
	at net.minecraft.client.MouseHandler.m_168091_(MouseHandler.java:189) ~[client-1.20.1-20230612.114412-srg.jar%23352!/:?]
	at net.minecraft.util.thread.BlockableEventLoop.execute(BlockableEventLoop.java:102) ~[client-1.20.1-20230612.114412-srg.jar%23352!/:?]
	at net.minecraft.client.MouseHandler.m_91565_(MouseHandler.java:188) ~[client-1.20.1-20230612.114412-srg.jar%23352!/:?]
	at org.lwjgl.glfw.GLFWMouseButtonCallbackI.callback(GLFWMouseButtonCallbackI.java:43) ~[lwjgl-glfw-3.3.1.jar%2373!/:build 7]
	at org.lwjgl.system.JNI.invokeV(Native Method) ~[lwjgl-3.3.1.jar%2385!/:build 7]
	at org.lwjgl.glfw.GLFW.glfwWaitEventsTimeout(GLFW.java:3474) ~[lwjgl-glfw-3.3.1.jar%2373!/:build 7]
	at com.mojang.blaze3d.systems.RenderSystem.limitDisplayFPS(RenderSystem.java:237) ~[client-1.20.1-20230612.114412-srg.jar%23352!/:?]
	at net.minecraft.client.Minecraft.m_91383_(Minecraft.java:1173) ~[client-1.20.1-20230612.114412-srg.jar%23352!/:?]
	at net.minecraft.client.Minecraft.m_91374_(Minecraft.java:718) ~[client-1.20.1-20230612.114412-srg.jar%23352!/:?]
	at net.minecraft.client.main.Main.main(Main.java:218) ~[minecraft-1.20.1-client.jar:?]
	at jdk.internal.reflect.NativeMethodAccessorImpl.invoke0(Native Method) ~[?:?]
	at jdk.internal.reflect.NativeMethodAccessorImpl.invoke(NativeMethodAccessorImpl.java:77) ~[?:?]
	at jdk.internal.reflect.DelegatingMethodAccessorImpl.invoke(DelegatingMethodAccessorImpl.java:43) ~[?:?]
	at java.lang.reflect.Method.invoke(Method.java:569) ~[?:?]
	at net.minecraftforge.fml.loading.targets.CommonLaunchHandler.runTarget(CommonLaunchHandler.java:111) ~[fmlloader-1.20.1-47.4.10.jar:?]
	at net.minecraftforge.fml.loading.targets.CommonLaunchHandler.clientService(CommonLaunchHandler.java:99) ~[fmlloader-1.20.1-47.4.10.jar:?]
	at net.minecraftforge.fml.loading.targets.CommonClientLaunchHandler.lambda$makeService$0(CommonClientLaunchHandler.java:25) ~[fmlloader-1.20.1-47.4.10.jar:?]
	at cpw.mods.modlauncher.LaunchServiceHandlerDecorator.launch(LaunchServiceHandlerDecorator.java:30) ~[modlauncher-10.0.9.jar:?]
	at cpw.mods.modlauncher.LaunchServiceHandler.launch(LaunchServiceHandler.java:53) ~[modlauncher-10.0.9.jar:?]
	at cpw.mods.modlauncher.LaunchServiceHandler.launch(LaunchServiceHandler.java:71) ~[modlauncher-10.0.9.jar:?]
	at cpw.mods.modlauncher.Launcher.run(Launcher.java:108) ~[modlauncher-10.0.9.jar:?]
	at cpw.mods.modlauncher.Launcher.main(Launcher.java:78) ~[modlauncher-10.0.9.jar:?]
	at cpw.mods.modlauncher.BootstrapLaunchConsumer.accept(BootstrapLaunchConsumer.java:26) ~[modlauncher-10.0.9.jar:?]
	at cpw.mods.modlauncher.BootstrapLaunchConsumer.accept(BootstrapLaunchConsumer.java:23) ~[modlauncher-10.0.9.jar:?]
	at cpw.mods.bootstraplauncher.BootstrapLauncher.main(BootstrapLauncher.java:141) ~[bootstraplauncher-1.1.2.jar:?]
	at jdk.internal.reflect.NativeMethodAccessorImpl.invoke0(Native Method) ~[?:?]
	at jdk.internal.reflect.NativeMethodAccessorImpl.invoke(NativeMethodAccessorImpl.java:77) ~[?:?]
	at jdk.internal.reflect.DelegatingMethodAccessorImpl.invoke(DelegatingMethodAccessorImpl.java:43) ~[?:?]
	at java.lang.reflect.Method.invoke(Method.java:569) ~[?:?]
	at io.github.zekerzhayard.forgewrapper.installer.Main.main(Main.java:67) ~[?:?]
	at org.prismlauncher.launcher.impl.StandardLauncher.launch(StandardLauncher.java:115) ~[?:?]
	at org.prismlauncher.EntryPoint.listen(EntryPoint.java:129) ~[?:?]
	at org.prismlauncher.EntryPoint.main(EntryPoint.java:70) ~[?:?]
[28Mar2026 04:55:34.537] [Render thread/ERROR] [net.minecraft.world.item.crafting.RecipeManager/]: Parsing error loading recipe overgeared:silver_ingot_from_cooling_2
com.google.gson.JsonSyntaxException: Unknown item 'galosphere:silver_ingot'
	at net.minecraftforge.common.crafting.CraftingHelper.getItem(CraftingHelper.java:160) ~[forge-1.20.1-47.4.10-universal.jar%23357!/:?]
	at net.minecraftforge.common.crafting.CraftingHelper.getItemStack(CraftingHelper.java:186) ~[forge-1.20.1-47.4.10-universal.jar%23357!/:?]
	at net.minecraft.world.item.crafting.ShapedRecipe.m_151274_(ShapedRecipe.java:286) ~[client-1.20.1-20230612.114412-srg.jar%23352!/:?]
	at net.stirdrem.overgeared.recipe.CoolingRecipe$Serializer.fromJson(CoolingRecipe.java:78) ~[overgeared-1.20.1-1.6.25.jar%23321!/:1.20.1-1.6.25]
	at net.stirdrem.overgeared.recipe.CoolingRecipe$Serializer.m_6729_(CoolingRecipe.java:74) ~[overgeared-1.20.1-1.6.25.jar%23321!/:1.20.1-1.6.25]
	at net.minecraftforge.common.extensions.IForgeRecipeSerializer.fromJson(IForgeRecipeSerializer.java:23) ~[forge-1.20.1-47.4.10-universal.jar%23357!/:?]
	at net.minecraft.world.item.crafting.RecipeManager.fromJson(RecipeManager.java:171) ~[client-1.20.1-20230612.114412-srg.jar%23352!/:?]
	at net.minecraft.world.item.crafting.RecipeManager.m_5787_(RecipeManager.java:67) ~[client-1.20.1-20230612.114412-srg.jar%23352!/:?]
	at net.minecraft.world.item.crafting.RecipeManager.m_5787_(RecipeManager.java:34) ~[client-1.20.1-20230612.114412-srg.jar%23352!/:?]
	at net.minecraft.server.packs.resources.SimplePreparableReloadListener.m_10789_(SimplePreparableReloadListener.java:13) ~[client-1.20.1-20230612.114412-srg.jar%23352!/:?]
	at java.util.concurrent.CompletableFuture$UniAccept.tryFire(CompletableFuture.java:718) ~[?:?]
	at java.util.concurrent.CompletableFuture$Completion.run(CompletableFuture.java:482) ~[?:?]
	at net.minecraft.server.packs.resources.SimpleReloadInstance.m_143940_(SimpleReloadInstance.java:69) ~[client-1.20.1-20230612.114412-srg.jar%23352!/:?]
	at net.minecraft.util.thread.BlockableEventLoop.m_6367_(BlockableEventLoop.java:156) ~[client-1.20.1-20230612.114412-srg.jar%23352!/:?]
	at net.minecraft.util.thread.ReentrantBlockableEventLoop.m_6367_(ReentrantBlockableEventLoop.java:23) ~[client-1.20.1-20230612.114412-srg.jar%23352!/:?]
	at net.minecraft.util.thread.BlockableEventLoop.m_7245_(BlockableEventLoop.java:130) ~[client-1.20.1-20230612.114412-srg.jar%23352!/:?]
	at net.minecraft.util.thread.BlockableEventLoop.m_18701_(BlockableEventLoop.java:139) ~[client-1.20.1-20230612.114412-srg.jar%23352!/:?]
	at net.minecraft.client.gui.screens.worldselection.CreateWorldScreen.m_232896_(CreateWorldScreen.java:131) ~[client-1.20.1-20230612.114412-srg.jar%23352!/:?]
	at net.minecraft.client.gui.screens.worldselection.SelectWorldScreen.m_279861_(SelectWorldScreen.java:60) ~[client-1.20.1-20230612.114412-srg.jar%23352!/:?]
	at net.minecraft.client.gui.components.Button.m_5691_(Button.java:38) ~[client-1.20.1-20230612.114412-srg.jar%23352!/:?]
	at net.minecraft.client.gui.components.AbstractButton.m_5716_(AbstractButton.java:55) ~[client-1.20.1-20230612.114412-srg.jar%23352!/:?]
	at net.minecraft.client.gui.components.AbstractWidget.m_6375_(AbstractWidget.java:175) ~[client-1.20.1-20230612.114412-srg.jar%23352!/:?]
	at net.minecraft.client.gui.components.events.ContainerEventHandler.m_6375_(ContainerEventHandler.java:38) ~[client-1.20.1-20230612.114412-srg.jar%23352!/:?]
	at net.minecraft.client.MouseHandler.m_168084_(MouseHandler.java:92) ~[client-1.20.1-20230612.114412-srg.jar%23352!/:?]
	at net.minecraft.client.gui.screens.Screen.m_96579_(Screen.java:437) ~[client-1.20.1-20230612.114412-srg.jar%23352!/:?]
	at net.minecraft.client.MouseHandler.m_91530_(MouseHandler.java:89) ~[client-1.20.1-20230612.114412-srg.jar%23352!/:?]
	at net.minecraft.client.MouseHandler.m_168091_(MouseHandler.java:189) ~[client-1.20.1-20230612.114412-srg.jar%23352!/:?]
	at net.minecraft.util.thread.BlockableEventLoop.execute(BlockableEventLoop.java:102) ~[client-1.20.1-20230612.114412-srg.jar%23352!/:?]
	at net.minecraft.client.MouseHandler.m_91565_(MouseHandler.java:188) ~[client-1.20.1-20230612.114412-srg.jar%23352!/:?]
	at org.lwjgl.glfw.GLFWMouseButtonCallbackI.callback(GLFWMouseButtonCallbackI.java:43) ~[lwjgl-glfw-3.3.1.jar%2373!/:build 7]
	at org.lwjgl.system.JNI.invokeV(Native Method) ~[lwjgl-3.3.1.jar%2385!/:build 7]
	at org.lwjgl.glfw.GLFW.glfwWaitEventsTimeout(GLFW.java:3474) ~[lwjgl-glfw-3.3.1.jar%2373!/:build 7]
	at com.mojang.blaze3d.systems.RenderSystem.limitDisplayFPS(RenderSystem.java:237) ~[client-1.20.1-20230612.114412-srg.jar%23352!/:?]
	at net.minecraft.client.Minecraft.m_91383_(Minecraft.java:1173) ~[client-1.20.1-20230612.114412-srg.jar%23352!/:?]
	at net.minecraft.client.Minecraft.m_91374_(Minecraft.java:718) ~[client-1.20.1-20230612.114412-srg.jar%23352!/:?]
	at net.minecraft.client.main.Main.main(Main.java:218) ~[minecraft-1.20.1-client.jar:?]
	at jdk.internal.reflect.NativeMethodAccessorImpl.invoke0(Native Method) ~[?:?]
	at jdk.internal.reflect.NativeMethodAccessorImpl.invoke(NativeMethodAccessorImpl.java:77) ~[?:?]
	at jdk.internal.reflect.DelegatingMethodAccessorImpl.invoke(DelegatingMethodAccessorImpl.java:43) ~[?:?]
	at java.lang.reflect.Method.invoke(Method.java:569) ~[?:?]
	at net.minecraftforge.fml.loading.targets.CommonLaunchHandler.runTarget(CommonLaunchHandler.java:111) ~[fmlloader-1.20.1-47.4.10.jar:?]
	at net.minecraftforge.fml.loading.targets.CommonLaunchHandler.clientService(CommonLaunchHandler.java:99) ~[fmlloader-1.20.1-47.4.10.jar:?]
	at net.minecraftforge.fml.loading.targets.CommonClientLaunchHandler.lambda$makeService$0(CommonClientLaunchHandler.java:25) ~[fmlloader-1.20.1-47.4.10.jar:?]
	at cpw.mods.modlauncher.LaunchServiceHandlerDecorator.launch(LaunchServiceHandlerDecorator.java:30) ~[modlauncher-10.0.9.jar:?]
	at cpw.mods.modlauncher.LaunchServiceHandler.launch(LaunchServiceHandler.java:53) ~[modlauncher-10.0.9.jar:?]
	at cpw.mods.modlauncher.LaunchServiceHandler.launch(LaunchServiceHandler.java:71) ~[modlauncher-10.0.9.jar:?]
	at cpw.mods.modlauncher.Launcher.run(Launcher.java:108) ~[modlauncher-10.0.9.jar:?]
	at cpw.mods.modlauncher.Launcher.main(Launcher.java:78) ~[modlauncher-10.0.9.jar:?]
	at cpw.mods.modlauncher.BootstrapLaunchConsumer.accept(BootstrapLaunchConsumer.java:26) ~[modlauncher-10.0.9.jar:?]
	at cpw.mods.modlauncher.BootstrapLaunchConsumer.accept(BootstrapLaunchConsumer.java:23) ~[modlauncher-10.0.9.jar:?]
	at cpw.mods.bootstraplauncher.BootstrapLauncher.main(BootstrapLauncher.java:141) ~[bootstraplauncher-1.1.2.jar:?]
	at jdk.internal.reflect.NativeMethodAccessorImpl.invoke0(Native Method) ~[?:?]
	at jdk.internal.reflect.NativeMethodAccessorImpl.invoke(NativeMethodAccessorImpl.java:77) ~[?:?]
	at jdk.internal.reflect.DelegatingMethodAccessorImpl.invoke(DelegatingMethodAccessorImpl.java:43) ~[?:?]
	at java.lang.reflect.Method.invoke(Method.java:569) ~[?:?]
	at io.github.zekerzhayard.forgewrapper.installer.Main.main(Main.java:67) ~[?:?]
	at org.prismlauncher.launcher.impl.StandardLauncher.launch(StandardLauncher.java:115) ~[?:?]
	at org.prismlauncher.EntryPoint.listen(EntryPoint.java:129) ~[?:?]
	at org.prismlauncher.EntryPoint.main(EntryPoint.java:70) ~[?:?]
[28Mar2026 04:55:34.543] [Render thread/ERROR] [net.minecraft.world.item.crafting.RecipeManager/]: Parsing error loading recipe culturaldelights:cutting/cut_cucumber
com.google.gson.JsonSyntaxException: Unknown item 'vintagedelight:cucumber'
	at net.minecraft.world.item.crafting.ShapedRecipe.m_151280_(ShapedRecipe.java:292) ~[client-1.20.1-20230612.114412-srg.jar%23352!/:?]
	at java.util.Optional.orElseThrow(Optional.java:403) ~[?:?]
	at net.minecraft.world.item.crafting.ShapedRecipe.m_151278_(ShapedRecipe.java:291) ~[client-1.20.1-20230612.114412-srg.jar%23352!/:?]
	at net.minecraft.world.item.crafting.Ingredient.m_43919_(Ingredient.java:219) ~[client-1.20.1-20230612.114412-srg.jar%23352!/:?]
	at net.minecraftforge.common.crafting.VanillaIngredientSerializer.parse(VanillaIngredientSerializer.java:27) ~[forge-1.20.1-47.4.10-universal.jar%23357!/:?]
	at net.minecraftforge.common.crafting.CraftingHelper.getIngredient(CraftingHelper.java:148) ~[forge-1.20.1-47.4.10-universal.jar%23357!/:?]
	at net.minecraft.world.item.crafting.Ingredient.m_288218_(Ingredient.java:194) ~[client-1.20.1-20230612.114412-srg.jar%23352!/:?]
	at net.minecraft.world.item.crafting.Ingredient.m_43917_(Ingredient.java:189) ~[client-1.20.1-20230612.114412-srg.jar%23352!/:?]
	at vectorwing.farmersdelight.common.crafting.CuttingBoardRecipe$Serializer.readIngredients(CuttingBoardRecipe.java:195) ~[FarmersDelight-1.20.1-1.2.11.jar%23294!/:1.20.1-1.2.11]
	at vectorwing.farmersdelight.common.crafting.CuttingBoardRecipe$Serializer.fromJson(CuttingBoardRecipe.java:172) ~[FarmersDelight-1.20.1-1.2.11.jar%23294!/:1.20.1-1.2.11]
	at vectorwing.farmersdelight.common.crafting.CuttingBoardRecipe$Serializer.m_6729_(CuttingBoardRecipe.java:164) ~[FarmersDelight-1.20.1-1.2.11.jar%23294!/:1.20.1-1.2.11]
	at net.minecraftforge.common.extensions.IForgeRecipeSerializer.fromJson(IForgeRecipeSerializer.java:23) ~[forge-1.20.1-47.4.10-universal.jar%23357!/:?]
	at net.minecraft.world.item.crafting.RecipeManager.fromJson(RecipeManager.java:171) ~[client-1.20.1-20230612.114412-srg.jar%23352!/:?]
	at net.minecraft.world.item.crafting.RecipeManager.m_5787_(RecipeManager.java:67) ~[client-1.20.1-20230612.114412-srg.jar%23352!/:?]
	at net.minecraft.world.item.crafting.RecipeManager.m_5787_(RecipeManager.java:34) ~[client-1.20.1-20230612.114412-srg.jar%23352!/:?]
	at net.minecraft.server.packs.resources.SimplePreparableReloadListener.m_10789_(SimplePreparableReloadListener.java:13) ~[client-1.20.1-20230612.114412-srg.jar%23352!/:?]
	at java.util.concurrent.CompletableFuture$UniAccept.tryFire(CompletableFuture.java:718) ~[?:?]
	at java.util.concurrent.CompletableFuture$Completion.run(CompletableFuture.java:482) ~[?:?]
	at net.minecraft.server.packs.resources.SimpleReloadInstance.m_143940_(SimpleReloadInstance.java:69) ~[client-1.20.1-20230612.114412-srg.jar%23352!/:?]
	at net.minecraft.util.thread.BlockableEventLoop.m_6367_(BlockableEventLoop.java:156) ~[client-1.20.1-20230612.114412-srg.jar%23352!/:?]
	at net.minecraft.util.thread.ReentrantBlockableEventLoop.m_6367_(ReentrantBlockableEventLoop.java:23) ~[client-1.20.1-20230612.114412-srg.jar%23352!/:?]
	at net.minecraft.util.thread.BlockableEventLoop.m_7245_(BlockableEventLoop.java:130) ~[client-1.20.1-20230612.114412-srg.jar%23352!/:?]
	at net.minecraft.util.thread.BlockableEventLoop.m_18701_(BlockableEventLoop.java:139) ~[client-1.20.1-20230612.114412-srg.jar%23352!/:?]
	at net.minecraft.client.gui.screens.worldselection.CreateWorldScreen.m_232896_(CreateWorldScreen.java:131) ~[client-1.20.1-20230612.114412-srg.jar%23352!/:?]
	at net.minecraft.client.gui.screens.worldselection.SelectWorldScreen.m_279861_(SelectWorldScreen.java:60) ~[client-1.20.1-20230612.114412-srg.jar%23352!/:?]
	at net.minecraft.client.gui.components.Button.m_5691_(Button.java:38) ~[client-1.20.1-20230612.114412-srg.jar%23352!/:?]
	at net.minecraft.client.gui.components.AbstractButton.m_5716_(AbstractButton.java:55) ~[client-1.20.1-20230612.114412-srg.jar%23352!/:?]
	at net.minecraft.client.gui.components.AbstractWidget.m_6375_(AbstractWidget.java:175) ~[client-1.20.1-20230612.114412-srg.jar%23352!/:?]
	at net.minecraft.client.gui.components.events.ContainerEventHandler.m_6375_(ContainerEventHandler.java:38) ~[client-1.20.1-20230612.114412-srg.jar%23352!/:?]
	at net.minecraft.client.MouseHandler.m_168084_(MouseHandler.java:92) ~[client-1.20.1-20230612.114412-srg.jar%23352!/:?]
	at net.minecraft.client.gui.screens.Screen.m_96579_(Screen.java:437) ~[client-1.20.1-20230612.114412-srg.jar%23352!/:?]
	at net.minecraft.client.MouseHandler.m_91530_(MouseHandler.java:89) ~[client-1.20.1-20230612.114412-srg.jar%23352!/:?]
	at net.minecraft.client.MouseHandler.m_168091_(MouseHandler.java:189) ~[client-1.20.1-20230612.114412-srg.jar%23352!/:?]
	at net.minecraft.util.thread.BlockableEventLoop.execute(BlockableEventLoop.java:102) ~[client-1.20.1-20230612.114412-srg.jar%23352!/:?]
	at net.minecraft.client.MouseHandler.m_91565_(MouseHandler.java:188) ~[client-1.20.1-20230612.114412-srg.jar%23352!/:?]
	at org.lwjgl.glfw.GLFWMouseButtonCallbackI.callback(GLFWMouseButtonCallbackI.java:43) ~[lwjgl-glfw-3.3.1.jar%2373!/:build 7]
	at org.lwjgl.system.JNI.invokeV(Native Method) ~[lwjgl-3.3.1.jar%2385!/:build 7]
	at org.lwjgl.glfw.GLFW.glfwWaitEventsTimeout(GLFW.java:3474) ~[lwjgl-glfw-3.3.1.jar%2373!/:build 7]
	at com.mojang.blaze3d.systems.RenderSystem.limitDisplayFPS(RenderSystem.java:237) ~[client-1.20.1-20230612.114412-srg.jar%23352!/:?]
	at net.minecraft.client.Minecraft.m_91383_(Minecraft.java:1173) ~[client-1.20.1-20230612.114412-srg.jar%23352!/:?]
	at net.minecraft.client.Minecraft.m_91374_(Minecraft.java:718) ~[client-1.20.1-20230612.114412-srg.jar%23352!/:?]
	at net.minecraft.client.main.Main.main(Main.java:218) ~[minecraft-1.20.1-client.jar:?]
	at jdk.internal.reflect.NativeMethodAccessorImpl.invoke0(Native Method) ~[?:?]
	at jdk.internal.reflect.NativeMethodAccessorImpl.invoke(NativeMethodAccessorImpl.java:77) ~[?:?]
	at jdk.internal.reflect.DelegatingMethodAccessorImpl.invoke(DelegatingMethodAccessorImpl.java:43) ~[?:?]
	at java.lang.reflect.Method.invoke(Method.java:569) ~[?:?]
	at net.minecraftforge.fml.loading.targets.CommonLaunchHandler.runTarget(CommonLaunchHandler.java:111) ~[fmlloader-1.20.1-47.4.10.jar:?]
	at net.minecraftforge.fml.loading.targets.CommonLaunchHandler.clientService(CommonLaunchHandler.java:99) ~[fmlloader-1.20.1-47.4.10.jar:?]
	at net.minecraftforge.fml.loading.targets.CommonClientLaunchHandler.lambda$makeService$0(CommonClientLaunchHandler.java:25) ~[fmlloader-1.20.1-47.4.10.jar:?]
	at cpw.mods.modlauncher.LaunchServiceHandlerDecorator.launch(LaunchServiceHandlerDecorator.java:30) ~[modlauncher-10.0.9.jar:?]
	at cpw.mods.modlauncher.LaunchServiceHandler.launch(LaunchServiceHandler.java:53) ~[modlauncher-10.0.9.jar:?]
	at cpw.mods.modlauncher.LaunchServiceHandler.launch(LaunchServiceHandler.java:71) ~[modlauncher-10.0.9.jar:?]
	at cpw.mods.modlauncher.Launcher.run(Launcher.java:108) ~[modlauncher-10.0.9.jar:?]
	at cpw.mods.modlauncher.Launcher.main(Launcher.java:78) ~[modlauncher-10.0.9.jar:?]
	at cpw.mods.modlauncher.BootstrapLaunchConsumer.accept(BootstrapLaunchConsumer.java:26) ~[modlauncher-10.0.9.jar:?]
	at cpw.mods.modlauncher.BootstrapLaunchConsumer.accept(BootstrapLaunchConsumer.java:23) ~[modlauncher-10.0.9.jar:?]
	at cpw.mods.bootstraplauncher.BootstrapLauncher.main(BootstrapLauncher.java:141) ~[bootstraplauncher-1.1.2.jar:?]
	at jdk.internal.reflect.NativeMethodAccessorImpl.invoke0(Native Method) ~[?:?]
	at jdk.internal.reflect.NativeMethodAccessorImpl.invoke(NativeMethodAccessorImpl.java:77) ~[?:?]
	at jdk.internal.reflect.DelegatingMethodAccessorImpl.invoke(DelegatingMethodAccessorImpl.java:43) ~[?:?]
	at java.lang.reflect.Method.invoke(Method.java:569) ~[?:?]
	at io.github.zekerzhayard.forgewrapper.installer.Main.main(Main.java:67) ~[?:?]
	at org.prismlauncher.launcher.impl.StandardLauncher.launch(StandardLauncher.java:115) ~[?:?]
	at org.prismlauncher.EntryPoint.listen(EntryPoint.java:129) ~[?:?]
	at org.prismlauncher.EntryPoint.main(EntryPoint.java:70) ~[?:?]
[28Mar2026 04:55:34.544] [Render thread/INFO] [net.minecraft.world.item.crafting.RecipeManager/]: Skipping loading recipe botanypots:rusticdelight/crop/cotton as it's serializer returned null
[28Mar2026 04:55:34.556] [Render thread/ERROR] [net.minecraft.world.item.crafting.RecipeManager/]: Parsing error loading recipe ltc2:compat/crockpot/cooking/enchanted_wither_latiao_from_superior
com.google.gson.JsonSyntaxException: Invalid or unsupported recipe type 'crockpot:crock_pot_cooking'
	at net.minecraft.world.item.crafting.RecipeManager.m_220253_(RecipeManager.java:170) ~[client-1.20.1-20230612.114412-srg.jar%23352!/:?]
	at java.util.Optional.orElseThrow(Optional.java:403) ~[?:?]
	at net.minecraft.world.item.crafting.RecipeManager.fromJson(RecipeManager.java:169) ~[client-1.20.1-20230612.114412-srg.jar%23352!/:?]
	at net.minecraft.world.item.crafting.RecipeManager.m_5787_(RecipeManager.java:67) ~[client-1.20.1-20230612.114412-srg.jar%23352!/:?]
	at net.minecraft.world.item.crafting.RecipeManager.m_5787_(RecipeManager.java:34) ~[client-1.20.1-20230612.114412-srg.jar%23352!/:?]
	at net.minecraft.server.packs.resources.SimplePreparableReloadListener.m_10789_(SimplePreparableReloadListener.java:13) ~[client-1.20.1-20230612.114412-srg.jar%23352!/:?]
	at java.util.concurrent.CompletableFuture$UniAccept.tryFire(CompletableFuture.java:718) ~[?:?]
	at java.util.concurrent.CompletableFuture$Completion.run(CompletableFuture.java:482) ~[?:?]
	at net.minecraft.server.packs.resources.SimpleReloadInstance.m_143940_(SimpleReloadInstance.java:69) ~[client-1.20.1-20230612.114412-srg.jar%23352!/:?]
	at net.minecraft.util.thread.BlockableEventLoop.m_6367_(BlockableEventLoop.java:156) ~[client-1.20.1-20230612.114412-srg.jar%23352!/:?]
	at net.minecraft.util.thread.ReentrantBlockableEventLoop.m_6367_(ReentrantBlockableEventLoop.java:23) ~[client-1.20.1-20230612.114412-srg.jar%23352!/:?]
	at net.minecraft.util.thread.BlockableEventLoop.m_7245_(BlockableEventLoop.java:130) ~[client-1.20.1-20230612.114412-srg.jar%23352!/:?]
	at net.minecraft.util.thread.BlockableEventLoop.m_18701_(BlockableEventLoop.java:139) ~[client-1.20.1-20230612.114412-srg.jar%23352!/:?]
	at net.minecraft.client.gui.screens.worldselection.CreateWorldScreen.m_232896_(CreateWorldScreen.java:131) ~[client-1.20.1-20230612.114412-srg.jar%23352!/:?]
	at net.minecraft.client.gui.screens.worldselection.SelectWorldScreen.m_279861_(SelectWorldScreen.java:60) ~[client-1.20.1-20230612.114412-srg.jar%23352!/:?]
	at net.minecraft.client.gui.components.Button.m_5691_(Button.java:38) ~[client-1.20.1-20230612.114412-srg.jar%23352!/:?]
	at net.minecraft.client.gui.components.AbstractButton.m_5716_(AbstractButton.java:55) ~[client-1.20.1-20230612.114412-srg.jar%23352!/:?]
	at net.minecraft.client.gui.components.AbstractWidget.m_6375_(AbstractWidget.java:175) ~[client-1.20.1-20230612.114412-srg.jar%23352!/:?]
	at net.minecraft.client.gui.components.events.ContainerEventHandler.m_6375_(ContainerEventHandler.java:38) ~[client-1.20.1-20230612.114412-srg.jar%23352!/:?]
	at net.minecraft.client.MouseHandler.m_168084_(MouseHandler.java:92) ~[client-1.20.1-20230612.114412-srg.jar%23352!/:?]
	at net.minecraft.client.gui.screens.Screen.m_96579_(Screen.java:437) ~[client-1.20.1-20230612.114412-srg.jar%23352!/:?]
	at net.minecraft.client.MouseHandler.m_91530_(MouseHandler.java:89) ~[client-1.20.1-20230612.114412-srg.jar%23352!/:?]
	at net.minecraft.client.MouseHandler.m_168091_(MouseHandler.java:189) ~[client-1.20.1-20230612.114412-srg.jar%23352!/:?]
	at net.minecraft.util.thread.BlockableEventLoop.execute(BlockableEventLoop.java:102) ~[client-1.20.1-20230612.114412-srg.jar%23352!/:?]
	at net.minecraft.client.MouseHandler.m_91565_(MouseHandler.java:188) ~[client-1.20.1-20230612.114412-srg.jar%23352!/:?]
	at org.lwjgl.glfw.GLFWMouseButtonCallbackI.callback(GLFWMouseButtonCallbackI.java:43) ~[lwjgl-glfw-3.3.1.jar%2373!/:build 7]
	at org.lwjgl.system.JNI.invokeV(Native Method) ~[lwjgl-3.3.1.jar%2385!/:build 7]
	at org.lwjgl.glfw.GLFW.glfwWaitEventsTimeout(GLFW.java:3474) ~[lwjgl-glfw-3.3.1.jar%2373!/:build 7]
	at com.mojang.blaze3d.systems.RenderSystem.limitDisplayFPS(RenderSystem.java:237) ~[client-1.20.1-20230612.114412-srg.jar%23352!/:?]
	at net.minecraft.client.Minecraft.m_91383_(Minecraft.java:1173) ~[client-1.20.1-20230612.114412-srg.jar%23352!/:?]
	at net.minecraft.client.Minecraft.m_91374_(Minecraft.java:718) ~[client-1.20.1-20230612.114412-srg.jar%23352!/:?]
	at net.minecraft.client.main.Main.main(Main.java:218) ~[minecraft-1.20.1-client.jar:?]
	at jdk.internal.reflect.NativeMethodAccessorImpl.invoke0(Native Method) ~[?:?]
	at jdk.internal.reflect.NativeMethodAccessorImpl.invoke(NativeMethodAccessorImpl.java:77) ~[?:?]
	at jdk.internal.reflect.DelegatingMethodAccessorImpl.invoke(DelegatingMethodAccessorImpl.java:43) ~[?:?]
	at java.lang.reflect.Method.invoke(Method.java:569) ~[?:?]
	at net.minecraftforge.fml.loading.targets.CommonLaunchHandler.runTarget(CommonLaunchHandler.java:111) ~[fmlloader-1.20.1-47.4.10.jar:?]
	at net.minecraftforge.fml.loading.targets.CommonLaunchHandler.clientService(CommonLaunchHandler.java:99) ~[fmlloader-1.20.1-47.4.10.jar:?]
	at net.minecraftforge.fml.loading.targets.CommonClientLaunchHandler.lambda$makeService$0(CommonClientLaunchHandler.java:25) ~[fmlloader-1.20.1-47.4.10.jar:?]
	at cpw.mods.modlauncher.LaunchServiceHandlerDecorator.launch(LaunchServiceHandlerDecorator.java:30) ~[modlauncher-10.0.9.jar:?]
	at cpw.mods.modlauncher.LaunchServiceHandler.launch(LaunchServiceHandler.java:53) ~[modlauncher-10.0.9.jar:?]
	at cpw.mods.modlauncher.LaunchServiceHandler.launch(LaunchServiceHandler.java:71) ~[modlauncher-10.0.9.jar:?]
	at cpw.mods.modlauncher.Launcher.run(Launcher.java:108) ~[modlauncher-10.0.9.jar:?]
	at cpw.mods.modlauncher.Launcher.main(Launcher.java:78) ~[modlauncher-10.0.9.jar:?]
	at cpw.mods.modlauncher.BootstrapLaunchConsumer.accept(BootstrapLaunchConsumer.java:26) ~[modlauncher-10.0.9.jar:?]
	at cpw.mods.modlauncher.BootstrapLaunchConsumer.accept(BootstrapLaunchConsumer.java:23) ~[modlauncher-10.0.9.jar:?]
	at cpw.mods.bootstraplauncher.BootstrapLauncher.main(BootstrapLauncher.java:141) ~[bootstraplauncher-1.1.2.jar:?]
	at jdk.internal.reflect.NativeMethodAccessorImpl.invoke0(Native Method) ~[?:?]
	at jdk.internal.reflect.NativeMethodAccessorImpl.invoke(NativeMethodAccessorImpl.java:77) ~[?:?]
	at jdk.internal.reflect.DelegatingMethodAccessorImpl.invoke(DelegatingMethodAccessorImpl.java:43) ~[?:?]
	at java.lang.reflect.Method.invoke(Method.java:569) ~[?:?]
	at io.github.zekerzhayard.forgewrapper.installer.Main.main(Main.java:67) ~[?:?]
	at org.prismlauncher.launcher.impl.StandardLauncher.launch(StandardLauncher.java:115) ~[?:?]
	at org.prismlauncher.EntryPoint.listen(EntryPoint.java:129) ~[?:?]
	at org.prismlauncher.EntryPoint.main(EntryPoint.java:70) ~[?:?]
[28Mar2026 04:55:34.561] [Render thread/ERROR] [net.minecraft.world.item.crafting.RecipeManager/]: Parsing error loading recipe ltc2:compat/crockpot/cooking/enchanted_wither_latiao
com.google.gson.JsonSyntaxException: Invalid or unsupported recipe type 'crockpot:crock_pot_cooking'
	at net.minecraft.world.item.crafting.RecipeManager.m_220253_(RecipeManager.java:170) ~[client-1.20.1-20230612.114412-srg.jar%23352!/:?]
	at java.util.Optional.orElseThrow(Optional.java:403) ~[?:?]
	at net.minecraft.world.item.crafting.RecipeManager.fromJson(RecipeManager.java:169) ~[client-1.20.1-20230612.114412-srg.jar%23352!/:?]
	at net.minecraft.world.item.crafting.RecipeManager.m_5787_(RecipeManager.java:67) ~[client-1.20.1-20230612.114412-srg.jar%23352!/:?]
	at net.minecraft.world.item.crafting.RecipeManager.m_5787_(RecipeManager.java:34) ~[client-1.20.1-20230612.114412-srg.jar%23352!/:?]
	at net.minecraft.server.packs.resources.SimplePreparableReloadListener.m_10789_(SimplePreparableReloadListener.java:13) ~[client-1.20.1-20230612.114412-srg.jar%23352!/:?]
	at java.util.concurrent.CompletableFuture$UniAccept.tryFire(CompletableFuture.java:718) ~[?:?]
	at java.util.concurrent.CompletableFuture$Completion.run(CompletableFuture.java:482) ~[?:?]
	at net.minecraft.server.packs.resources.SimpleReloadInstance.m_143940_(SimpleReloadInstance.java:69) ~[client-1.20.1-20230612.114412-srg.jar%23352!/:?]
	at net.minecraft.util.thread.BlockableEventLoop.m_6367_(BlockableEventLoop.java:156) ~[client-1.20.1-20230612.114412-srg.jar%23352!/:?]
	at net.minecraft.util.thread.ReentrantBlockableEventLoop.m_6367_(ReentrantBlockableEventLoop.java:23) ~[client-1.20.1-20230612.114412-srg.jar%23352!/:?]
	at net.minecraft.util.thread.BlockableEventLoop.m_7245_(BlockableEventLoop.java:130) ~[client-1.20.1-20230612.114412-srg.jar%23352!/:?]
	at net.minecraft.util.thread.BlockableEventLoop.m_18701_(BlockableEventLoop.java:139) ~[client-1.20.1-20230612.114412-srg.jar%23352!/:?]
	at net.minecraft.client.gui.screens.worldselection.CreateWorldScreen.m_232896_(CreateWorldScreen.java:131) ~[client-1.20.1-20230612.114412-srg.jar%23352!/:?]
	at net.minecraft.client.gui.screens.worldselection.SelectWorldScreen.m_279861_(SelectWorldScreen.java:60) ~[client-1.20.1-20230612.114412-srg.jar%23352!/:?]
	at net.minecraft.client.gui.components.Button.m_5691_(Button.java:38) ~[client-1.20.1-20230612.114412-srg.jar%23352!/:?]
	at net.minecraft.client.gui.components.AbstractButton.m_5716_(AbstractButton.java:55) ~[client-1.20.1-20230612.114412-srg.jar%23352!/:?]
	at net.minecraft.client.gui.components.AbstractWidget.m_6375_(AbstractWidget.java:175) ~[client-1.20.1-20230612.114412-srg.jar%23352!/:?]
	at net.minecraft.client.gui.components.events.ContainerEventHandler.m_6375_(ContainerEventHandler.java:38) ~[client-1.20.1-20230612.114412-srg.jar%23352!/:?]
	at net.minecraft.client.MouseHandler.m_168084_(MouseHandler.java:92) ~[client-1.20.1-20230612.114412-srg.jar%23352!/:?]
	at net.minecraft.client.gui.screens.Screen.m_96579_(Screen.java:437) ~[client-1.20.1-20230612.114412-srg.jar%23352!/:?]
	at net.minecraft.client.MouseHandler.m_91530_(MouseHandler.java:89) ~[client-1.20.1-20230612.114412-srg.jar%23352!/:?]
	at net.minecraft.client.MouseHandler.m_168091_(MouseHandler.java:189) ~[client-1.20.1-20230612.114412-srg.jar%23352!/:?]
	at net.minecraft.util.thread.BlockableEventLoop.execute(BlockableEventLoop.java:102) ~[client-1.20.1-20230612.114412-srg.jar%23352!/:?]
	at net.minecraft.client.MouseHandler.m_91565_(MouseHandler.java:188) ~[client-1.20.1-20230612.114412-srg.jar%23352!/:?]
	at org.lwjgl.glfw.GLFWMouseButtonCallbackI.callback(GLFWMouseButtonCallbackI.java:43) ~[lwjgl-glfw-3.3.1.jar%2373!/:build 7]
	at org.lwjgl.system.JNI.invokeV(Native Method) ~[lwjgl-3.3.1.jar%2385!/:build 7]
	at org.lwjgl.glfw.GLFW.glfwWaitEventsTimeout(GLFW.java:3474) ~[lwjgl-glfw-3.3.1.jar%2373!/:build 7]
	at com.mojang.blaze3d.systems.RenderSystem.limitDisplayFPS(RenderSystem.java:237) ~[client-1.20.1-20230612.114412-srg.jar%23352!/:?]
	at net.minecraft.client.Minecraft.m_91383_(Minecraft.java:1173) ~[client-1.20.1-20230612.114412-srg.jar%23352!/:?]
	at net.minecraft.client.Minecraft.m_91374_(Minecraft.java:718) ~[client-1.20.1-20230612.114412-srg.jar%23352!/:?]
	at net.minecraft.client.main.Main.main(Main.java:218) ~[minecraft-1.20.1-client.jar:?]
	at jdk.internal.reflect.NativeMethodAccessorImpl.invoke0(Native Method) ~[?:?]
	at jdk.internal.reflect.NativeMethodAccessorImpl.invoke(NativeMethodAccessorImpl.java:77) ~[?:?]
	at jdk.internal.reflect.DelegatingMethodAccessorImpl.invoke(DelegatingMethodAccessorImpl.java:43) ~[?:?]
	at java.lang.reflect.Method.invoke(Method.java:569) ~[?:?]
	at net.minecraftforge.fml.loading.targets.CommonLaunchHandler.runTarget(CommonLaunchHandler.java:111) ~[fmlloader-1.20.1-47.4.10.jar:?]
	at net.minecraftforge.fml.loading.targets.CommonLaunchHandler.clientService(CommonLaunchHandler.java:99) ~[fmlloader-1.20.1-47.4.10.jar:?]
	at net.minecraftforge.fml.loading.targets.CommonClientLaunchHandler.lambda$makeService$0(CommonClientLaunchHandler.java:25) ~[fmlloader-1.20.1-47.4.10.jar:?]
	at cpw.mods.modlauncher.LaunchServiceHandlerDecorator.launch(LaunchServiceHandlerDecorator.java:30) ~[modlauncher-10.0.9.jar:?]
	at cpw.mods.modlauncher.LaunchServiceHandler.launch(LaunchServiceHandler.java:53) ~[modlauncher-10.0.9.jar:?]
	at cpw.mods.modlauncher.LaunchServiceHandler.launch(LaunchServiceHandler.java:71) ~[modlauncher-10.0.9.jar:?]
	at cpw.mods.modlauncher.Launcher.run(Launcher.java:108) ~[modlauncher-10.0.9.jar:?]
	at cpw.mods.modlauncher.Launcher.main(Launcher.java:78) ~[modlauncher-10.0.9.jar:?]
	at cpw.mods.modlauncher.BootstrapLaunchConsumer.accept(BootstrapLaunchConsumer.java:26) ~[modlauncher-10.0.9.jar:?]
	at cpw.mods.modlauncher.BootstrapLaunchConsumer.accept(BootstrapLaunchConsumer.java:23) ~[modlauncher-10.0.9.jar:?]
	at cpw.mods.bootstraplauncher.BootstrapLauncher.main(BootstrapLauncher.java:141) ~[bootstraplauncher-1.1.2.jar:?]
	at jdk.internal.reflect.NativeMethodAccessorImpl.invoke0(Native Method) ~[?:?]
	at jdk.internal.reflect.NativeMethodAccessorImpl.invoke(NativeMethodAccessorImpl.java:77) ~[?:?]
	at jdk.internal.reflect.DelegatingMethodAccessorImpl.invoke(DelegatingMethodAccessorImpl.java:43) ~[?:?]
	at java.lang.reflect.Method.invoke(Method.java:569) ~[?:?]
	at io.github.zekerzhayard.forgewrapper.installer.Main.main(Main.java:67) ~[?:?]
	at org.prismlauncher.launcher.impl.StandardLauncher.launch(StandardLauncher.java:115) ~[?:?]
	at org.prismlauncher.EntryPoint.listen(EntryPoint.java:129) ~[?:?]
	at org.prismlauncher.EntryPoint.main(EntryPoint.java:70) ~[?:?]
[28Mar2026 04:55:34.568] [Render thread/INFO] [net.minecraft.world.item.crafting.RecipeManager/]: Skipping loading recipe rusticdelight:brewing/coffee as it's serializer returned null
[28Mar2026 04:55:34.579] [Render thread/ERROR] [net.minecraft.world.item.crafting.RecipeManager/]: Parsing error loading recipe ltc2:compat/jeed/loot_echo
com.google.gson.JsonSyntaxException: Invalid or unsupported recipe type 'jeed:effect_provider'
	at net.minecraft.world.item.crafting.RecipeManager.m_220253_(RecipeManager.java:170) ~[client-1.20.1-20230612.114412-srg.jar%23352!/:?]
	at java.util.Optional.orElseThrow(Optional.java:403) ~[?:?]
	at net.minecraft.world.item.crafting.RecipeManager.fromJson(RecipeManager.java:169) ~[client-1.20.1-20230612.114412-srg.jar%23352!/:?]
	at net.minecraft.world.item.crafting.RecipeManager.m_5787_(RecipeManager.java:67) ~[client-1.20.1-20230612.114412-srg.jar%23352!/:?]
	at net.minecraft.world.item.crafting.RecipeManager.m_5787_(RecipeManager.java:34) ~[client-1.20.1-20230612.114412-srg.jar%23352!/:?]
	at net.minecraft.server.packs.resources.SimplePreparableReloadListener.m_10789_(SimplePreparableReloadListener.java:13) ~[client-1.20.1-20230612.114412-srg.jar%23352!/:?]
	at java.util.concurrent.CompletableFuture$UniAccept.tryFire(CompletableFuture.java:718) ~[?:?]
	at java.util.concurrent.CompletableFuture$Completion.run(CompletableFuture.java:482) ~[?:?]
	at net.minecraft.server.packs.resources.SimpleReloadInstance.m_143940_(SimpleReloadInstance.java:69) ~[client-1.20.1-20230612.114412-srg.jar%23352!/:?]
	at net.minecraft.util.thread.BlockableEventLoop.m_6367_(BlockableEventLoop.java:156) ~[client-1.20.1-20230612.114412-srg.jar%23352!/:?]
	at net.minecraft.util.thread.ReentrantBlockableEventLoop.m_6367_(ReentrantBlockableEventLoop.java:23) ~[client-1.20.1-20230612.114412-srg.jar%23352!/:?]
	at net.minecraft.util.thread.BlockableEventLoop.m_7245_(BlockableEventLoop.java:130) ~[client-1.20.1-20230612.114412-srg.jar%23352!/:?]
	at net.minecraft.util.thread.BlockableEventLoop.m_18701_(BlockableEventLoop.java:139) ~[client-1.20.1-20230612.114412-srg.jar%23352!/:?]
	at net.minecraft.client.gui.screens.worldselection.CreateWorldScreen.m_232896_(CreateWorldScreen.java:131) ~[client-1.20.1-20230612.114412-srg.jar%23352!/:?]
	at net.minecraft.client.gui.screens.worldselection.SelectWorldScreen.m_279861_(SelectWorldScreen.java:60) ~[client-1.20.1-20230612.114412-srg.jar%23352!/:?]
	at net.minecraft.client.gui.components.Button.m_5691_(Button.java:38) ~[client-1.20.1-20230612.114412-srg.jar%23352!/:?]
	at net.minecraft.client.gui.components.AbstractButton.m_5716_(AbstractButton.java:55) ~[client-1.20.1-20230612.114412-srg.jar%23352!/:?]
	at net.minecraft.client.gui.components.AbstractWidget.m_6375_(AbstractWidget.java:175) ~[client-1.20.1-20230612.114412-srg.jar%23352!/:?]
	at net.minecraft.client.gui.components.events.ContainerEventHandler.m_6375_(ContainerEventHandler.java:38) ~[client-1.20.1-20230612.114412-srg.jar%23352!/:?]
	at net.minecraft.client.MouseHandler.m_168084_(MouseHandler.java:92) ~[client-1.20.1-20230612.114412-srg.jar%23352!/:?]
	at net.minecraft.client.gui.screens.Screen.m_96579_(Screen.java:437) ~[client-1.20.1-20230612.114412-srg.jar%23352!/:?]
	at net.minecraft.client.MouseHandler.m_91530_(MouseHandler.java:89) ~[client-1.20.1-20230612.114412-srg.jar%23352!/:?]
	at net.minecraft.client.MouseHandler.m_168091_(MouseHandler.java:189) ~[client-1.20.1-20230612.114412-srg.jar%23352!/:?]
	at net.minecraft.util.thread.BlockableEventLoop.execute(BlockableEventLoop.java:102) ~[client-1.20.1-20230612.114412-srg.jar%23352!/:?]
	at net.minecraft.client.MouseHandler.m_91565_(MouseHandler.java:188) ~[client-1.20.1-20230612.114412-srg.jar%23352!/:?]
	at org.lwjgl.glfw.GLFWMouseButtonCallbackI.callback(GLFWMouseButtonCallbackI.java:43) ~[lwjgl-glfw-3.3.1.jar%2373!/:build 7]
	at org.lwjgl.system.JNI.invokeV(Native Method) ~[lwjgl-3.3.1.jar%2385!/:build 7]
	at org.lwjgl.glfw.GLFW.glfwWaitEventsTimeout(GLFW.java:3474) ~[lwjgl-glfw-3.3.1.jar%2373!/:build 7]
	at com.mojang.blaze3d.systems.RenderSystem.limitDisplayFPS(RenderSystem.java:237) ~[client-1.20.1-20230612.114412-srg.jar%23352!/:?]
	at net.minecraft.client.Minecraft.m_91383_(Minecraft.java:1173) ~[client-1.20.1-20230612.114412-srg.jar%23352!/:?]
	at net.minecraft.client.Minecraft.m_91374_(Minecraft.java:718) ~[client-1.20.1-20230612.114412-srg.jar%23352!/:?]
	at net.minecraft.client.main.Main.main(Main.java:218) ~[minecraft-1.20.1-client.jar:?]
	at jdk.internal.reflect.NativeMethodAccessorImpl.invoke0(Native Method) ~[?:?]
	at jdk.internal.reflect.NativeMethodAccessorImpl.invoke(NativeMethodAccessorImpl.java:77) ~[?:?]
	at jdk.internal.reflect.DelegatingMethodAccessorImpl.invoke(DelegatingMethodAccessorImpl.java:43) ~[?:?]
	at java.lang.reflect.Method.invoke(Method.java:569) ~[?:?]
	at net.minecraftforge.fml.loading.targets.CommonLaunchHandler.runTarget(CommonLaunchHandler.java:111) ~[fmlloader-1.20.1-47.4.10.jar:?]
	at net.minecraftforge.fml.loading.targets.CommonLaunchHandler.clientService(CommonLaunchHandler.java:99) ~[fmlloader-1.20.1-47.4.10.jar:?]
	at net.minecraftforge.fml.loading.targets.CommonClientLaunchHandler.lambda$makeService$0(CommonClientLaunchHandler.java:25) ~[fmlloader-1.20.1-47.4.10.jar:?]
	at cpw.mods.modlauncher.LaunchServiceHandlerDecorator.launch(LaunchServiceHandlerDecorator.java:30) ~[modlauncher-10.0.9.jar:?]
	at cpw.mods.modlauncher.LaunchServiceHandler.launch(LaunchServiceHandler.java:53) ~[modlauncher-10.0.9.jar:?]
	at cpw.mods.modlauncher.LaunchServiceHandler.launch(LaunchServiceHandler.java:71) ~[modlauncher-10.0.9.jar:?]
	at cpw.mods.modlauncher.Launcher.run(Launcher.java:108) ~[modlauncher-10.0.9.jar:?]
	at cpw.mods.modlauncher.Launcher.main(Launcher.java:78) ~[modlauncher-10.0.9.jar:?]
	at cpw.mods.modlauncher.BootstrapLaunchConsumer.accept(BootstrapLaunchConsumer.java:26) ~[modlauncher-10.0.9.jar:?]
	at cpw.mods.modlauncher.BootstrapLaunchConsumer.accept(BootstrapLaunchConsumer.java:23) ~[modlauncher-10.0.9.jar:?]
	at cpw.mods.bootstraplauncher.BootstrapLauncher.main(BootstrapLauncher.java:141) ~[bootstraplauncher-1.1.2.jar:?]
	at jdk.internal.reflect.NativeMethodAccessorImpl.invoke0(Native Method) ~[?:?]
	at jdk.internal.reflect.NativeMethodAccessorImpl.invoke(NativeMethodAccessorImpl.java:77) ~[?:?]
	at jdk.internal.reflect.DelegatingMethodAccessorImpl.invoke(DelegatingMethodAccessorImpl.java:43) ~[?:?]
	at java.lang.reflect.Method.invoke(Method.java:569) ~[?:?]
	at io.github.zekerzhayard.forgewrapper.installer.Main.main(Main.java:67) ~[?:?]
	at org.prismlauncher.launcher.impl.StandardLauncher.launch(StandardLauncher.java:115) ~[?:?]
	at org.prismlauncher.EntryPoint.listen(EntryPoint.java:129) ~[?:?]
	at org.prismlauncher.EntryPoint.main(EntryPoint.java:70) ~[?:?]
[28Mar2026 04:55:34.587] [Render thread/ERROR] [net.minecraft.world.item.crafting.RecipeManager/]: Parsing error loading recipe ltc2:compat/jeed/compat/farmersdelight/nourishment
com.google.gson.JsonSyntaxException: Invalid or unsupported recipe type 'jeed:effect_provider'
	at net.minecraft.world.item.crafting.RecipeManager.m_220253_(RecipeManager.java:170) ~[client-1.20.1-20230612.114412-srg.jar%23352!/:?]
	at java.util.Optional.orElseThrow(Optional.java:403) ~[?:?]
	at net.minecraft.world.item.crafting.RecipeManager.fromJson(RecipeManager.java:169) ~[client-1.20.1-20230612.114412-srg.jar%23352!/:?]
	at net.minecraft.world.item.crafting.RecipeManager.m_5787_(RecipeManager.java:67) ~[client-1.20.1-20230612.114412-srg.jar%23352!/:?]
	at net.minecraft.world.item.crafting.RecipeManager.m_5787_(RecipeManager.java:34) ~[client-1.20.1-20230612.114412-srg.jar%23352!/:?]
	at net.minecraft.server.packs.resources.SimplePreparableReloadListener.m_10789_(SimplePreparableReloadListener.java:13) ~[client-1.20.1-20230612.114412-srg.jar%23352!/:?]
	at java.util.concurrent.CompletableFuture$UniAccept.tryFire(CompletableFuture.java:718) ~[?:?]
	at java.util.concurrent.CompletableFuture$Completion.run(CompletableFuture.java:482) ~[?:?]
	at net.minecraft.server.packs.resources.SimpleReloadInstance.m_143940_(SimpleReloadInstance.java:69) ~[client-1.20.1-20230612.114412-srg.jar%23352!/:?]
	at net.minecraft.util.thread.BlockableEventLoop.m_6367_(BlockableEventLoop.java:156) ~[client-1.20.1-20230612.114412-srg.jar%23352!/:?]
	at net.minecraft.util.thread.ReentrantBlockableEventLoop.m_6367_(ReentrantBlockableEventLoop.java:23) ~[client-1.20.1-20230612.114412-srg.jar%23352!/:?]
	at net.minecraft.util.thread.BlockableEventLoop.m_7245_(BlockableEventLoop.java:130) ~[client-1.20.1-20230612.114412-srg.jar%23352!/:?]
	at net.minecraft.util.thread.BlockableEventLoop.m_18701_(BlockableEventLoop.java:139) ~[client-1.20.1-20230612.114412-srg.jar%23352!/:?]
	at net.minecraft.client.gui.screens.worldselection.CreateWorldScreen.m_232896_(CreateWorldScreen.java:131) ~[client-1.20.1-20230612.114412-srg.jar%23352!/:?]
	at net.minecraft.client.gui.screens.worldselection.SelectWorldScreen.m_279861_(SelectWorldScreen.java:60) ~[client-1.20.1-20230612.114412-srg.jar%23352!/:?]
	at net.minecraft.client.gui.components.Button.m_5691_(Button.java:38) ~[client-1.20.1-20230612.114412-srg.jar%23352!/:?]
	at net.minecraft.client.gui.components.AbstractButton.m_5716_(AbstractButton.java:55) ~[client-1.20.1-20230612.114412-srg.jar%23352!/:?]
	at net.minecraft.client.gui.components.AbstractWidget.m_6375_(AbstractWidget.java:175) ~[client-1.20.1-20230612.114412-srg.jar%23352!/:?]
	at net.minecraft.client.gui.components.events.ContainerEventHandler.m_6375_(ContainerEventHandler.java:38) ~[client-1.20.1-20230612.114412-srg.jar%23352!/:?]
	at net.minecraft.client.MouseHandler.m_168084_(MouseHandler.java:92) ~[client-1.20.1-20230612.114412-srg.jar%23352!/:?]
	at net.minecraft.client.gui.screens.Screen.m_96579_(Screen.java:437) ~[client-1.20.1-20230612.114412-srg.jar%23352!/:?]
	at net.minecraft.client.MouseHandler.m_91530_(MouseHandler.java:89) ~[client-1.20.1-20230612.114412-srg.jar%23352!/:?]
	at net.minecraft.client.MouseHandler.m_168091_(MouseHandler.java:189) ~[client-1.20.1-20230612.114412-srg.jar%23352!/:?]
	at net.minecraft.util.thread.BlockableEventLoop.execute(BlockableEventLoop.java:102) ~[client-1.20.1-20230612.114412-srg.jar%23352!/:?]
	at net.minecraft.client.MouseHandler.m_91565_(MouseHandler.java:188) ~[client-1.20.1-20230612.114412-srg.jar%23352!/:?]
	at org.lwjgl.glfw.GLFWMouseButtonCallbackI.callback(GLFWMouseButtonCallbackI.java:43) ~[lwjgl-glfw-3.3.1.jar%2373!/:build 7]
	at org.lwjgl.system.JNI.invokeV(Native Method) ~[lwjgl-3.3.1.jar%2385!/:build 7]
	at org.lwjgl.glfw.GLFW.glfwWaitEventsTimeout(GLFW.java:3474) ~[lwjgl-glfw-3.3.1.jar%2373!/:build 7]
	at com.mojang.blaze3d.systems.RenderSystem.limitDisplayFPS(RenderSystem.java:237) ~[client-1.20.1-20230612.114412-srg.jar%23352!/:?]
	at net.minecraft.client.Minecraft.m_91383_(Minecraft.java:1173) ~[client-1.20.1-20230612.114412-srg.jar%23352!/:?]
	at net.minecraft.client.Minecraft.m_91374_(Minecraft.java:718) ~[client-1.20.1-20230612.114412-srg.jar%23352!/:?]
	at net.minecraft.client.main.Main.main(Main.java:218) ~[minecraft-1.20.1-client.jar:?]
	at jdk.internal.reflect.NativeMethodAccessorImpl.invoke0(Native Method) ~[?:?]
	at jdk.internal.reflect.NativeMethodAccessorImpl.invoke(NativeMethodAccessorImpl.java:77) ~[?:?]
	at jdk.internal.reflect.DelegatingMethodAccessorImpl.invoke(DelegatingMethodAccessorImpl.java:43) ~[?:?]
	at java.lang.reflect.Method.invoke(Method.java:569) ~[?:?]
	at net.minecraftforge.fml.loading.targets.CommonLaunchHandler.runTarget(CommonLaunchHandler.java:111) ~[fmlloader-1.20.1-47.4.10.jar:?]
	at net.minecraftforge.fml.loading.targets.CommonLaunchHandler.clientService(CommonLaunchHandler.java:99) ~[fmlloader-1.20.1-47.4.10.jar:?]
	at net.minecraftforge.fml.loading.targets.CommonClientLaunchHandler.lambda$makeService$0(CommonClientLaunchHandler.java:25) ~[fmlloader-1.20.1-47.4.10.jar:?]
	at cpw.mods.modlauncher.LaunchServiceHandlerDecorator.launch(LaunchServiceHandlerDecorator.java:30) ~[modlauncher-10.0.9.jar:?]
	at cpw.mods.modlauncher.LaunchServiceHandler.launch(LaunchServiceHandler.java:53) ~[modlauncher-10.0.9.jar:?]
	at cpw.mods.modlauncher.LaunchServiceHandler.launch(LaunchServiceHandler.java:71) ~[modlauncher-10.0.9.jar:?]
	at cpw.mods.modlauncher.Launcher.run(Launcher.java:108) ~[modlauncher-10.0.9.jar:?]
	at cpw.mods.modlauncher.Launcher.main(Launcher.java:78) ~[modlauncher-10.0.9.jar:?]
	at cpw.mods.modlauncher.BootstrapLaunchConsumer.accept(BootstrapLaunchConsumer.java:26) ~[modlauncher-10.0.9.jar:?]
	at cpw.mods.modlauncher.BootstrapLaunchConsumer.accept(BootstrapLaunchConsumer.java:23) ~[modlauncher-10.0.9.jar:?]
	at cpw.mods.bootstraplauncher.BootstrapLauncher.main(BootstrapLauncher.java:141) ~[bootstraplauncher-1.1.2.jar:?]
	at jdk.internal.reflect.NativeMethodAccessorImpl.invoke0(Native Method) ~[?:?]
	at jdk.internal.reflect.NativeMethodAccessorImpl.invoke(NativeMethodAccessorImpl.java:77) ~[?:?]
	at jdk.internal.reflect.DelegatingMethodAccessorImpl.invoke(DelegatingMethodAccessorImpl.java:43) ~[?:?]
	at java.lang.reflect.Method.invoke(Method.java:569) ~[?:?]
	at io.github.zekerzhayard.forgewrapper.installer.Main.main(Main.java:67) ~[?:?]
	at org.prismlauncher.launcher.impl.StandardLauncher.launch(StandardLauncher.java:115) ~[?:?]
	at org.prismlauncher.EntryPoint.listen(EntryPoint.java:129) ~[?:?]
	at org.prismlauncher.EntryPoint.main(EntryPoint.java:70) ~[?:?]
[28Mar2026 04:55:34.594] [Render thread/ERROR] [net.minecraft.world.item.crafting.RecipeManager/]: Parsing error loading recipe ltc2:compat/immortalers_delight/enchantal_cooler/sculk_mint_milk_green
com.google.gson.JsonSyntaxException: Invalid or unsupported recipe type 'immortalers_delight:enchantal_cooler'
	at net.minecraft.world.item.crafting.RecipeManager.m_220253_(RecipeManager.java:170) ~[client-1.20.1-20230612.114412-srg.jar%23352!/:?]
	at java.util.Optional.orElseThrow(Optional.java:403) ~[?:?]
	at net.minecraft.world.item.crafting.RecipeManager.fromJson(RecipeManager.java:169) ~[client-1.20.1-20230612.114412-srg.jar%23352!/:?]
	at net.minecraft.world.item.crafting.RecipeManager.m_5787_(RecipeManager.java:67) ~[client-1.20.1-20230612.114412-srg.jar%23352!/:?]
	at net.minecraft.world.item.crafting.RecipeManager.m_5787_(RecipeManager.java:34) ~[client-1.20.1-20230612.114412-srg.jar%23352!/:?]
	at net.minecraft.server.packs.resources.SimplePreparableReloadListener.m_10789_(SimplePreparableReloadListener.java:13) ~[client-1.20.1-20230612.114412-srg.jar%23352!/:?]
	at java.util.concurrent.CompletableFuture$UniAccept.tryFire(CompletableFuture.java:718) ~[?:?]
	at java.util.concurrent.CompletableFuture$Completion.run(CompletableFuture.java:482) ~[?:?]
	at net.minecraft.server.packs.resources.SimpleReloadInstance.m_143940_(SimpleReloadInstance.java:69) ~[client-1.20.1-20230612.114412-srg.jar%23352!/:?]
	at net.minecraft.util.thread.BlockableEventLoop.m_6367_(BlockableEventLoop.java:156) ~[client-1.20.1-20230612.114412-srg.jar%23352!/:?]
	at net.minecraft.util.thread.ReentrantBlockableEventLoop.m_6367_(ReentrantBlockableEventLoop.java:23) ~[client-1.20.1-20230612.114412-srg.jar%23352!/:?]
	at net.minecraft.util.thread.BlockableEventLoop.m_7245_(BlockableEventLoop.java:130) ~[client-1.20.1-20230612.114412-srg.jar%23352!/:?]
	at net.minecraft.util.thread.BlockableEventLoop.m_18701_(BlockableEventLoop.java:139) ~[client-1.20.1-20230612.114412-srg.jar%23352!/:?]
	at net.minecraft.client.gui.screens.worldselection.CreateWorldScreen.m_232896_(CreateWorldScreen.java:131) ~[client-1.20.1-20230612.114412-srg.jar%23352!/:?]
	at net.minecraft.client.gui.screens.worldselection.SelectWorldScreen.m_279861_(SelectWorldScreen.java:60) ~[client-1.20.1-20230612.114412-srg.jar%23352!/:?]
	at net.minecraft.client.gui.components.Button.m_5691_(Button.java:38) ~[client-1.20.1-20230612.114412-srg.jar%23352!/:?]
	at net.minecraft.client.gui.components.AbstractButton.m_5716_(AbstractButton.java:55) ~[client-1.20.1-20230612.114412-srg.jar%23352!/:?]
	at net.minecraft.client.gui.components.AbstractWidget.m_6375_(AbstractWidget.java:175) ~[client-1.20.1-20230612.114412-srg.jar%23352!/:?]
	at net.minecraft.client.gui.components.events.ContainerEventHandler.m_6375_(ContainerEventHandler.java:38) ~[client-1.20.1-20230612.114412-srg.jar%23352!/:?]
	at net.minecraft.client.MouseHandler.m_168084_(MouseHandler.java:92) ~[client-1.20.1-20230612.114412-srg.jar%23352!/:?]
	at net.minecraft.client.gui.screens.Screen.m_96579_(Screen.java:437) ~[client-1.20.1-20230612.114412-srg.jar%23352!/:?]
	at net.minecraft.client.MouseHandler.m_91530_(MouseHandler.java:89) ~[client-1.20.1-20230612.114412-srg.jar%23352!/:?]
	at net.minecraft.client.MouseHandler.m_168091_(MouseHandler.java:189) ~[client-1.20.1-20230612.114412-srg.jar%23352!/:?]
	at net.minecraft.util.thread.BlockableEventLoop.execute(BlockableEventLoop.java:102) ~[client-1.20.1-20230612.114412-srg.jar%23352!/:?]
	at net.minecraft.client.MouseHandler.m_91565_(MouseHandler.java:188) ~[client-1.20.1-20230612.114412-srg.jar%23352!/:?]
	at org.lwjgl.glfw.GLFWMouseButtonCallbackI.callback(GLFWMouseButtonCallbackI.java:43) ~[lwjgl-glfw-3.3.1.jar%2373!/:build 7]
	at org.lwjgl.system.JNI.invokeV(Native Method) ~[lwjgl-3.3.1.jar%2385!/:build 7]
	at org.lwjgl.glfw.GLFW.glfwWaitEventsTimeout(GLFW.java:3474) ~[lwjgl-glfw-3.3.1.jar%2373!/:build 7]
	at com.mojang.blaze3d.systems.RenderSystem.limitDisplayFPS(RenderSystem.java:237) ~[client-1.20.1-20230612.114412-srg.jar%23352!/:?]
	at net.minecraft.client.Minecraft.m_91383_(Minecraft.java:1173) ~[client-1.20.1-20230612.114412-srg.jar%23352!/:?]
	at net.minecraft.client.Minecraft.m_91374_(Minecraft.java:718) ~[client-1.20.1-20230612.114412-srg.jar%23352!/:?]
	at net.minecraft.client.main.Main.main(Main.java:218) ~[minecraft-1.20.1-client.jar:?]
	at jdk.internal.reflect.NativeMethodAccessorImpl.invoke0(Native Method) ~[?:?]
	at jdk.internal.reflect.NativeMethodAccessorImpl.invoke(NativeMethodAccessorImpl.java:77) ~[?:?]
	at jdk.internal.reflect.DelegatingMethodAccessorImpl.invoke(DelegatingMethodAccessorImpl.java:43) ~[?:?]
	at java.lang.reflect.Method.invoke(Method.java:569) ~[?:?]
	at net.minecraftforge.fml.loading.targets.CommonLaunchHandler.runTarget(CommonLaunchHandler.java:111) ~[fmlloader-1.20.1-47.4.10.jar:?]
	at net.minecraftforge.fml.loading.targets.CommonLaunchHandler.clientService(CommonLaunchHandler.java:99) ~[fmlloader-1.20.1-47.4.10.jar:?]
	at net.minecraftforge.fml.loading.targets.CommonClientLaunchHandler.lambda$makeService$0(CommonClientLaunchHandler.java:25) ~[fmlloader-1.20.1-47.4.10.jar:?]
	at cpw.mods.modlauncher.LaunchServiceHandlerDecorator.launch(LaunchServiceHandlerDecorator.java:30) ~[modlauncher-10.0.9.jar:?]
	at cpw.mods.modlauncher.LaunchServiceHandler.launch(LaunchServiceHandler.java:53) ~[modlauncher-10.0.9.jar:?]
	at cpw.mods.modlauncher.LaunchServiceHandler.launch(LaunchServiceHandler.java:71) ~[modlauncher-10.0.9.jar:?]
	at cpw.mods.modlauncher.Launcher.run(Launcher.java:108) ~[modlauncher-10.0.9.jar:?]
	at cpw.mods.modlauncher.Launcher.main(Launcher.java:78) ~[modlauncher-10.0.9.jar:?]
	at cpw.mods.modlauncher.BootstrapLaunchConsumer.accept(BootstrapLaunchConsumer.java:26) ~[modlauncher-10.0.9.jar:?]
	at cpw.mods.modlauncher.BootstrapLaunchConsumer.accept(BootstrapLaunchConsumer.java:23) ~[modlauncher-10.0.9.jar:?]
	at cpw.mods.bootstraplauncher.BootstrapLauncher.main(BootstrapLauncher.java:141) ~[bootstraplauncher-1.1.2.jar:?]
	at jdk.internal.reflect.NativeMethodAccessorImpl.invoke0(Native Method) ~[?:?]
	at jdk.internal.reflect.NativeMethodAccessorImpl.invoke(NativeMethodAccessorImpl.java:77) ~[?:?]
	at jdk.internal.reflect.DelegatingMethodAccessorImpl.invoke(DelegatingMethodAccessorImpl.java:43) ~[?:?]
	at java.lang.reflect.Method.invoke(Method.java:569) ~[?:?]
	at io.github.zekerzhayard.forgewrapper.installer.Main.main(Main.java:67) ~[?:?]
	at org.prismlauncher.launcher.impl.StandardLauncher.launch(StandardLauncher.java:115) ~[?:?]
	at org.prismlauncher.EntryPoint.listen(EntryPoint.java:129) ~[?:?]
	at org.prismlauncher.EntryPoint.main(EntryPoint.java:70) ~[?:?]
[28Mar2026 04:55:34.597] [Render thread/ERROR] [net.minecraft.world.item.crafting.RecipeManager/]: Parsing error loading recipe ltc2:compat/jeed/water_breathing
com.google.gson.JsonSyntaxException: Invalid or unsupported recipe type 'jeed:effect_provider'
	at net.minecraft.world.item.crafting.RecipeManager.m_220253_(RecipeManager.java:170) ~[client-1.20.1-20230612.114412-srg.jar%23352!/:?]
	at java.util.Optional.orElseThrow(Optional.java:403) ~[?:?]
	at net.minecraft.world.item.crafting.RecipeManager.fromJson(RecipeManager.java:169) ~[client-1.20.1-20230612.114412-srg.jar%23352!/:?]
	at net.minecraft.world.item.crafting.RecipeManager.m_5787_(RecipeManager.java:67) ~[client-1.20.1-20230612.114412-srg.jar%23352!/:?]
	at net.minecraft.world.item.crafting.RecipeManager.m_5787_(RecipeManager.java:34) ~[client-1.20.1-20230612.114412-srg.jar%23352!/:?]
	at net.minecraft.server.packs.resources.SimplePreparableReloadListener.m_10789_(SimplePreparableReloadListener.java:13) ~[client-1.20.1-20230612.114412-srg.jar%23352!/:?]
	at java.util.concurrent.CompletableFuture$UniAccept.tryFire(CompletableFuture.java:718) ~[?:?]
	at java.util.concurrent.CompletableFuture$Completion.run(CompletableFuture.java:482) ~[?:?]
	at net.minecraft.server.packs.resources.SimpleReloadInstance.m_143940_(SimpleReloadInstance.java:69) ~[client-1.20.1-20230612.114412-srg.jar%23352!/:?]
	at net.minecraft.util.thread.BlockableEventLoop.m_6367_(BlockableEventLoop.java:156) ~[client-1.20.1-20230612.114412-srg.jar%23352!/:?]
	at net.minecraft.util.thread.ReentrantBlockableEventLoop.m_6367_(ReentrantBlockableEventLoop.java:23) ~[client-1.20.1-20230612.114412-srg.jar%23352!/:?]
	at net.minecraft.util.thread.BlockableEventLoop.m_7245_(BlockableEventLoop.java:130) ~[client-1.20.1-20230612.114412-srg.jar%23352!/:?]
	at net.minecraft.util.thread.BlockableEventLoop.m_18701_(BlockableEventLoop.java:139) ~[client-1.20.1-20230612.114412-srg.jar%23352!/:?]
	at net.minecraft.client.gui.screens.worldselection.CreateWorldScreen.m_232896_(CreateWorldScreen.java:131) ~[client-1.20.1-20230612.114412-srg.jar%23352!/:?]
	at net.minecraft.client.gui.screens.worldselection.SelectWorldScreen.m_279861_(SelectWorldScreen.java:60) ~[client-1.20.1-20230612.114412-srg.jar%23352!/:?]
	at net.minecraft.client.gui.components.Button.m_5691_(Button.java:38) ~[client-1.20.1-20230612.114412-srg.jar%23352!/:?]
	at net.minecraft.client.gui.components.AbstractButton.m_5716_(AbstractButton.java:55) ~[client-1.20.1-20230612.114412-srg.jar%23352!/:?]
	at net.minecraft.client.gui.components.AbstractWidget.m_6375_(AbstractWidget.java:175) ~[client-1.20.1-20230612.114412-srg.jar%23352!/:?]
	at net.minecraft.client.gui.components.events.ContainerEventHandler.m_6375_(ContainerEventHandler.java:38) ~[client-1.20.1-20230612.114412-srg.jar%23352!/:?]
	at net.minecraft.client.MouseHandler.m_168084_(MouseHandler.java:92) ~[client-1.20.1-20230612.114412-srg.jar%23352!/:?]
	at net.minecraft.client.gui.screens.Screen.m_96579_(Screen.java:437) ~[client-1.20.1-20230612.114412-srg.jar%23352!/:?]
	at net.minecraft.client.MouseHandler.m_91530_(MouseHandler.java:89) ~[client-1.20.1-20230612.114412-srg.jar%23352!/:?]
	at net.minecraft.client.MouseHandler.m_168091_(MouseHandler.java:189) ~[client-1.20.1-20230612.114412-srg.jar%23352!/:?]
	at net.minecraft.util.thread.BlockableEventLoop.execute(BlockableEventLoop.java:102) ~[client-1.20.1-20230612.114412-srg.jar%23352!/:?]
	at net.minecraft.client.MouseHandler.m_91565_(MouseHandler.java:188) ~[client-1.20.1-20230612.114412-srg.jar%23352!/:?]
	at org.lwjgl.glfw.GLFWMouseButtonCallbackI.callback(GLFWMouseButtonCallbackI.java:43) ~[lwjgl-glfw-3.3.1.jar%2373!/:build 7]
	at org.lwjgl.system.JNI.invokeV(Native Method) ~[lwjgl-3.3.1.jar%2385!/:build 7]
	at org.lwjgl.glfw.GLFW.glfwWaitEventsTimeout(GLFW.java:3474) ~[lwjgl-glfw-3.3.1.jar%2373!/:build 7]
	at com.mojang.blaze3d.systems.RenderSystem.limitDisplayFPS(RenderSystem.java:237) ~[client-1.20.1-20230612.114412-srg.jar%23352!/:?]
	at net.minecraft.client.Minecraft.m_91383_(Minecraft.java:1173) ~[client-1.20.1-20230612.114412-srg.jar%23352!/:?]
	at net.minecraft.client.Minecraft.m_91374_(Minecraft.java:718) ~[client-1.20.1-20230612.114412-srg.jar%23352!/:?]
	at net.minecraft.client.main.Main.main(Main.java:218) ~[minecraft-1.20.1-client.jar:?]
	at jdk.internal.reflect.NativeMethodAccessorImpl.invoke0(Native Method) ~[?:?]
	at jdk.internal.reflect.NativeMethodAccessorImpl.invoke(NativeMethodAccessorImpl.java:77) ~[?:?]
	at jdk.internal.reflect.DelegatingMethodAccessorImpl.invoke(DelegatingMethodAccessorImpl.java:43) ~[?:?]
	at java.lang.reflect.Method.invoke(Method.java:569) ~[?:?]
	at net.minecraftforge.fml.loading.targets.CommonLaunchHandler.runTarget(CommonLaunchHandler.java:111) ~[fmlloader-1.20.1-47.4.10.jar:?]
	at net.minecraftforge.fml.loading.targets.CommonLaunchHandler.clientService(CommonLaunchHandler.java:99) ~[fmlloader-1.20.1-47.4.10.jar:?]
	at net.minecraftforge.fml.loading.targets.CommonClientLaunchHandler.lambda$makeService$0(CommonClientLaunchHandler.java:25) ~[fmlloader-1.20.1-47.4.10.jar:?]
	at cpw.mods.modlauncher.LaunchServiceHandlerDecorator.launch(LaunchServiceHandlerDecorator.java:30) ~[modlauncher-10.0.9.jar:?]
	at cpw.mods.modlauncher.LaunchServiceHandler.launch(LaunchServiceHandler.java:53) ~[modlauncher-10.0.9.jar:?]
	at cpw.mods.modlauncher.LaunchServiceHandler.launch(LaunchServiceHandler.java:71) ~[modlauncher-10.0.9.jar:?]
	at cpw.mods.modlauncher.Launcher.run(Launcher.java:108) ~[modlauncher-10.0.9.jar:?]
	at cpw.mods.modlauncher.Launcher.main(Launcher.java:78) ~[modlauncher-10.0.9.jar:?]
	at cpw.mods.modlauncher.BootstrapLaunchConsumer.accept(BootstrapLaunchConsumer.java:26) ~[modlauncher-10.0.9.jar:?]
	at cpw.mods.modlauncher.BootstrapLaunchConsumer.accept(BootstrapLaunchConsumer.java:23) ~[modlauncher-10.0.9.jar:?]
	at cpw.mods.bootstraplauncher.BootstrapLauncher.main(BootstrapLauncher.java:141) ~[bootstraplauncher-1.1.2.jar:?]
	at jdk.internal.reflect.NativeMethodAccessorImpl.invoke0(Native Method) ~[?:?]
	at jdk.internal.reflect.NativeMethodAccessorImpl.invoke(NativeMethodAccessorImpl.java:77) ~[?:?]
	at jdk.internal.reflect.DelegatingMethodAccessorImpl.invoke(DelegatingMethodAccessorImpl.java:43) ~[?:?]
	at java.lang.reflect.Method.invoke(Method.java:569) ~[?:?]
	at io.github.zekerzhayard.forgewrapper.installer.Main.main(Main.java:67) ~[?:?]
	at org.prismlauncher.launcher.impl.StandardLauncher.launch(StandardLauncher.java:115) ~[?:?]
	at org.prismlauncher.EntryPoint.listen(EntryPoint.java:129) ~[?:?]
	at org.prismlauncher.EntryPoint.main(EntryPoint.java:70) ~[?:?]
[28Mar2026 04:55:34.603] [Render thread/ERROR] [net.minecraft.world.item.crafting.RecipeManager/]: Parsing error loading recipe culturaldelights:pickle_crate
com.google.gson.JsonSyntaxException: Unknown item 'vintagedelight:pickle'
	at net.minecraft.world.item.crafting.ShapedRecipe.m_151280_(ShapedRecipe.java:292) ~[client-1.20.1-20230612.114412-srg.jar%23352!/:?]
	at java.util.Optional.orElseThrow(Optional.java:403) ~[?:?]
	at net.minecraft.world.item.crafting.ShapedRecipe.m_151278_(ShapedRecipe.java:291) ~[client-1.20.1-20230612.114412-srg.jar%23352!/:?]
	at net.minecraft.world.item.crafting.Ingredient.m_43919_(Ingredient.java:219) ~[client-1.20.1-20230612.114412-srg.jar%23352!/:?]
	at net.minecraftforge.common.crafting.VanillaIngredientSerializer.parse(VanillaIngredientSerializer.java:27) ~[forge-1.20.1-47.4.10-universal.jar%23357!/:?]
	at net.minecraftforge.common.crafting.CraftingHelper.getIngredient(CraftingHelper.java:148) ~[forge-1.20.1-47.4.10-universal.jar%23357!/:?]
	at net.minecraft.world.item.crafting.Ingredient.m_288218_(Ingredient.java:194) ~[client-1.20.1-20230612.114412-srg.jar%23352!/:?]
	at net.minecraft.world.item.crafting.ShapedRecipe.m_44210_(ShapedRecipe.java:278) ~[client-1.20.1-20230612.114412-srg.jar%23352!/:?]
	at net.minecraft.world.item.crafting.ShapedRecipe$Serializer.m_6729_(ShapedRecipe.java:306) ~[client-1.20.1-20230612.114412-srg.jar%23352!/:?]
	at net.minecraft.world.item.crafting.ShapedRecipe$Serializer.m_6729_(ShapedRecipe.java:301) ~[client-1.20.1-20230612.114412-srg.jar%23352!/:?]
	at net.minecraftforge.common.extensions.IForgeRecipeSerializer.fromJson(IForgeRecipeSerializer.java:23) ~[forge-1.20.1-47.4.10-universal.jar%23357!/:?]
	at net.minecraft.world.item.crafting.RecipeManager.fromJson(RecipeManager.java:171) ~[client-1.20.1-20230612.114412-srg.jar%23352!/:?]
	at net.minecraft.world.item.crafting.RecipeManager.m_5787_(RecipeManager.java:67) ~[client-1.20.1-20230612.114412-srg.jar%23352!/:?]
	at net.minecraft.world.item.crafting.RecipeManager.m_5787_(RecipeManager.java:34) ~[client-1.20.1-20230612.114412-srg.jar%23352!/:?]
	at net.minecraft.server.packs.resources.SimplePreparableReloadListener.m_10789_(SimplePreparableReloadListener.java:13) ~[client-1.20.1-20230612.114412-srg.jar%23352!/:?]
	at java.util.concurrent.CompletableFuture$UniAccept.tryFire(CompletableFuture.java:718) ~[?:?]
	at java.util.concurrent.CompletableFuture$Completion.run(CompletableFuture.java:482) ~[?:?]
	at net.minecraft.server.packs.resources.SimpleReloadInstance.m_143940_(SimpleReloadInstance.java:69) ~[client-1.20.1-20230612.114412-srg.jar%23352!/:?]
	at net.minecraft.util.thread.BlockableEventLoop.m_6367_(BlockableEventLoop.java:156) ~[client-1.20.1-20230612.114412-srg.jar%23352!/:?]
	at net.minecraft.util.thread.ReentrantBlockableEventLoop.m_6367_(ReentrantBlockableEventLoop.java:23) ~[client-1.20.1-20230612.114412-srg.jar%23352!/:?]
	at net.minecraft.util.thread.BlockableEventLoop.m_7245_(BlockableEventLoop.java:130) ~[client-1.20.1-20230612.114412-srg.jar%23352!/:?]
	at net.minecraft.util.thread.BlockableEventLoop.m_18701_(BlockableEventLoop.java:139) ~[client-1.20.1-20230612.114412-srg.jar%23352!/:?]
	at net.minecraft.client.gui.screens.worldselection.CreateWorldScreen.m_232896_(CreateWorldScreen.java:131) ~[client-1.20.1-20230612.114412-srg.jar%23352!/:?]
	at net.minecraft.client.gui.screens.worldselection.SelectWorldScreen.m_279861_(SelectWorldScreen.java:60) ~[client-1.20.1-20230612.114412-srg.jar%23352!/:?]
	at net.minecraft.client.gui.components.Button.m_5691_(Button.java:38) ~[client-1.20.1-20230612.114412-srg.jar%23352!/:?]
	at net.minecraft.client.gui.components.AbstractButton.m_5716_(AbstractButton.java:55) ~[client-1.20.1-20230612.114412-srg.jar%23352!/:?]
	at net.minecraft.client.gui.components.AbstractWidget.m_6375_(AbstractWidget.java:175) ~[client-1.20.1-20230612.114412-srg.jar%23352!/:?]
	at net.minecraft.client.gui.components.events.ContainerEventHandler.m_6375_(ContainerEventHandler.java:38) ~[client-1.20.1-20230612.114412-srg.jar%23352!/:?]
	at net.minecraft.client.MouseHandler.m_168084_(MouseHandler.java:92) ~[client-1.20.1-20230612.114412-srg.jar%23352!/:?]
	at net.minecraft.client.gui.screens.Screen.m_96579_(Screen.java:437) ~[client-1.20.1-20230612.114412-srg.jar%23352!/:?]
	at net.minecraft.client.MouseHandler.m_91530_(MouseHandler.java:89) ~[client-1.20.1-20230612.114412-srg.jar%23352!/:?]
	at net.minecraft.client.MouseHandler.m_168091_(MouseHandler.java:189) ~[client-1.20.1-20230612.114412-srg.jar%23352!/:?]
	at net.minecraft.util.thread.BlockableEventLoop.execute(BlockableEventLoop.java:102) ~[client-1.20.1-20230612.114412-srg.jar%23352!/:?]
	at net.minecraft.client.MouseHandler.m_91565_(MouseHandler.java:188) ~[client-1.20.1-20230612.114412-srg.jar%23352!/:?]
	at org.lwjgl.glfw.GLFWMouseButtonCallbackI.callback(GLFWMouseButtonCallbackI.java:43) ~[lwjgl-glfw-3.3.1.jar%2373!/:build 7]
	at org.lwjgl.system.JNI.invokeV(Native Method) ~[lwjgl-3.3.1.jar%2385!/:build 7]
	at org.lwjgl.glfw.GLFW.glfwWaitEventsTimeout(GLFW.java:3474) ~[lwjgl-glfw-3.3.1.jar%2373!/:build 7]
	at com.mojang.blaze3d.systems.RenderSystem.limitDisplayFPS(RenderSystem.java:237) ~[client-1.20.1-20230612.114412-srg.jar%23352!/:?]
	at net.minecraft.client.Minecraft.m_91383_(Minecraft.java:1173) ~[client-1.20.1-20230612.114412-srg.jar%23352!/:?]
	at net.minecraft.client.Minecraft.m_91374_(Minecraft.java:718) ~[client-1.20.1-20230612.114412-srg.jar%23352!/:?]
	at net.minecraft.client.main.Main.main(Main.java:218) ~[minecraft-1.20.1-client.jar:?]
	at jdk.internal.reflect.NativeMethodAccessorImpl.invoke0(Native Method) ~[?:?]
	at jdk.internal.reflect.NativeMethodAccessorImpl.invoke(NativeMethodAccessorImpl.java:77) ~[?:?]
	at jdk.internal.reflect.DelegatingMethodAccessorImpl.invoke(DelegatingMethodAccessorImpl.java:43) ~[?:?]
	at java.lang.reflect.Method.invoke(Method.java:569) ~[?:?]
	at net.minecraftforge.fml.loading.targets.CommonLaunchHandler.runTarget(CommonLaunchHandler.java:111) ~[fmlloader-1.20.1-47.4.10.jar:?]
	at net.minecraftforge.fml.loading.targets.CommonLaunchHandler.clientService(CommonLaunchHandler.java:99) ~[fmlloader-1.20.1-47.4.10.jar:?]
	at net.minecraftforge.fml.loading.targets.CommonClientLaunchHandler.lambda$makeService$0(CommonClientLaunchHandler.java:25) ~[fmlloader-1.20.1-47.4.10.jar:?]
	at cpw.mods.modlauncher.LaunchServiceHandlerDecorator.launch(LaunchServiceHandlerDecorator.java:30) ~[modlauncher-10.0.9.jar:?]
	at cpw.mods.modlauncher.LaunchServiceHandler.launch(LaunchServiceHandler.java:53) ~[modlauncher-10.0.9.jar:?]
	at cpw.mods.modlauncher.LaunchServiceHandler.launch(LaunchServiceHandler.java:71) ~[modlauncher-10.0.9.jar:?]
	at cpw.mods.modlauncher.Launcher.run(Launcher.java:108) ~[modlauncher-10.0.9.jar:?]
	at cpw.mods.modlauncher.Launcher.main(Launcher.java:78) ~[modlauncher-10.0.9.jar:?]
	at cpw.mods.modlauncher.BootstrapLaunchConsumer.accept(BootstrapLaunchConsumer.java:26) ~[modlauncher-10.0.9.jar:?]
	at cpw.mods.modlauncher.BootstrapLaunchConsumer.accept(BootstrapLaunchConsumer.java:23) ~[modlauncher-10.0.9.jar:?]
	at cpw.mods.bootstraplauncher.BootstrapLauncher.main(BootstrapLauncher.java:141) ~[bootstraplauncher-1.1.2.jar:?]
	at jdk.internal.reflect.NativeMethodAccessorImpl.invoke0(Native Method) ~[?:?]
	at jdk.internal.reflect.NativeMethodAccessorImpl.invoke(NativeMethodAccessorImpl.java:77) ~[?:?]
	at jdk.internal.reflect.DelegatingMethodAccessorImpl.invoke(DelegatingMethodAccessorImpl.java:43) ~[?:?]
	at java.lang.reflect.Method.invoke(Method.java:569) ~[?:?]
	at io.github.zekerzhayard.forgewrapper.installer.Main.main(Main.java:67) ~[?:?]
	at org.prismlauncher.launcher.impl.StandardLauncher.launch(StandardLauncher.java:115) ~[?:?]
	at org.prismlauncher.EntryPoint.listen(EntryPoint.java:129) ~[?:?]
	at org.prismlauncher.EntryPoint.main(EntryPoint.java:70) ~[?:?]
[28Mar2026 04:55:34.803] [Render thread/ERROR] [net.minecraft.world.item.crafting.RecipeManager/]: Parsing error loading recipe ltc2:compat/crockpot/foodvalues/unprocessed_latiao
com.google.gson.JsonSyntaxException: Invalid or unsupported recipe type 'crockpot:food_values'
	at net.minecraft.world.item.crafting.RecipeManager.m_220253_(RecipeManager.java:170) ~[client-1.20.1-20230612.114412-srg.jar%23352!/:?]
	at java.util.Optional.orElseThrow(Optional.java:403) ~[?:?]
	at net.minecraft.world.item.crafting.RecipeManager.fromJson(RecipeManager.java:169) ~[client-1.20.1-20230612.114412-srg.jar%23352!/:?]
	at net.minecraft.world.item.crafting.RecipeManager.m_5787_(RecipeManager.java:67) ~[client-1.20.1-20230612.114412-srg.jar%23352!/:?]
	at net.minecraft.world.item.crafting.RecipeManager.m_5787_(RecipeManager.java:34) ~[client-1.20.1-20230612.114412-srg.jar%23352!/:?]
	at net.minecraft.server.packs.resources.SimplePreparableReloadListener.m_10789_(SimplePreparableReloadListener.java:13) ~[client-1.20.1-20230612.114412-srg.jar%23352!/:?]
	at java.util.concurrent.CompletableFuture$UniAccept.tryFire(CompletableFuture.java:718) ~[?:?]
	at java.util.concurrent.CompletableFuture$Completion.run(CompletableFuture.java:482) ~[?:?]
	at net.minecraft.server.packs.resources.SimpleReloadInstance.m_143940_(SimpleReloadInstance.java:69) ~[client-1.20.1-20230612.114412-srg.jar%23352!/:?]
	at net.minecraft.util.thread.BlockableEventLoop.m_6367_(BlockableEventLoop.java:156) ~[client-1.20.1-20230612.114412-srg.jar%23352!/:?]
	at net.minecraft.util.thread.ReentrantBlockableEventLoop.m_6367_(ReentrantBlockableEventLoop.java:23) ~[client-1.20.1-20230612.114412-srg.jar%23352!/:?]
	at net.minecraft.util.thread.BlockableEventLoop.m_7245_(BlockableEventLoop.java:130) ~[client-1.20.1-20230612.114412-srg.jar%23352!/:?]
	at net.minecraft.util.thread.BlockableEventLoop.m_18701_(BlockableEventLoop.java:139) ~[client-1.20.1-20230612.114412-srg.jar%23352!/:?]
	at net.minecraft.client.gui.screens.worldselection.CreateWorldScreen.m_232896_(CreateWorldScreen.java:131) ~[client-1.20.1-20230612.114412-srg.jar%23352!/:?]
	at net.minecraft.client.gui.screens.worldselection.SelectWorldScreen.m_279861_(SelectWorldScreen.java:60) ~[client-1.20.1-20230612.114412-srg.jar%23352!/:?]
	at net.minecraft.client.gui.components.Button.m_5691_(Button.java:38) ~[client-1.20.1-20230612.114412-srg.jar%23352!/:?]
	at net.minecraft.client.gui.components.AbstractButton.m_5716_(AbstractButton.java:55) ~[client-1.20.1-20230612.114412-srg.jar%23352!/:?]
	at net.minecraft.client.gui.components.AbstractWidget.m_6375_(AbstractWidget.java:175) ~[client-1.20.1-20230612.114412-srg.jar%23352!/:?]
	at net.minecraft.client.gui.components.events.ContainerEventHandler.m_6375_(ContainerEventHandler.java:38) ~[client-1.20.1-20230612.114412-srg.jar%23352!/:?]
	at net.minecraft.client.MouseHandler.m_168084_(MouseHandler.java:92) ~[client-1.20.1-20230612.114412-srg.jar%23352!/:?]
	at net.minecraft.client.gui.screens.Screen.m_96579_(Screen.java:437) ~[client-1.20.1-20230612.114412-srg.jar%23352!/:?]
	at net.minecraft.client.MouseHandler.m_91530_(MouseHandler.java:89) ~[client-1.20.1-20230612.114412-srg.jar%23352!/:?]
	at net.minecraft.client.MouseHandler.m_168091_(MouseHandler.java:189) ~[client-1.20.1-20230612.114412-srg.jar%23352!/:?]
	at net.minecraft.util.thread.BlockableEventLoop.execute(BlockableEventLoop.java:102) ~[client-1.20.1-20230612.114412-srg.jar%23352!/:?]
	at net.minecraft.client.MouseHandler.m_91565_(MouseHandler.java:188) ~[client-1.20.1-20230612.114412-srg.jar%23352!/:?]
	at org.lwjgl.glfw.GLFWMouseButtonCallbackI.callback(GLFWMouseButtonCallbackI.java:43) ~[lwjgl-glfw-3.3.1.jar%2373!/:build 7]
	at org.lwjgl.system.JNI.invokeV(Native Method) ~[lwjgl-3.3.1.jar%2385!/:build 7]
	at org.lwjgl.glfw.GLFW.glfwWaitEventsTimeout(GLFW.java:3474) ~[lwjgl-glfw-3.3.1.jar%2373!/:build 7]
	at com.mojang.blaze3d.systems.RenderSystem.limitDisplayFPS(RenderSystem.java:237) ~[client-1.20.1-20230612.114412-srg.jar%23352!/:?]
	at net.minecraft.client.Minecraft.m_91383_(Minecraft.java:1173) ~[client-1.20.1-20230612.114412-srg.jar%23352!/:?]
	at net.minecraft.client.Minecraft.m_91374_(Minecraft.java:718) ~[client-1.20.1-20230612.114412-srg.jar%23352!/:?]
	at net.minecraft.client.main.Main.main(Main.java:218) ~[minecraft-1.20.1-client.jar:?]
	at jdk.internal.reflect.NativeMethodAccessorImpl.invoke0(Native Method) ~[?:?]
	at jdk.internal.reflect.NativeMethodAccessorImpl.invoke(NativeMethodAccessorImpl.java:77) ~[?:?]
	at jdk.internal.reflect.DelegatingMethodAccessorImpl.invoke(DelegatingMethodAccessorImpl.java:43) ~[?:?]
	at java.lang.reflect.Method.invoke(Method.java:569) ~[?:?]
	at net.minecraftforge.fml.loading.targets.CommonLaunchHandler.runTarget(CommonLaunchHandler.java:111) ~[fmlloader-1.20.1-47.4.10.jar:?]
	at net.minecraftforge.fml.loading.targets.CommonLaunchHandler.clientService(CommonLaunchHandler.java:99) ~[fmlloader-1.20.1-47.4.10.jar:?]
	at net.minecraftforge.fml.loading.targets.CommonClientLaunchHandler.lambda$makeService$0(CommonClientLaunchHandler.java:25) ~[fmlloader-1.20.1-47.4.10.jar:?]
	at cpw.mods.modlauncher.LaunchServiceHandlerDecorator.launch(LaunchServiceHandlerDecorator.java:30) ~[modlauncher-10.0.9.jar:?]
	at cpw.mods.modlauncher.LaunchServiceHandler.launch(LaunchServiceHandler.java:53) ~[modlauncher-10.0.9.jar:?]
	at cpw.mods.modlauncher.LaunchServiceHandler.launch(LaunchServiceHandler.java:71) ~[modlauncher-10.0.9.jar:?]
	at cpw.mods.modlauncher.Launcher.run(Launcher.java:108) ~[modlauncher-10.0.9.jar:?]
	at cpw.mods.modlauncher.Launcher.main(Launcher.java:78) ~[modlauncher-10.0.9.jar:?]
	at cpw.mods.modlauncher.BootstrapLaunchConsumer.accept(BootstrapLaunchConsumer.java:26) ~[modlauncher-10.0.9.jar:?]
	at cpw.mods.modlauncher.BootstrapLaunchConsumer.accept(BootstrapLaunchConsumer.java:23) ~[modlauncher-10.0.9.jar:?]
	at cpw.mods.bootstraplauncher.BootstrapLauncher.main(BootstrapLauncher.java:141) ~[bootstraplauncher-1.1.2.jar:?]
	at jdk.internal.reflect.NativeMethodAccessorImpl.invoke0(Native Method) ~[?:?]
	at jdk.internal.reflect.NativeMethodAccessorImpl.invoke(NativeMethodAccessorImpl.java:77) ~[?:?]
	at jdk.internal.reflect.DelegatingMethodAccessorImpl.invoke(DelegatingMethodAccessorImpl.java:43) ~[?:?]
	at java.lang.reflect.Method.invoke(Method.java:569) ~[?:?]
	at io.github.zekerzhayard.forgewrapper.installer.Main.main(Main.java:67) ~[?:?]
	at org.prismlauncher.launcher.impl.StandardLauncher.launch(StandardLauncher.java:115) ~[?:?]
	at org.prismlauncher.EntryPoint.listen(EntryPoint.java:129) ~[?:?]
	at org.prismlauncher.EntryPoint.main(EntryPoint.java:70) ~[?:?]
[28Mar2026 04:55:34.806] [Render thread/ERROR] [net.minecraft.world.item.crafting.RecipeManager/]: Parsing error loading recipe ltc2:compat/jeed/blast_resistance
com.google.gson.JsonSyntaxException: Invalid or unsupported recipe type 'jeed:effect_provider'
	at net.minecraft.world.item.crafting.RecipeManager.m_220253_(RecipeManager.java:170) ~[client-1.20.1-20230612.114412-srg.jar%23352!/:?]
	at java.util.Optional.orElseThrow(Optional.java:403) ~[?:?]
	at net.minecraft.world.item.crafting.RecipeManager.fromJson(RecipeManager.java:169) ~[client-1.20.1-20230612.114412-srg.jar%23352!/:?]
	at net.minecraft.world.item.crafting.RecipeManager.m_5787_(RecipeManager.java:67) ~[client-1.20.1-20230612.114412-srg.jar%23352!/:?]
	at net.minecraft.world.item.crafting.RecipeManager.m_5787_(RecipeManager.java:34) ~[client-1.20.1-20230612.114412-srg.jar%23352!/:?]
	at net.minecraft.server.packs.resources.SimplePreparableReloadListener.m_10789_(SimplePreparableReloadListener.java:13) ~[client-1.20.1-20230612.114412-srg.jar%23352!/:?]
	at java.util.concurrent.CompletableFuture$UniAccept.tryFire(CompletableFuture.java:718) ~[?:?]
	at java.util.concurrent.CompletableFuture$Completion.run(CompletableFuture.java:482) ~[?:?]
	at net.minecraft.server.packs.resources.SimpleReloadInstance.m_143940_(SimpleReloadInstance.java:69) ~[client-1.20.1-20230612.114412-srg.jar%23352!/:?]
	at net.minecraft.util.thread.BlockableEventLoop.m_6367_(BlockableEventLoop.java:156) ~[client-1.20.1-20230612.114412-srg.jar%23352!/:?]
	at net.minecraft.util.thread.ReentrantBlockableEventLoop.m_6367_(ReentrantBlockableEventLoop.java:23) ~[client-1.20.1-20230612.114412-srg.jar%23352!/:?]
	at net.minecraft.util.thread.BlockableEventLoop.m_7245_(BlockableEventLoop.java:130) ~[client-1.20.1-20230612.114412-srg.jar%23352!/:?]
	at net.minecraft.util.thread.BlockableEventLoop.m_18701_(BlockableEventLoop.java:139) ~[client-1.20.1-20230612.114412-srg.jar%23352!/:?]
	at net.minecraft.client.gui.screens.worldselection.CreateWorldScreen.m_232896_(CreateWorldScreen.java:131) ~[client-1.20.1-20230612.114412-srg.jar%23352!/:?]
	at net.minecraft.client.gui.screens.worldselection.SelectWorldScreen.m_279861_(SelectWorldScreen.java:60) ~[client-1.20.1-20230612.114412-srg.jar%23352!/:?]
	at net.minecraft.client.gui.components.Button.m_5691_(Button.java:38) ~[client-1.20.1-20230612.114412-srg.jar%23352!/:?]
	at net.minecraft.client.gui.components.AbstractButton.m_5716_(AbstractButton.java:55) ~[client-1.20.1-20230612.114412-srg.jar%23352!/:?]
	at net.minecraft.client.gui.components.AbstractWidget.m_6375_(AbstractWidget.java:175) ~[client-1.20.1-20230612.114412-srg.jar%23352!/:?]
	at net.minecraft.client.gui.components.events.ContainerEventHandler.m_6375_(ContainerEventHandler.java:38) ~[client-1.20.1-20230612.114412-srg.jar%23352!/:?]
	at net.minecraft.client.MouseHandler.m_168084_(MouseHandler.java:92) ~[client-1.20.1-20230612.114412-srg.jar%23352!/:?]
	at net.minecraft.client.gui.screens.Screen.m_96579_(Screen.java:437) ~[client-1.20.1-20230612.114412-srg.jar%23352!/:?]
	at net.minecraft.client.MouseHandler.m_91530_(MouseHandler.java:89) ~[client-1.20.1-20230612.114412-srg.jar%23352!/:?]
	at net.minecraft.client.MouseHandler.m_168091_(MouseHandler.java:189) ~[client-1.20.1-20230612.114412-srg.jar%23352!/:?]
	at net.minecraft.util.thread.BlockableEventLoop.execute(BlockableEventLoop.java:102) ~[client-1.20.1-20230612.114412-srg.jar%23352!/:?]
	at net.minecraft.client.MouseHandler.m_91565_(MouseHandler.java:188) ~[client-1.20.1-20230612.114412-srg.jar%23352!/:?]
	at org.lwjgl.glfw.GLFWMouseButtonCallbackI.callback(GLFWMouseButtonCallbackI.java:43) ~[lwjgl-glfw-3.3.1.jar%2373!/:build 7]
	at org.lwjgl.system.JNI.invokeV(Native Method) ~[lwjgl-3.3.1.jar%2385!/:build 7]
	at org.lwjgl.glfw.GLFW.glfwWaitEventsTimeout(GLFW.java:3474) ~[lwjgl-glfw-3.3.1.jar%2373!/:build 7]
	at com.mojang.blaze3d.systems.RenderSystem.limitDisplayFPS(RenderSystem.java:237) ~[client-1.20.1-20230612.114412-srg.jar%23352!/:?]
	at net.minecraft.client.Minecraft.m_91383_(Minecraft.java:1173) ~[client-1.20.1-20230612.114412-srg.jar%23352!/:?]
	at net.minecraft.client.Minecraft.m_91374_(Minecraft.java:718) ~[client-1.20.1-20230612.114412-srg.jar%23352!/:?]
	at net.minecraft.client.main.Main.main(Main.java:218) ~[minecraft-1.20.1-client.jar:?]
	at jdk.internal.reflect.NativeMethodAccessorImpl.invoke0(Native Method) ~[?:?]
	at jdk.internal.reflect.NativeMethodAccessorImpl.invoke(NativeMethodAccessorImpl.java:77) ~[?:?]
	at jdk.internal.reflect.DelegatingMethodAccessorImpl.invoke(DelegatingMethodAccessorImpl.java:43) ~[?:?]
	at java.lang.reflect.Method.invoke(Method.java:569) ~[?:?]
	at net.minecraftforge.fml.loading.targets.CommonLaunchHandler.runTarget(CommonLaunchHandler.java:111) ~[fmlloader-1.20.1-47.4.10.jar:?]
	at net.minecraftforge.fml.loading.targets.CommonLaunchHandler.clientService(CommonLaunchHandler.java:99) ~[fmlloader-1.20.1-47.4.10.jar:?]
	at net.minecraftforge.fml.loading.targets.CommonClientLaunchHandler.lambda$makeService$0(CommonClientLaunchHandler.java:25) ~[fmlloader-1.20.1-47.4.10.jar:?]
	at cpw.mods.modlauncher.LaunchServiceHandlerDecorator.launch(LaunchServiceHandlerDecorator.java:30) ~[modlauncher-10.0.9.jar:?]
	at cpw.mods.modlauncher.LaunchServiceHandler.launch(LaunchServiceHandler.java:53) ~[modlauncher-10.0.9.jar:?]
	at cpw.mods.modlauncher.LaunchServiceHandler.launch(LaunchServiceHandler.java:71) ~[modlauncher-10.0.9.jar:?]
	at cpw.mods.modlauncher.Launcher.run(Launcher.java:108) ~[modlauncher-10.0.9.jar:?]
	at cpw.mods.modlauncher.Launcher.main(Launcher.java:78) ~[modlauncher-10.0.9.jar:?]
	at cpw.mods.modlauncher.BootstrapLaunchConsumer.accept(BootstrapLaunchConsumer.java:26) ~[modlauncher-10.0.9.jar:?]
	at cpw.mods.modlauncher.BootstrapLaunchConsumer.accept(BootstrapLaunchConsumer.java:23) ~[modlauncher-10.0.9.jar:?]
	at cpw.mods.bootstraplauncher.BootstrapLauncher.main(BootstrapLauncher.java:141) ~[bootstraplauncher-1.1.2.jar:?]
	at jdk.internal.reflect.NativeMethodAccessorImpl.invoke0(Native Method) ~[?:?]
	at jdk.internal.reflect.NativeMethodAccessorImpl.invoke(NativeMethodAccessorImpl.java:77) ~[?:?]
	at jdk.internal.reflect.DelegatingMethodAccessorImpl.invoke(DelegatingMethodAccessorImpl.java:43) ~[?:?]
	at java.lang.reflect.Method.invoke(Method.java:569) ~[?:?]
	at io.github.zekerzhayard.forgewrapper.installer.Main.main(Main.java:67) ~[?:?]
	at org.prismlauncher.launcher.impl.StandardLauncher.launch(StandardLauncher.java:115) ~[?:?]
	at org.prismlauncher.EntryPoint.listen(EntryPoint.java:129) ~[?:?]
	at org.prismlauncher.EntryPoint.main(EntryPoint.java:70) ~[?:?]
[28Mar2026 04:55:34.808] [Render thread/ERROR] [net.minecraft.world.item.crafting.RecipeManager/]: Parsing error loading recipe ltc2:compat/crockpot/foodvalues/underground_oil
com.google.gson.JsonSyntaxException: Invalid or unsupported recipe type 'crockpot:food_values'
	at net.minecraft.world.item.crafting.RecipeManager.m_220253_(RecipeManager.java:170) ~[client-1.20.1-20230612.114412-srg.jar%23352!/:?]
	at java.util.Optional.orElseThrow(Optional.java:403) ~[?:?]
	at net.minecraft.world.item.crafting.RecipeManager.fromJson(RecipeManager.java:169) ~[client-1.20.1-20230612.114412-srg.jar%23352!/:?]
	at net.minecraft.world.item.crafting.RecipeManager.m_5787_(RecipeManager.java:67) ~[client-1.20.1-20230612.114412-srg.jar%23352!/:?]
	at net.minecraft.world.item.crafting.RecipeManager.m_5787_(RecipeManager.java:34) ~[client-1.20.1-20230612.114412-srg.jar%23352!/:?]
	at net.minecraft.server.packs.resources.SimplePreparableReloadListener.m_10789_(SimplePreparableReloadListener.java:13) ~[client-1.20.1-20230612.114412-srg.jar%23352!/:?]
	at java.util.concurrent.CompletableFuture$UniAccept.tryFire(CompletableFuture.java:718) ~[?:?]
	at java.util.concurrent.CompletableFuture$Completion.run(CompletableFuture.java:482) ~[?:?]
	at net.minecraft.server.packs.resources.SimpleReloadInstance.m_143940_(SimpleReloadInstance.java:69) ~[client-1.20.1-20230612.114412-srg.jar%23352!/:?]
	at net.minecraft.util.thread.BlockableEventLoop.m_6367_(BlockableEventLoop.java:156) ~[client-1.20.1-20230612.114412-srg.jar%23352!/:?]
	at net.minecraft.util.thread.ReentrantBlockableEventLoop.m_6367_(ReentrantBlockableEventLoop.java:23) ~[client-1.20.1-20230612.114412-srg.jar%23352!/:?]
	at net.minecraft.util.thread.BlockableEventLoop.m_7245_(BlockableEventLoop.java:130) ~[client-1.20.1-20230612.114412-srg.jar%23352!/:?]
	at net.minecraft.util.thread.BlockableEventLoop.m_18701_(BlockableEventLoop.java:139) ~[client-1.20.1-20230612.114412-srg.jar%23352!/:?]
	at net.minecraft.client.gui.screens.worldselection.CreateWorldScreen.m_232896_(CreateWorldScreen.java:131) ~[client-1.20.1-20230612.114412-srg.jar%23352!/:?]
	at net.minecraft.client.gui.screens.worldselection.SelectWorldScreen.m_279861_(SelectWorldScreen.java:60) ~[client-1.20.1-20230612.114412-srg.jar%23352!/:?]
	at net.minecraft.client.gui.components.Button.m_5691_(Button.java:38) ~[client-1.20.1-20230612.114412-srg.jar%23352!/:?]
	at net.minecraft.client.gui.components.AbstractButton.m_5716_(AbstractButton.java:55) ~[client-1.20.1-20230612.114412-srg.jar%23352!/:?]
	at net.minecraft.client.gui.components.AbstractWidget.m_6375_(AbstractWidget.java:175) ~[client-1.20.1-20230612.114412-srg.jar%23352!/:?]
	at net.minecraft.client.gui.components.events.ContainerEventHandler.m_6375_(ContainerEventHandler.java:38) ~[client-1.20.1-20230612.114412-srg.jar%23352!/:?]
	at net.minecraft.client.MouseHandler.m_168084_(MouseHandler.java:92) ~[client-1.20.1-20230612.114412-srg.jar%23352!/:?]
	at net.minecraft.client.gui.screens.Screen.m_96579_(Screen.java:437) ~[client-1.20.1-20230612.114412-srg.jar%23352!/:?]
	at net.minecraft.client.MouseHandler.m_91530_(MouseHandler.java:89) ~[client-1.20.1-20230612.114412-srg.jar%23352!/:?]
	at net.minecraft.client.MouseHandler.m_168091_(MouseHandler.java:189) ~[client-1.20.1-20230612.114412-srg.jar%23352!/:?]
	at net.minecraft.util.thread.BlockableEventLoop.execute(BlockableEventLoop.java:102) ~[client-1.20.1-20230612.114412-srg.jar%23352!/:?]
	at net.minecraft.client.MouseHandler.m_91565_(MouseHandler.java:188) ~[client-1.20.1-20230612.114412-srg.jar%23352!/:?]
	at org.lwjgl.glfw.GLFWMouseButtonCallbackI.callback(GLFWMouseButtonCallbackI.java:43) ~[lwjgl-glfw-3.3.1.jar%2373!/:build 7]
	at org.lwjgl.system.JNI.invokeV(Native Method) ~[lwjgl-3.3.1.jar%2385!/:build 7]
	at org.lwjgl.glfw.GLFW.glfwWaitEventsTimeout(GLFW.java:3474) ~[lwjgl-glfw-3.3.1.jar%2373!/:build 7]
	at com.mojang.blaze3d.systems.RenderSystem.limitDisplayFPS(RenderSystem.java:237) ~[client-1.20.1-20230612.114412-srg.jar%23352!/:?]
	at net.minecraft.client.Minecraft.m_91383_(Minecraft.java:1173) ~[client-1.20.1-20230612.114412-srg.jar%23352!/:?]
	at net.minecraft.client.Minecraft.m_91374_(Minecraft.java:718) ~[client-1.20.1-20230612.114412-srg.jar%23352!/:?]
	at net.minecraft.client.main.Main.main(Main.java:218) ~[minecraft-1.20.1-client.jar:?]
	at jdk.internal.reflect.NativeMethodAccessorImpl.invoke0(Native Method) ~[?:?]
	at jdk.internal.reflect.NativeMethodAccessorImpl.invoke(NativeMethodAccessorImpl.java:77) ~[?:?]
	at jdk.internal.reflect.DelegatingMethodAccessorImpl.invoke(DelegatingMethodAccessorImpl.java:43) ~[?:?]
	at java.lang.reflect.Method.invoke(Method.java:569) ~[?:?]
	at net.minecraftforge.fml.loading.targets.CommonLaunchHandler.runTarget(CommonLaunchHandler.java:111) ~[fmlloader-1.20.1-47.4.10.jar:?]
	at net.minecraftforge.fml.loading.targets.CommonLaunchHandler.clientService(CommonLaunchHandler.java:99) ~[fmlloader-1.20.1-47.4.10.jar:?]
	at net.minecraftforge.fml.loading.targets.CommonClientLaunchHandler.lambda$makeService$0(CommonClientLaunchHandler.java:25) ~[fmlloader-1.20.1-47.4.10.jar:?]
	at cpw.mods.modlauncher.LaunchServiceHandlerDecorator.launch(LaunchServiceHandlerDecorator.java:30) ~[modlauncher-10.0.9.jar:?]
	at cpw.mods.modlauncher.LaunchServiceHandler.launch(LaunchServiceHandler.java:53) ~[modlauncher-10.0.9.jar:?]
	at cpw.mods.modlauncher.LaunchServiceHandler.launch(LaunchServiceHandler.java:71) ~[modlauncher-10.0.9.jar:?]
	at cpw.mods.modlauncher.Launcher.run(Launcher.java:108) ~[modlauncher-10.0.9.jar:?]
	at cpw.mods.modlauncher.Launcher.main(Launcher.java:78) ~[modlauncher-10.0.9.jar:?]
	at cpw.mods.modlauncher.BootstrapLaunchConsumer.accept(BootstrapLaunchConsumer.java:26) ~[modlauncher-10.0.9.jar:?]
	at cpw.mods.modlauncher.BootstrapLaunchConsumer.accept(BootstrapLaunchConsumer.java:23) ~[modlauncher-10.0.9.jar:?]
	at cpw.mods.bootstraplauncher.BootstrapLauncher.main(BootstrapLauncher.java:141) ~[bootstraplauncher-1.1.2.jar:?]
	at jdk.internal.reflect.NativeMethodAccessorImpl.invoke0(Native Method) ~[?:?]
	at jdk.internal.reflect.NativeMethodAccessorImpl.invoke(NativeMethodAccessorImpl.java:77) ~[?:?]
	at jdk.internal.reflect.DelegatingMethodAccessorImpl.invoke(DelegatingMethodAccessorImpl.java:43) ~[?:?]
	at java.lang.reflect.Method.invoke(Method.java:569) ~[?:?]
	at io.github.zekerzhayard.forgewrapper.installer.Main.main(Main.java:67) ~[?:?]
	at org.prismlauncher.launcher.impl.StandardLauncher.launch(StandardLauncher.java:115) ~[?:?]
	at org.prismlauncher.EntryPoint.listen(EntryPoint.java:129) ~[?:?]
	at org.prismlauncher.EntryPoint.main(EntryPoint.java:70) ~[?:?]
[28Mar2026 04:55:34.813] [Render thread/ERROR] [net.minecraft.world.item.crafting.RecipeManager/]: Parsing error loading recipe culturaldelights:cutting/cut_pickle
com.google.gson.JsonSyntaxException: Unknown item 'vintagedelight:pickle'
	at net.minecraft.world.item.crafting.ShapedRecipe.m_151280_(ShapedRecipe.java:292) ~[client-1.20.1-20230612.114412-srg.jar%23352!/:?]
	at java.util.Optional.orElseThrow(Optional.java:403) ~[?:?]
	at net.minecraft.world.item.crafting.ShapedRecipe.m_151278_(ShapedRecipe.java:291) ~[client-1.20.1-20230612.114412-srg.jar%23352!/:?]
	at net.minecraft.world.item.crafting.Ingredient.m_43919_(Ingredient.java:219) ~[client-1.20.1-20230612.114412-srg.jar%23352!/:?]
	at net.minecraftforge.common.crafting.VanillaIngredientSerializer.parse(VanillaIngredientSerializer.java:27) ~[forge-1.20.1-47.4.10-universal.jar%23357!/:?]
	at net.minecraftforge.common.crafting.CraftingHelper.getIngredient(CraftingHelper.java:148) ~[forge-1.20.1-47.4.10-universal.jar%23357!/:?]
	at net.minecraft.world.item.crafting.Ingredient.m_288218_(Ingredient.java:194) ~[client-1.20.1-20230612.114412-srg.jar%23352!/:?]
	at net.minecraft.world.item.crafting.Ingredient.m_43917_(Ingredient.java:189) ~[client-1.20.1-20230612.114412-srg.jar%23352!/:?]
	at vectorwing.farmersdelight.common.crafting.CuttingBoardRecipe$Serializer.readIngredients(CuttingBoardRecipe.java:195) ~[FarmersDelight-1.20.1-1.2.11.jar%23294!/:1.20.1-1.2.11]
	at vectorwing.farmersdelight.common.crafting.CuttingBoardRecipe$Serializer.fromJson(CuttingBoardRecipe.java:172) ~[FarmersDelight-1.20.1-1.2.11.jar%23294!/:1.20.1-1.2.11]
	at vectorwing.farmersdelight.common.crafting.CuttingBoardRecipe$Serializer.m_6729_(CuttingBoardRecipe.java:164) ~[FarmersDelight-1.20.1-1.2.11.jar%23294!/:1.20.1-1.2.11]
	at net.minecraftforge.common.extensions.IForgeRecipeSerializer.fromJson(IForgeRecipeSerializer.java:23) ~[forge-1.20.1-47.4.10-universal.jar%23357!/:?]
	at net.minecraft.world.item.crafting.RecipeManager.fromJson(RecipeManager.java:171) ~[client-1.20.1-20230612.114412-srg.jar%23352!/:?]
	at net.minecraft.world.item.crafting.RecipeManager.m_5787_(RecipeManager.java:67) ~[client-1.20.1-20230612.114412-srg.jar%23352!/:?]
	at net.minecraft.world.item.crafting.RecipeManager.m_5787_(RecipeManager.java:34) ~[client-1.20.1-20230612.114412-srg.jar%23352!/:?]
	at net.minecraft.server.packs.resources.SimplePreparableReloadListener.m_10789_(SimplePreparableReloadListener.java:13) ~[client-1.20.1-20230612.114412-srg.jar%23352!/:?]
	at java.util.concurrent.CompletableFuture$UniAccept.tryFire(CompletableFuture.java:718) ~[?:?]
	at java.util.concurrent.CompletableFuture$Completion.run(CompletableFuture.java:482) ~[?:?]
	at net.minecraft.server.packs.resources.SimpleReloadInstance.m_143940_(SimpleReloadInstance.java:69) ~[client-1.20.1-20230612.114412-srg.jar%23352!/:?]
	at net.minecraft.util.thread.BlockableEventLoop.m_6367_(BlockableEventLoop.java:156) ~[client-1.20.1-20230612.114412-srg.jar%23352!/:?]
	at net.minecraft.util.thread.ReentrantBlockableEventLoop.m_6367_(ReentrantBlockableEventLoop.java:23) ~[client-1.20.1-20230612.114412-srg.jar%23352!/:?]
	at net.minecraft.util.thread.BlockableEventLoop.m_7245_(BlockableEventLoop.java:130) ~[client-1.20.1-20230612.114412-srg.jar%23352!/:?]
	at net.minecraft.util.thread.BlockableEventLoop.m_18701_(BlockableEventLoop.java:139) ~[client-1.20.1-20230612.114412-srg.jar%23352!/:?]
	at net.minecraft.client.gui.screens.worldselection.CreateWorldScreen.m_232896_(CreateWorldScreen.java:131) ~[client-1.20.1-20230612.114412-srg.jar%23352!/:?]
	at net.minecraft.client.gui.screens.worldselection.SelectWorldScreen.m_279861_(SelectWorldScreen.java:60) ~[client-1.20.1-20230612.114412-srg.jar%23352!/:?]
	at net.minecraft.client.gui.components.Button.m_5691_(Button.java:38) ~[client-1.20.1-20230612.114412-srg.jar%23352!/:?]
	at net.minecraft.client.gui.components.AbstractButton.m_5716_(AbstractButton.java:55) ~[client-1.20.1-20230612.114412-srg.jar%23352!/:?]
	at net.minecraft.client.gui.components.AbstractWidget.m_6375_(AbstractWidget.java:175) ~[client-1.20.1-20230612.114412-srg.jar%23352!/:?]
	at net.minecraft.client.gui.components.events.ContainerEventHandler.m_6375_(ContainerEventHandler.java:38) ~[client-1.20.1-20230612.114412-srg.jar%23352!/:?]
	at net.minecraft.client.MouseHandler.m_168084_(MouseHandler.java:92) ~[client-1.20.1-20230612.114412-srg.jar%23352!/:?]
	at net.minecraft.client.gui.screens.Screen.m_96579_(Screen.java:437) ~[client-1.20.1-20230612.114412-srg.jar%23352!/:?]
	at net.minecraft.client.MouseHandler.m_91530_(MouseHandler.java:89) ~[client-1.20.1-20230612.114412-srg.jar%23352!/:?]
	at net.minecraft.client.MouseHandler.m_168091_(MouseHandler.java:189) ~[client-1.20.1-20230612.114412-srg.jar%23352!/:?]
	at net.minecraft.util.thread.BlockableEventLoop.execute(BlockableEventLoop.java:102) ~[client-1.20.1-20230612.114412-srg.jar%23352!/:?]
	at net.minecraft.client.MouseHandler.m_91565_(MouseHandler.java:188) ~[client-1.20.1-20230612.114412-srg.jar%23352!/:?]
	at org.lwjgl.glfw.GLFWMouseButtonCallbackI.callback(GLFWMouseButtonCallbackI.java:43) ~[lwjgl-glfw-3.3.1.jar%2373!/:build 7]
	at org.lwjgl.system.JNI.invokeV(Native Method) ~[lwjgl-3.3.1.jar%2385!/:build 7]
	at org.lwjgl.glfw.GLFW.glfwWaitEventsTimeout(GLFW.java:3474) ~[lwjgl-glfw-3.3.1.jar%2373!/:build 7]
	at com.mojang.blaze3d.systems.RenderSystem.limitDisplayFPS(RenderSystem.java:237) ~[client-1.20.1-20230612.114412-srg.jar%23352!/:?]
	at net.minecraft.client.Minecraft.m_91383_(Minecraft.java:1173) ~[client-1.20.1-20230612.114412-srg.jar%23352!/:?]
	at net.minecraft.client.Minecraft.m_91374_(Minecraft.java:718) ~[client-1.20.1-20230612.114412-srg.jar%23352!/:?]
	at net.minecraft.client.main.Main.main(Main.java:218) ~[minecraft-1.20.1-client.jar:?]
	at jdk.internal.reflect.NativeMethodAccessorImpl.invoke0(Native Method) ~[?:?]
	at jdk.internal.reflect.NativeMethodAccessorImpl.invoke(NativeMethodAccessorImpl.java:77) ~[?:?]
	at jdk.internal.reflect.DelegatingMethodAccessorImpl.invoke(DelegatingMethodAccessorImpl.java:43) ~[?:?]
	at java.lang.reflect.Method.invoke(Method.java:569) ~[?:?]
	at net.minecraftforge.fml.loading.targets.CommonLaunchHandler.runTarget(CommonLaunchHandler.java:111) ~[fmlloader-1.20.1-47.4.10.jar:?]
	at net.minecraftforge.fml.loading.targets.CommonLaunchHandler.clientService(CommonLaunchHandler.java:99) ~[fmlloader-1.20.1-47.4.10.jar:?]
	at net.minecraftforge.fml.loading.targets.CommonClientLaunchHandler.lambda$makeService$0(CommonClientLaunchHandler.java:25) ~[fmlloader-1.20.1-47.4.10.jar:?]
	at cpw.mods.modlauncher.LaunchServiceHandlerDecorator.launch(LaunchServiceHandlerDecorator.java:30) ~[modlauncher-10.0.9.jar:?]
	at cpw.mods.modlauncher.LaunchServiceHandler.launch(LaunchServiceHandler.java:53) ~[modlauncher-10.0.9.jar:?]
	at cpw.mods.modlauncher.LaunchServiceHandler.launch(LaunchServiceHandler.java:71) ~[modlauncher-10.0.9.jar:?]
	at cpw.mods.modlauncher.Launcher.run(Launcher.java:108) ~[modlauncher-10.0.9.jar:?]
	at cpw.mods.modlauncher.Launcher.main(Launcher.java:78) ~[modlauncher-10.0.9.jar:?]
	at cpw.mods.modlauncher.BootstrapLaunchConsumer.accept(BootstrapLaunchConsumer.java:26) ~[modlauncher-10.0.9.jar:?]
	at cpw.mods.modlauncher.BootstrapLaunchConsumer.accept(BootstrapLaunchConsumer.java:23) ~[modlauncher-10.0.9.jar:?]
	at cpw.mods.bootstraplauncher.BootstrapLauncher.main(BootstrapLauncher.java:141) ~[bootstraplauncher-1.1.2.jar:?]
	at jdk.internal.reflect.NativeMethodAccessorImpl.invoke0(Native Method) ~[?:?]
	at jdk.internal.reflect.NativeMethodAccessorImpl.invoke(NativeMethodAccessorImpl.java:77) ~[?:?]
	at jdk.internal.reflect.DelegatingMethodAccessorImpl.invoke(DelegatingMethodAccessorImpl.java:43) ~[?:?]
	at java.lang.reflect.Method.invoke(Method.java:569) ~[?:?]
	at io.github.zekerzhayard.forgewrapper.installer.Main.main(Main.java:67) ~[?:?]
	at org.prismlauncher.launcher.impl.StandardLauncher.launch(StandardLauncher.java:115) ~[?:?]
	at org.prismlauncher.EntryPoint.listen(EntryPoint.java:129) ~[?:?]
	at org.prismlauncher.EntryPoint.main(EntryPoint.java:70) ~[?:?]
[28Mar2026 04:55:34.820] [Render thread/INFO] [net.minecraft.world.item.crafting.RecipeManager/]: Skipping loading recipe botanypots:rusticdelight/crop/wild_coffee as it's serializer returned null
[28Mar2026 04:55:34.822] [Render thread/ERROR] [net.minecraft.world.item.crafting.RecipeManager/]: Parsing error loading recipe ltc2:compat/jeed/exp_plunderer
com.google.gson.JsonSyntaxException: Invalid or unsupported recipe type 'jeed:effect_provider'
	at net.minecraft.world.item.crafting.RecipeManager.m_220253_(RecipeManager.java:170) ~[client-1.20.1-20230612.114412-srg.jar%23352!/:?]
	at java.util.Optional.orElseThrow(Optional.java:403) ~[?:?]
	at net.minecraft.world.item.crafting.RecipeManager.fromJson(RecipeManager.java:169) ~[client-1.20.1-20230612.114412-srg.jar%23352!/:?]
	at net.minecraft.world.item.crafting.RecipeManager.m_5787_(RecipeManager.java:67) ~[client-1.20.1-20230612.114412-srg.jar%23352!/:?]
	at net.minecraft.world.item.crafting.RecipeManager.m_5787_(RecipeManager.java:34) ~[client-1.20.1-20230612.114412-srg.jar%23352!/:?]
	at net.minecraft.server.packs.resources.SimplePreparableReloadListener.m_10789_(SimplePreparableReloadListener.java:13) ~[client-1.20.1-20230612.114412-srg.jar%23352!/:?]
	at java.util.concurrent.CompletableFuture$UniAccept.tryFire(CompletableFuture.java:718) ~[?:?]
	at java.util.concurrent.CompletableFuture$Completion.run(CompletableFuture.java:482) ~[?:?]
	at net.minecraft.server.packs.resources.SimpleReloadInstance.m_143940_(SimpleReloadInstance.java:69) ~[client-1.20.1-20230612.114412-srg.jar%23352!/:?]
	at net.minecraft.util.thread.BlockableEventLoop.m_6367_(BlockableEventLoop.java:156) ~[client-1.20.1-20230612.114412-srg.jar%23352!/:?]
	at net.minecraft.util.thread.ReentrantBlockableEventLoop.m_6367_(ReentrantBlockableEventLoop.java:23) ~[client-1.20.1-20230612.114412-srg.jar%23352!/:?]
	at net.minecraft.util.thread.BlockableEventLoop.m_7245_(BlockableEventLoop.java:130) ~[client-1.20.1-20230612.114412-srg.jar%23352!/:?]
	at net.minecraft.util.thread.BlockableEventLoop.m_18701_(BlockableEventLoop.java:139) ~[client-1.20.1-20230612.114412-srg.jar%23352!/:?]
	at net.minecraft.client.gui.screens.worldselection.CreateWorldScreen.m_232896_(CreateWorldScreen.java:131) ~[client-1.20.1-20230612.114412-srg.jar%23352!/:?]
	at net.minecraft.client.gui.screens.worldselection.SelectWorldScreen.m_279861_(SelectWorldScreen.java:60) ~[client-1.20.1-20230612.114412-srg.jar%23352!/:?]
	at net.minecraft.client.gui.components.Button.m_5691_(Button.java:38) ~[client-1.20.1-20230612.114412-srg.jar%23352!/:?]
	at net.minecraft.client.gui.components.AbstractButton.m_5716_(AbstractButton.java:55) ~[client-1.20.1-20230612.114412-srg.jar%23352!/:?]
	at net.minecraft.client.gui.components.AbstractWidget.m_6375_(AbstractWidget.java:175) ~[client-1.20.1-20230612.114412-srg.jar%23352!/:?]
	at net.minecraft.client.gui.components.events.ContainerEventHandler.m_6375_(ContainerEventHandler.java:38) ~[client-1.20.1-20230612.114412-srg.jar%23352!/:?]
	at net.minecraft.client.MouseHandler.m_168084_(MouseHandler.java:92) ~[client-1.20.1-20230612.114412-srg.jar%23352!/:?]
	at net.minecraft.client.gui.screens.Screen.m_96579_(Screen.java:437) ~[client-1.20.1-20230612.114412-srg.jar%23352!/:?]
	at net.minecraft.client.MouseHandler.m_91530_(MouseHandler.java:89) ~[client-1.20.1-20230612.114412-srg.jar%23352!/:?]
	at net.minecraft.client.MouseHandler.m_168091_(MouseHandler.java:189) ~[client-1.20.1-20230612.114412-srg.jar%23352!/:?]
	at net.minecraft.util.thread.BlockableEventLoop.execute(BlockableEventLoop.java:102) ~[client-1.20.1-20230612.114412-srg.jar%23352!/:?]
	at net.minecraft.client.MouseHandler.m_91565_(MouseHandler.java:188) ~[client-1.20.1-20230612.114412-srg.jar%23352!/:?]
	at org.lwjgl.glfw.GLFWMouseButtonCallbackI.callback(GLFWMouseButtonCallbackI.java:43) ~[lwjgl-glfw-3.3.1.jar%2373!/:build 7]
	at org.lwjgl.system.JNI.invokeV(Native Method) ~[lwjgl-3.3.1.jar%2385!/:build 7]
	at org.lwjgl.glfw.GLFW.glfwWaitEventsTimeout(GLFW.java:3474) ~[lwjgl-glfw-3.3.1.jar%2373!/:build 7]
	at com.mojang.blaze3d.systems.RenderSystem.limitDisplayFPS(RenderSystem.java:237) ~[client-1.20.1-20230612.114412-srg.jar%23352!/:?]
	at net.minecraft.client.Minecraft.m_91383_(Minecraft.java:1173) ~[client-1.20.1-20230612.114412-srg.jar%23352!/:?]
	at net.minecraft.client.Minecraft.m_91374_(Minecraft.java:718) ~[client-1.20.1-20230612.114412-srg.jar%23352!/:?]
	at net.minecraft.client.main.Main.main(Main.java:218) ~[minecraft-1.20.1-client.jar:?]
	at jdk.internal.reflect.NativeMethodAccessorImpl.invoke0(Native Method) ~[?:?]
	at jdk.internal.reflect.NativeMethodAccessorImpl.invoke(NativeMethodAccessorImpl.java:77) ~[?:?]
	at jdk.internal.reflect.DelegatingMethodAccessorImpl.invoke(DelegatingMethodAccessorImpl.java:43) ~[?:?]
	at java.lang.reflect.Method.invoke(Method.java:569) ~[?:?]
	at net.minecraftforge.fml.loading.targets.CommonLaunchHandler.runTarget(CommonLaunchHandler.java:111) ~[fmlloader-1.20.1-47.4.10.jar:?]
	at net.minecraftforge.fml.loading.targets.CommonLaunchHandler.clientService(CommonLaunchHandler.java:99) ~[fmlloader-1.20.1-47.4.10.jar:?]
	at net.minecraftforge.fml.loading.targets.CommonClientLaunchHandler.lambda$makeService$0(CommonClientLaunchHandler.java:25) ~[fmlloader-1.20.1-47.4.10.jar:?]
	at cpw.mods.modlauncher.LaunchServiceHandlerDecorator.launch(LaunchServiceHandlerDecorator.java:30) ~[modlauncher-10.0.9.jar:?]
	at cpw.mods.modlauncher.LaunchServiceHandler.launch(LaunchServiceHandler.java:53) ~[modlauncher-10.0.9.jar:?]
	at cpw.mods.modlauncher.LaunchServiceHandler.launch(LaunchServiceHandler.java:71) ~[modlauncher-10.0.9.jar:?]
	at cpw.mods.modlauncher.Launcher.run(Launcher.java:108) ~[modlauncher-10.0.9.jar:?]
	at cpw.mods.modlauncher.Launcher.main(Launcher.java:78) ~[modlauncher-10.0.9.jar:?]
	at cpw.mods.modlauncher.BootstrapLaunchConsumer.accept(BootstrapLaunchConsumer.java:26) ~[modlauncher-10.0.9.jar:?]
	at cpw.mods.modlauncher.BootstrapLaunchConsumer.accept(BootstrapLaunchConsumer.java:23) ~[modlauncher-10.0.9.jar:?]
	at cpw.mods.bootstraplauncher.BootstrapLauncher.main(BootstrapLauncher.java:141) ~[bootstraplauncher-1.1.2.jar:?]
	at jdk.internal.reflect.NativeMethodAccessorImpl.invoke0(Native Method) ~[?:?]
	at jdk.internal.reflect.NativeMethodAccessorImpl.invoke(NativeMethodAccessorImpl.java:77) ~[?:?]
	at jdk.internal.reflect.DelegatingMethodAccessorImpl.invoke(DelegatingMethodAccessorImpl.java:43) ~[?:?]
	at java.lang.reflect.Method.invoke(Method.java:569) ~[?:?]
	at io.github.zekerzhayard.forgewrapper.installer.Main.main(Main.java:67) ~[?:?]
	at org.prismlauncher.launcher.impl.StandardLauncher.launch(StandardLauncher.java:115) ~[?:?]
	at org.prismlauncher.EntryPoint.listen(EntryPoint.java:129) ~[?:?]
	at org.prismlauncher.EntryPoint.main(EntryPoint.java:70) ~[?:?]
[28Mar2026 04:55:34.823] [Render thread/INFO] [net.minecraft.world.item.crafting.RecipeManager/]: Skipping loading recipe botanypots:rusticdelight/crop/wild_cotton as it's serializer returned null
[28Mar2026 04:55:34.827] [Render thread/ERROR] [net.minecraft.world.item.crafting.RecipeManager/]: Parsing error loading recipe luminous_nether:supplementaries_ash_block
com.google.gson.JsonSyntaxException: Unknown item 'supplementaries:ash'
	at net.minecraft.world.item.crafting.ShapedRecipe.m_151280_(ShapedRecipe.java:292) ~[client-1.20.1-20230612.114412-srg.jar%23352!/:?]
	at java.util.Optional.orElseThrow(Optional.java:403) ~[?:?]
	at net.minecraft.world.item.crafting.ShapedRecipe.m_151278_(ShapedRecipe.java:291) ~[client-1.20.1-20230612.114412-srg.jar%23352!/:?]
	at net.minecraft.world.item.crafting.Ingredient.m_43919_(Ingredient.java:219) ~[client-1.20.1-20230612.114412-srg.jar%23352!/:?]
	at net.minecraftforge.common.crafting.VanillaIngredientSerializer.parse(VanillaIngredientSerializer.java:27) ~[forge-1.20.1-47.4.10-universal.jar%23357!/:?]
	at net.minecraftforge.common.crafting.CraftingHelper.getIngredient(CraftingHelper.java:148) ~[forge-1.20.1-47.4.10-universal.jar%23357!/:?]
	at net.minecraft.world.item.crafting.Ingredient.m_288218_(Ingredient.java:194) ~[client-1.20.1-20230612.114412-srg.jar%23352!/:?]
	at net.minecraft.world.item.crafting.ShapedRecipe.m_44210_(ShapedRecipe.java:278) ~[client-1.20.1-20230612.114412-srg.jar%23352!/:?]
	at net.minecraft.world.item.crafting.ShapedRecipe$Serializer.m_6729_(ShapedRecipe.java:306) ~[client-1.20.1-20230612.114412-srg.jar%23352!/:?]
	at net.minecraft.world.item.crafting.ShapedRecipe$Serializer.m_6729_(ShapedRecipe.java:301) ~[client-1.20.1-20230612.114412-srg.jar%23352!/:?]
	at net.minecraftforge.common.extensions.IForgeRecipeSerializer.fromJson(IForgeRecipeSerializer.java:23) ~[forge-1.20.1-47.4.10-universal.jar%23357!/:?]
	at net.minecraft.world.item.crafting.RecipeManager.fromJson(RecipeManager.java:171) ~[client-1.20.1-20230612.114412-srg.jar%23352!/:?]
	at net.minecraft.world.item.crafting.RecipeManager.m_5787_(RecipeManager.java:67) ~[client-1.20.1-20230612.114412-srg.jar%23352!/:?]
	at net.minecraft.world.item.crafting.RecipeManager.m_5787_(RecipeManager.java:34) ~[client-1.20.1-20230612.114412-srg.jar%23352!/:?]
	at net.minecraft.server.packs.resources.SimplePreparableReloadListener.m_10789_(SimplePreparableReloadListener.java:13) ~[client-1.20.1-20230612.114412-srg.jar%23352!/:?]
	at java.util.concurrent.CompletableFuture$UniAccept.tryFire(CompletableFuture.java:718) ~[?:?]
	at java.util.concurrent.CompletableFuture$Completion.run(CompletableFuture.java:482) ~[?:?]
	at net.minecraft.server.packs.resources.SimpleReloadInstance.m_143940_(SimpleReloadInstance.java:69) ~[client-1.20.1-20230612.114412-srg.jar%23352!/:?]
	at net.minecraft.util.thread.BlockableEventLoop.m_6367_(BlockableEventLoop.java:156) ~[client-1.20.1-20230612.114412-srg.jar%23352!/:?]
	at net.minecraft.util.thread.ReentrantBlockableEventLoop.m_6367_(ReentrantBlockableEventLoop.java:23) ~[client-1.20.1-20230612.114412-srg.jar%23352!/:?]
	at net.minecraft.util.thread.BlockableEventLoop.m_7245_(BlockableEventLoop.java:130) ~[client-1.20.1-20230612.114412-srg.jar%23352!/:?]
	at net.minecraft.util.thread.BlockableEventLoop.m_18701_(BlockableEventLoop.java:139) ~[client-1.20.1-20230612.114412-srg.jar%23352!/:?]
	at net.minecraft.client.gui.screens.worldselection.CreateWorldScreen.m_232896_(CreateWorldScreen.java:131) ~[client-1.20.1-20230612.114412-srg.jar%23352!/:?]
	at net.minecraft.client.gui.screens.worldselection.SelectWorldScreen.m_279861_(SelectWorldScreen.java:60) ~[client-1.20.1-20230612.114412-srg.jar%23352!/:?]
	at net.minecraft.client.gui.components.Button.m_5691_(Button.java:38) ~[client-1.20.1-20230612.114412-srg.jar%23352!/:?]
	at net.minecraft.client.gui.components.AbstractButton.m_5716_(AbstractButton.java:55) ~[client-1.20.1-20230612.114412-srg.jar%23352!/:?]
	at net.minecraft.client.gui.components.AbstractWidget.m_6375_(AbstractWidget.java:175) ~[client-1.20.1-20230612.114412-srg.jar%23352!/:?]
	at net.minecraft.client.gui.components.events.ContainerEventHandler.m_6375_(ContainerEventHandler.java:38) ~[client-1.20.1-20230612.114412-srg.jar%23352!/:?]
	at net.minecraft.client.MouseHandler.m_168084_(MouseHandler.java:92) ~[client-1.20.1-20230612.114412-srg.jar%23352!/:?]
	at net.minecraft.client.gui.screens.Screen.m_96579_(Screen.java:437) ~[client-1.20.1-20230612.114412-srg.jar%23352!/:?]
	at net.minecraft.client.MouseHandler.m_91530_(MouseHandler.java:89) ~[client-1.20.1-20230612.114412-srg.jar%23352!/:?]
	at net.minecraft.client.MouseHandler.m_168091_(MouseHandler.java:189) ~[client-1.20.1-20230612.114412-srg.jar%23352!/:?]
	at net.minecraft.util.thread.BlockableEventLoop.execute(BlockableEventLoop.java:102) ~[client-1.20.1-20230612.114412-srg.jar%23352!/:?]
	at net.minecraft.client.MouseHandler.m_91565_(MouseHandler.java:188) ~[client-1.20.1-20230612.114412-srg.jar%23352!/:?]
	at org.lwjgl.glfw.GLFWMouseButtonCallbackI.callback(GLFWMouseButtonCallbackI.java:43) ~[lwjgl-glfw-3.3.1.jar%2373!/:build 7]
	at org.lwjgl.system.JNI.invokeV(Native Method) ~[lwjgl-3.3.1.jar%2385!/:build 7]
	at org.lwjgl.glfw.GLFW.glfwWaitEventsTimeout(GLFW.java:3474) ~[lwjgl-glfw-3.3.1.jar%2373!/:build 7]
	at com.mojang.blaze3d.systems.RenderSystem.limitDisplayFPS(RenderSystem.java:237) ~[client-1.20.1-20230612.114412-srg.jar%23352!/:?]
	at net.minecraft.client.Minecraft.m_91383_(Minecraft.java:1173) ~[client-1.20.1-20230612.114412-srg.jar%23352!/:?]
	at net.minecraft.client.Minecraft.m_91374_(Minecraft.java:718) ~[client-1.20.1-20230612.114412-srg.jar%23352!/:?]
	at net.minecraft.client.main.Main.main(Main.java:218) ~[minecraft-1.20.1-client.jar:?]
	at jdk.internal.reflect.NativeMethodAccessorImpl.invoke0(Native Method) ~[?:?]
	at jdk.internal.reflect.NativeMethodAccessorImpl.invoke(NativeMethodAccessorImpl.java:77) ~[?:?]
	at jdk.internal.reflect.DelegatingMethodAccessorImpl.invoke(DelegatingMethodAccessorImpl.java:43) ~[?:?]
	at java.lang.reflect.Method.invoke(Method.java:569) ~[?:?]
	at net.minecraftforge.fml.loading.targets.CommonLaunchHandler.runTarget(CommonLaunchHandler.java:111) ~[fmlloader-1.20.1-47.4.10.jar:?]
	at net.minecraftforge.fml.loading.targets.CommonLaunchHandler.clientService(CommonLaunchHandler.java:99) ~[fmlloader-1.20.1-47.4.10.jar:?]
	at net.minecraftforge.fml.loading.targets.CommonClientLaunchHandler.lambda$makeService$0(CommonClientLaunchHandler.java:25) ~[fmlloader-1.20.1-47.4.10.jar:?]
	at cpw.mods.modlauncher.LaunchServiceHandlerDecorator.launch(LaunchServiceHandlerDecorator.java:30) ~[modlauncher-10.0.9.jar:?]
	at cpw.mods.modlauncher.LaunchServiceHandler.launch(LaunchServiceHandler.java:53) ~[modlauncher-10.0.9.jar:?]
	at cpw.mods.modlauncher.LaunchServiceHandler.launch(LaunchServiceHandler.java:71) ~[modlauncher-10.0.9.jar:?]
	at cpw.mods.modlauncher.Launcher.run(Launcher.java:108) ~[modlauncher-10.0.9.jar:?]
	at cpw.mods.modlauncher.Launcher.main(Launcher.java:78) ~[modlauncher-10.0.9.jar:?]
	at cpw.mods.modlauncher.BootstrapLaunchConsumer.accept(BootstrapLaunchConsumer.java:26) ~[modlauncher-10.0.9.jar:?]
	at cpw.mods.modlauncher.BootstrapLaunchConsumer.accept(BootstrapLaunchConsumer.java:23) ~[modlauncher-10.0.9.jar:?]
	at cpw.mods.bootstraplauncher.BootstrapLauncher.main(BootstrapLauncher.java:141) ~[bootstraplauncher-1.1.2.jar:?]
	at jdk.internal.reflect.NativeMethodAccessorImpl.invoke0(Native Method) ~[?:?]
	at jdk.internal.reflect.NativeMethodAccessorImpl.invoke(NativeMethodAccessorImpl.java:77) ~[?:?]
	at jdk.internal.reflect.DelegatingMethodAccessorImpl.invoke(DelegatingMethodAccessorImpl.java:43) ~[?:?]
	at java.lang.reflect.Method.invoke(Method.java:569) ~[?:?]
	at io.github.zekerzhayard.forgewrapper.installer.Main.main(Main.java:67) ~[?:?]
	at org.prismlauncher.launcher.impl.StandardLauncher.launch(StandardLauncher.java:115) ~[?:?]
	at org.prismlauncher.EntryPoint.listen(EntryPoint.java:129) ~[?:?]
	at org.prismlauncher.EntryPoint.main(EntryPoint.java:70) ~[?:?]
[28Mar2026 04:55:34.828] [Render thread/ERROR] [net.minecraft.world.item.crafting.RecipeManager/]: Parsing error loading recipe ltc2:compat/crockpot/foodvalues/end_peppers
com.google.gson.JsonSyntaxException: Invalid or unsupported recipe type 'crockpot:food_values'
	at net.minecraft.world.item.crafting.RecipeManager.m_220253_(RecipeManager.java:170) ~[client-1.20.1-20230612.114412-srg.jar%23352!/:?]
	at java.util.Optional.orElseThrow(Optional.java:403) ~[?:?]
	at net.minecraft.world.item.crafting.RecipeManager.fromJson(RecipeManager.java:169) ~[client-1.20.1-20230612.114412-srg.jar%23352!/:?]
	at net.minecraft.world.item.crafting.RecipeManager.m_5787_(RecipeManager.java:67) ~[client-1.20.1-20230612.114412-srg.jar%23352!/:?]
	at net.minecraft.world.item.crafting.RecipeManager.m_5787_(RecipeManager.java:34) ~[client-1.20.1-20230612.114412-srg.jar%23352!/:?]
	at net.minecraft.server.packs.resources.SimplePreparableReloadListener.m_10789_(SimplePreparableReloadListener.java:13) ~[client-1.20.1-20230612.114412-srg.jar%23352!/:?]
	at java.util.concurrent.CompletableFuture$UniAccept.tryFire(CompletableFuture.java:718) ~[?:?]
	at java.util.concurrent.CompletableFuture$Completion.run(CompletableFuture.java:482) ~[?:?]
	at net.minecraft.server.packs.resources.SimpleReloadInstance.m_143940_(SimpleReloadInstance.java:69) ~[client-1.20.1-20230612.114412-srg.jar%23352!/:?]
	at net.minecraft.util.thread.BlockableEventLoop.m_6367_(BlockableEventLoop.java:156) ~[client-1.20.1-20230612.114412-srg.jar%23352!/:?]
	at net.minecraft.util.thread.ReentrantBlockableEventLoop.m_6367_(ReentrantBlockableEventLoop.java:23) ~[client-1.20.1-20230612.114412-srg.jar%23352!/:?]
	at net.minecraft.util.thread.BlockableEventLoop.m_7245_(BlockableEventLoop.java:130) ~[client-1.20.1-20230612.114412-srg.jar%23352!/:?]
	at net.minecraft.util.thread.BlockableEventLoop.m_18701_(BlockableEventLoop.java:139) ~[client-1.20.1-20230612.114412-srg.jar%23352!/:?]
	at net.minecraft.client.gui.screens.worldselection.CreateWorldScreen.m_232896_(CreateWorldScreen.java:131) ~[client-1.20.1-20230612.114412-srg.jar%23352!/:?]
	at net.minecraft.client.gui.screens.worldselection.SelectWorldScreen.m_279861_(SelectWorldScreen.java:60) ~[client-1.20.1-20230612.114412-srg.jar%23352!/:?]
	at net.minecraft.client.gui.components.Button.m_5691_(Button.java:38) ~[client-1.20.1-20230612.114412-srg.jar%23352!/:?]
	at net.minecraft.client.gui.components.AbstractButton.m_5716_(AbstractButton.java:55) ~[client-1.20.1-20230612.114412-srg.jar%23352!/:?]
	at net.minecraft.client.gui.components.AbstractWidget.m_6375_(AbstractWidget.java:175) ~[client-1.20.1-20230612.114412-srg.jar%23352!/:?]
	at net.minecraft.client.gui.components.events.ContainerEventHandler.m_6375_(ContainerEventHandler.java:38) ~[client-1.20.1-20230612.114412-srg.jar%23352!/:?]
	at net.minecraft.client.MouseHandler.m_168084_(MouseHandler.java:92) ~[client-1.20.1-20230612.114412-srg.jar%23352!/:?]
	at net.minecraft.client.gui.screens.Screen.m_96579_(Screen.java:437) ~[client-1.20.1-20230612.114412-srg.jar%23352!/:?]
	at net.minecraft.client.MouseHandler.m_91530_(MouseHandler.java:89) ~[client-1.20.1-20230612.114412-srg.jar%23352!/:?]
	at net.minecraft.client.MouseHandler.m_168091_(MouseHandler.java:189) ~[client-1.20.1-20230612.114412-srg.jar%23352!/:?]
	at net.minecraft.util.thread.BlockableEventLoop.execute(BlockableEventLoop.java:102) ~[client-1.20.1-20230612.114412-srg.jar%23352!/:?]
	at net.minecraft.client.MouseHandler.m_91565_(MouseHandler.java:188) ~[client-1.20.1-20230612.114412-srg.jar%23352!/:?]
	at org.lwjgl.glfw.GLFWMouseButtonCallbackI.callback(GLFWMouseButtonCallbackI.java:43) ~[lwjgl-glfw-3.3.1.jar%2373!/:build 7]
	at org.lwjgl.system.JNI.invokeV(Native Method) ~[lwjgl-3.3.1.jar%2385!/:build 7]
	at org.lwjgl.glfw.GLFW.glfwWaitEventsTimeout(GLFW.java:3474) ~[lwjgl-glfw-3.3.1.jar%2373!/:build 7]
	at com.mojang.blaze3d.systems.RenderSystem.limitDisplayFPS(RenderSystem.java:237) ~[client-1.20.1-20230612.114412-srg.jar%23352!/:?]
	at net.minecraft.client.Minecraft.m_91383_(Minecraft.java:1173) ~[client-1.20.1-20230612.114412-srg.jar%23352!/:?]
	at net.minecraft.client.Minecraft.m_91374_(Minecraft.java:718) ~[client-1.20.1-20230612.114412-srg.jar%23352!/:?]
	at net.minecraft.client.main.Main.main(Main.java:218) ~[minecraft-1.20.1-client.jar:?]
	at jdk.internal.reflect.NativeMethodAccessorImpl.invoke0(Native Method) ~[?:?]
	at jdk.internal.reflect.NativeMethodAccessorImpl.invoke(NativeMethodAccessorImpl.java:77) ~[?:?]
	at jdk.internal.reflect.DelegatingMethodAccessorImpl.invoke(DelegatingMethodAccessorImpl.java:43) ~[?:?]
	at java.lang.reflect.Method.invoke(Method.java:569) ~[?:?]
	at net.minecraftforge.fml.loading.targets.CommonLaunchHandler.runTarget(CommonLaunchHandler.java:111) ~[fmlloader-1.20.1-47.4.10.jar:?]
	at net.minecraftforge.fml.loading.targets.CommonLaunchHandler.clientService(CommonLaunchHandler.java:99) ~[fmlloader-1.20.1-47.4.10.jar:?]
	at net.minecraftforge.fml.loading.targets.CommonClientLaunchHandler.lambda$makeService$0(CommonClientLaunchHandler.java:25) ~[fmlloader-1.20.1-47.4.10.jar:?]
	at cpw.mods.modlauncher.LaunchServiceHandlerDecorator.launch(LaunchServiceHandlerDecorator.java:30) ~[modlauncher-10.0.9.jar:?]
	at cpw.mods.modlauncher.LaunchServiceHandler.launch(LaunchServiceHandler.java:53) ~[modlauncher-10.0.9.jar:?]
	at cpw.mods.modlauncher.LaunchServiceHandler.launch(LaunchServiceHandler.java:71) ~[modlauncher-10.0.9.jar:?]
	at cpw.mods.modlauncher.Launcher.run(Launcher.java:108) ~[modlauncher-10.0.9.jar:?]
	at cpw.mods.modlauncher.Launcher.main(Launcher.java:78) ~[modlauncher-10.0.9.jar:?]
	at cpw.mods.modlauncher.BootstrapLaunchConsumer.accept(BootstrapLaunchConsumer.java:26) ~[modlauncher-10.0.9.jar:?]
	at cpw.mods.modlauncher.BootstrapLaunchConsumer.accept(BootstrapLaunchConsumer.java:23) ~[modlauncher-10.0.9.jar:?]
	at cpw.mods.bootstraplauncher.BootstrapLauncher.main(BootstrapLauncher.java:141) ~[bootstraplauncher-1.1.2.jar:?]
	at jdk.internal.reflect.NativeMethodAccessorImpl.invoke0(Native Method) ~[?:?]
	at jdk.internal.reflect.NativeMethodAccessorImpl.invoke(NativeMethodAccessorImpl.java:77) ~[?:?]
	at jdk.internal.reflect.DelegatingMethodAccessorImpl.invoke(DelegatingMethodAccessorImpl.java:43) ~[?:?]
	at java.lang.reflect.Method.invoke(Method.java:569) ~[?:?]
	at io.github.zekerzhayard.forgewrapper.installer.Main.main(Main.java:67) ~[?:?]
	at org.prismlauncher.launcher.impl.StandardLauncher.launch(StandardLauncher.java:115) ~[?:?]
	at org.prismlauncher.EntryPoint.listen(EntryPoint.java:129) ~[?:?]
	at org.prismlauncher.EntryPoint.main(EntryPoint.java:70) ~[?:?]
[28Mar2026 04:55:34.832] [Render thread/ERROR] [net.minecraft.world.item.crafting.RecipeManager/]: Parsing error loading recipe ltc2:compat/jeed/strength
com.google.gson.JsonSyntaxException: Invalid or unsupported recipe type 'jeed:effect_provider'
	at net.minecraft.world.item.crafting.RecipeManager.m_220253_(RecipeManager.java:170) ~[client-1.20.1-20230612.114412-srg.jar%23352!/:?]
	at java.util.Optional.orElseThrow(Optional.java:403) ~[?:?]
	at net.minecraft.world.item.crafting.RecipeManager.fromJson(RecipeManager.java:169) ~[client-1.20.1-20230612.114412-srg.jar%23352!/:?]
	at net.minecraft.world.item.crafting.RecipeManager.m_5787_(RecipeManager.java:67) ~[client-1.20.1-20230612.114412-srg.jar%23352!/:?]
	at net.minecraft.world.item.crafting.RecipeManager.m_5787_(RecipeManager.java:34) ~[client-1.20.1-20230612.114412-srg.jar%23352!/:?]
	at net.minecraft.server.packs.resources.SimplePreparableReloadListener.m_10789_(SimplePreparableReloadListener.java:13) ~[client-1.20.1-20230612.114412-srg.jar%23352!/:?]
	at java.util.concurrent.CompletableFuture$UniAccept.tryFire(CompletableFuture.java:718) ~[?:?]
	at java.util.concurrent.CompletableFuture$Completion.run(CompletableFuture.java:482) ~[?:?]
	at net.minecraft.server.packs.resources.SimpleReloadInstance.m_143940_(SimpleReloadInstance.java:69) ~[client-1.20.1-20230612.114412-srg.jar%23352!/:?]
	at net.minecraft.util.thread.BlockableEventLoop.m_6367_(BlockableEventLoop.java:156) ~[client-1.20.1-20230612.114412-srg.jar%23352!/:?]
	at net.minecraft.util.thread.ReentrantBlockableEventLoop.m_6367_(ReentrantBlockableEventLoop.java:23) ~[client-1.20.1-20230612.114412-srg.jar%23352!/:?]
	at net.minecraft.util.thread.BlockableEventLoop.m_7245_(BlockableEventLoop.java:130) ~[client-1.20.1-20230612.114412-srg.jar%23352!/:?]
	at net.minecraft.util.thread.BlockableEventLoop.m_18701_(BlockableEventLoop.java:139) ~[client-1.20.1-20230612.114412-srg.jar%23352!/:?]
	at net.minecraft.client.gui.screens.worldselection.CreateWorldScreen.m_232896_(CreateWorldScreen.java:131) ~[client-1.20.1-20230612.114412-srg.jar%23352!/:?]
	at net.minecraft.client.gui.screens.worldselection.SelectWorldScreen.m_279861_(SelectWorldScreen.java:60) ~[client-1.20.1-20230612.114412-srg.jar%23352!/:?]
	at net.minecraft.client.gui.components.Button.m_5691_(Button.java:38) ~[client-1.20.1-20230612.114412-srg.jar%23352!/:?]
	at net.minecraft.client.gui.components.AbstractButton.m_5716_(AbstractButton.java:55) ~[client-1.20.1-20230612.114412-srg.jar%23352!/:?]
	at net.minecraft.client.gui.components.AbstractWidget.m_6375_(AbstractWidget.java:175) ~[client-1.20.1-20230612.114412-srg.jar%23352!/:?]
	at net.minecraft.client.gui.components.events.ContainerEventHandler.m_6375_(ContainerEventHandler.java:38) ~[client-1.20.1-20230612.114412-srg.jar%23352!/:?]
	at net.minecraft.client.MouseHandler.m_168084_(MouseHandler.java:92) ~[client-1.20.1-20230612.114412-srg.jar%23352!/:?]
	at net.minecraft.client.gui.screens.Screen.m_96579_(Screen.java:437) ~[client-1.20.1-20230612.114412-srg.jar%23352!/:?]
	at net.minecraft.client.MouseHandler.m_91530_(MouseHandler.java:89) ~[client-1.20.1-20230612.114412-srg.jar%23352!/:?]
	at net.minecraft.client.MouseHandler.m_168091_(MouseHandler.java:189) ~[client-1.20.1-20230612.114412-srg.jar%23352!/:?]
	at net.minecraft.util.thread.BlockableEventLoop.execute(BlockableEventLoop.java:102) ~[client-1.20.1-20230612.114412-srg.jar%23352!/:?]
	at net.minecraft.client.MouseHandler.m_91565_(MouseHandler.java:188) ~[client-1.20.1-20230612.114412-srg.jar%23352!/:?]
	at org.lwjgl.glfw.GLFWMouseButtonCallbackI.callback(GLFWMouseButtonCallbackI.java:43) ~[lwjgl-glfw-3.3.1.jar%2373!/:build 7]
	at org.lwjgl.system.JNI.invokeV(Native Method) ~[lwjgl-3.3.1.jar%2385!/:build 7]
	at org.lwjgl.glfw.GLFW.glfwWaitEventsTimeout(GLFW.java:3474) ~[lwjgl-glfw-3.3.1.jar%2373!/:build 7]
	at com.mojang.blaze3d.systems.RenderSystem.limitDisplayFPS(RenderSystem.java:237) ~[client-1.20.1-20230612.114412-srg.jar%23352!/:?]
	at net.minecraft.client.Minecraft.m_91383_(Minecraft.java:1173) ~[client-1.20.1-20230612.114412-srg.jar%23352!/:?]
	at net.minecraft.client.Minecraft.m_91374_(Minecraft.java:718) ~[client-1.20.1-20230612.114412-srg.jar%23352!/:?]
	at net.minecraft.client.main.Main.main(Main.java:218) ~[minecraft-1.20.1-client.jar:?]
	at jdk.internal.reflect.NativeMethodAccessorImpl.invoke0(Native Method) ~[?:?]
	at jdk.internal.reflect.NativeMethodAccessorImpl.invoke(NativeMethodAccessorImpl.java:77) ~[?:?]
	at jdk.internal.reflect.DelegatingMethodAccessorImpl.invoke(DelegatingMethodAccessorImpl.java:43) ~[?:?]
	at java.lang.reflect.Method.invoke(Method.java:569) ~[?:?]
	at net.minecraftforge.fml.loading.targets.CommonLaunchHandler.runTarget(CommonLaunchHandler.java:111) ~[fmlloader-1.20.1-47.4.10.jar:?]
	at net.minecraftforge.fml.loading.targets.CommonLaunchHandler.clientService(CommonLaunchHandler.java:99) ~[fmlloader-1.20.1-47.4.10.jar:?]
	at net.minecraftforge.fml.loading.targets.CommonClientLaunchHandler.lambda$makeService$0(CommonClientLaunchHandler.java:25) ~[fmlloader-1.20.1-47.4.10.jar:?]
	at cpw.mods.modlauncher.LaunchServiceHandlerDecorator.launch(LaunchServiceHandlerDecorator.java:30) ~[modlauncher-10.0.9.jar:?]
	at cpw.mods.modlauncher.LaunchServiceHandler.launch(LaunchServiceHandler.java:53) ~[modlauncher-10.0.9.jar:?]
	at cpw.mods.modlauncher.LaunchServiceHandler.launch(LaunchServiceHandler.java:71) ~[modlauncher-10.0.9.jar:?]
	at cpw.mods.modlauncher.Launcher.run(Launcher.java:108) ~[modlauncher-10.0.9.jar:?]
	at cpw.mods.modlauncher.Launcher.main(Launcher.java:78) ~[modlauncher-10.0.9.jar:?]
	at cpw.mods.modlauncher.BootstrapLaunchConsumer.accept(BootstrapLaunchConsumer.java:26) ~[modlauncher-10.0.9.jar:?]
	at cpw.mods.modlauncher.BootstrapLaunchConsumer.accept(BootstrapLaunchConsumer.java:23) ~[modlauncher-10.0.9.jar:?]
	at cpw.mods.bootstraplauncher.BootstrapLauncher.main(BootstrapLauncher.java:141) ~[bootstraplauncher-1.1.2.jar:?]
	at jdk.internal.reflect.NativeMethodAccessorImpl.invoke0(Native Method) ~[?:?]
	at jdk.internal.reflect.NativeMethodAccessorImpl.invoke(NativeMethodAccessorImpl.java:77) ~[?:?]
	at jdk.internal.reflect.DelegatingMethodAccessorImpl.invoke(DelegatingMethodAccessorImpl.java:43) ~[?:?]
	at java.lang.reflect.Method.invoke(Method.java:569) ~[?:?]
	at io.github.zekerzhayard.forgewrapper.installer.Main.main(Main.java:67) ~[?:?]
	at org.prismlauncher.launcher.impl.StandardLauncher.launch(StandardLauncher.java:115) ~[?:?]
	at org.prismlauncher.EntryPoint.listen(EntryPoint.java:129) ~[?:?]
	at org.prismlauncher.EntryPoint.main(EntryPoint.java:70) ~[?:?]
[28Mar2026 04:55:34.833] [Render thread/ERROR] [net.minecraft.world.item.crafting.RecipeManager/]: Parsing error loading recipe ltc2:compat/jeed/resistance
com.google.gson.JsonSyntaxException: Invalid or unsupported recipe type 'jeed:effect_provider'
	at net.minecraft.world.item.crafting.RecipeManager.m_220253_(RecipeManager.java:170) ~[client-1.20.1-20230612.114412-srg.jar%23352!/:?]
	at java.util.Optional.orElseThrow(Optional.java:403) ~[?:?]
	at net.minecraft.world.item.crafting.RecipeManager.fromJson(RecipeManager.java:169) ~[client-1.20.1-20230612.114412-srg.jar%23352!/:?]
	at net.minecraft.world.item.crafting.RecipeManager.m_5787_(RecipeManager.java:67) ~[client-1.20.1-20230612.114412-srg.jar%23352!/:?]
	at net.minecraft.world.item.crafting.RecipeManager.m_5787_(RecipeManager.java:34) ~[client-1.20.1-20230612.114412-srg.jar%23352!/:?]
	at net.minecraft.server.packs.resources.SimplePreparableReloadListener.m_10789_(SimplePreparableReloadListener.java:13) ~[client-1.20.1-20230612.114412-srg.jar%23352!/:?]
	at java.util.concurrent.CompletableFuture$UniAccept.tryFire(CompletableFuture.java:718) ~[?:?]
	at java.util.concurrent.CompletableFuture$Completion.run(CompletableFuture.java:482) ~[?:?]
	at net.minecraft.server.packs.resources.SimpleReloadInstance.m_143940_(SimpleReloadInstance.java:69) ~[client-1.20.1-20230612.114412-srg.jar%23352!/:?]
	at net.minecraft.util.thread.BlockableEventLoop.m_6367_(BlockableEventLoop.java:156) ~[client-1.20.1-20230612.114412-srg.jar%23352!/:?]
	at net.minecraft.util.thread.ReentrantBlockableEventLoop.m_6367_(ReentrantBlockableEventLoop.java:23) ~[client-1.20.1-20230612.114412-srg.jar%23352!/:?]
	at net.minecraft.util.thread.BlockableEventLoop.m_7245_(BlockableEventLoop.java:130) ~[client-1.20.1-20230612.114412-srg.jar%23352!/:?]
	at net.minecraft.util.thread.BlockableEventLoop.m_18701_(BlockableEventLoop.java:139) ~[client-1.20.1-20230612.114412-srg.jar%23352!/:?]
	at net.minecraft.client.gui.screens.worldselection.CreateWorldScreen.m_232896_(CreateWorldScreen.java:131) ~[client-1.20.1-20230612.114412-srg.jar%23352!/:?]
	at net.minecraft.client.gui.screens.worldselection.SelectWorldScreen.m_279861_(SelectWorldScreen.java:60) ~[client-1.20.1-20230612.114412-srg.jar%23352!/:?]
	at net.minecraft.client.gui.components.Button.m_5691_(Button.java:38) ~[client-1.20.1-20230612.114412-srg.jar%23352!/:?]
	at net.minecraft.client.gui.components.AbstractButton.m_5716_(AbstractButton.java:55) ~[client-1.20.1-20230612.114412-srg.jar%23352!/:?]
	at net.minecraft.client.gui.components.AbstractWidget.m_6375_(AbstractWidget.java:175) ~[client-1.20.1-20230612.114412-srg.jar%23352!/:?]
	at net.minecraft.client.gui.components.events.ContainerEventHandler.m_6375_(ContainerEventHandler.java:38) ~[client-1.20.1-20230612.114412-srg.jar%23352!/:?]
	at net.minecraft.client.MouseHandler.m_168084_(MouseHandler.java:92) ~[client-1.20.1-20230612.114412-srg.jar%23352!/:?]
	at net.minecraft.client.gui.screens.Screen.m_96579_(Screen.java:437) ~[client-1.20.1-20230612.114412-srg.jar%23352!/:?]
	at net.minecraft.client.MouseHandler.m_91530_(MouseHandler.java:89) ~[client-1.20.1-20230612.114412-srg.jar%23352!/:?]
	at net.minecraft.client.MouseHandler.m_168091_(MouseHandler.java:189) ~[client-1.20.1-20230612.114412-srg.jar%23352!/:?]
	at net.minecraft.util.thread.BlockableEventLoop.execute(BlockableEventLoop.java:102) ~[client-1.20.1-20230612.114412-srg.jar%23352!/:?]
	at net.minecraft.client.MouseHandler.m_91565_(MouseHandler.java:188) ~[client-1.20.1-20230612.114412-srg.jar%23352!/:?]
	at org.lwjgl.glfw.GLFWMouseButtonCallbackI.callback(GLFWMouseButtonCallbackI.java:43) ~[lwjgl-glfw-3.3.1.jar%2373!/:build 7]
	at org.lwjgl.system.JNI.invokeV(Native Method) ~[lwjgl-3.3.1.jar%2385!/:build 7]
	at org.lwjgl.glfw.GLFW.glfwWaitEventsTimeout(GLFW.java:3474) ~[lwjgl-glfw-3.3.1.jar%2373!/:build 7]
	at com.mojang.blaze3d.systems.RenderSystem.limitDisplayFPS(RenderSystem.java:237) ~[client-1.20.1-20230612.114412-srg.jar%23352!/:?]
	at net.minecraft.client.Minecraft.m_91383_(Minecraft.java:1173) ~[client-1.20.1-20230612.114412-srg.jar%23352!/:?]
	at net.minecraft.client.Minecraft.m_91374_(Minecraft.java:718) ~[client-1.20.1-20230612.114412-srg.jar%23352!/:?]
	at net.minecraft.client.main.Main.main(Main.java:218) ~[minecraft-1.20.1-client.jar:?]
	at jdk.internal.reflect.NativeMethodAccessorImpl.invoke0(Native Method) ~[?:?]
	at jdk.internal.reflect.NativeMethodAccessorImpl.invoke(NativeMethodAccessorImpl.java:77) ~[?:?]
	at jdk.internal.reflect.DelegatingMethodAccessorImpl.invoke(DelegatingMethodAccessorImpl.java:43) ~[?:?]
	at java.lang.reflect.Method.invoke(Method.java:569) ~[?:?]
	at net.minecraftforge.fml.loading.targets.CommonLaunchHandler.runTarget(CommonLaunchHandler.java:111) ~[fmlloader-1.20.1-47.4.10.jar:?]
	at net.minecraftforge.fml.loading.targets.CommonLaunchHandler.clientService(CommonLaunchHandler.java:99) ~[fmlloader-1.20.1-47.4.10.jar:?]
	at net.minecraftforge.fml.loading.targets.CommonClientLaunchHandler.lambda$makeService$0(CommonClientLaunchHandler.java:25) ~[fmlloader-1.20.1-47.4.10.jar:?]
	at cpw.mods.modlauncher.LaunchServiceHandlerDecorator.launch(LaunchServiceHandlerDecorator.java:30) ~[modlauncher-10.0.9.jar:?]
	at cpw.mods.modlauncher.LaunchServiceHandler.launch(LaunchServiceHandler.java:53) ~[modlauncher-10.0.9.jar:?]
	at cpw.mods.modlauncher.LaunchServiceHandler.launch(LaunchServiceHandler.java:71) ~[modlauncher-10.0.9.jar:?]
	at cpw.mods.modlauncher.Launcher.run(Launcher.java:108) ~[modlauncher-10.0.9.jar:?]
	at cpw.mods.modlauncher.Launcher.main(Launcher.java:78) ~[modlauncher-10.0.9.jar:?]
	at cpw.mods.modlauncher.BootstrapLaunchConsumer.accept(BootstrapLaunchConsumer.java:26) ~[modlauncher-10.0.9.jar:?]
	at cpw.mods.modlauncher.BootstrapLaunchConsumer.accept(BootstrapLaunchConsumer.java:23) ~[modlauncher-10.0.9.jar:?]
	at cpw.mods.bootstraplauncher.BootstrapLauncher.main(BootstrapLauncher.java:141) ~[bootstraplauncher-1.1.2.jar:?]
	at jdk.internal.reflect.NativeMethodAccessorImpl.invoke0(Native Method) ~[?:?]
	at jdk.internal.reflect.NativeMethodAccessorImpl.invoke(NativeMethodAccessorImpl.java:77) ~[?:?]
	at jdk.internal.reflect.DelegatingMethodAccessorImpl.invoke(DelegatingMethodAccessorImpl.java:43) ~[?:?]
	at java.lang.reflect.Method.invoke(Method.java:569) ~[?:?]
	at io.github.zekerzhayard.forgewrapper.installer.Main.main(Main.java:67) ~[?:?]
	at org.prismlauncher.launcher.impl.StandardLauncher.launch(StandardLauncher.java:115) ~[?:?]
	at org.prismlauncher.EntryPoint.listen(EntryPoint.java:129) ~[?:?]
	at org.prismlauncher.EntryPoint.main(EntryPoint.java:70) ~[?:?]
[28Mar2026 04:55:34.842] [Render thread/ERROR] [net.minecraft.world.item.crafting.RecipeManager/]: Parsing error loading recipe aether:skyroot_zanite_vanilla_shield
com.google.gson.JsonSyntaxException: Missing type, expected to find a string
	at net.minecraft.util.GsonHelper.m_13906_(GsonHelper.java:127) ~[client-1.20.1-20230612.114412-srg.jar%23352!/:?]
	at net.minecraft.world.item.crafting.RecipeManager.fromJson(RecipeManager.java:168) ~[client-1.20.1-20230612.114412-srg.jar%23352!/:?]
	at net.minecraft.world.item.crafting.RecipeManager.m_5787_(RecipeManager.java:67) ~[client-1.20.1-20230612.114412-srg.jar%23352!/:?]
	at net.minecraft.world.item.crafting.RecipeManager.m_5787_(RecipeManager.java:34) ~[client-1.20.1-20230612.114412-srg.jar%23352!/:?]
	at net.minecraft.server.packs.resources.SimplePreparableReloadListener.m_10789_(SimplePreparableReloadListener.java:13) ~[client-1.20.1-20230612.114412-srg.jar%23352!/:?]
	at java.util.concurrent.CompletableFuture$UniAccept.tryFire(CompletableFuture.java:718) ~[?:?]
	at java.util.concurrent.CompletableFuture$Completion.run(CompletableFuture.java:482) ~[?:?]
	at net.minecraft.server.packs.resources.SimpleReloadInstance.m_143940_(SimpleReloadInstance.java:69) ~[client-1.20.1-20230612.114412-srg.jar%23352!/:?]
	at net.minecraft.util.thread.BlockableEventLoop.m_6367_(BlockableEventLoop.java:156) ~[client-1.20.1-20230612.114412-srg.jar%23352!/:?]
	at net.minecraft.util.thread.ReentrantBlockableEventLoop.m_6367_(ReentrantBlockableEventLoop.java:23) ~[client-1.20.1-20230612.114412-srg.jar%23352!/:?]
	at net.minecraft.util.thread.BlockableEventLoop.m_7245_(BlockableEventLoop.java:130) ~[client-1.20.1-20230612.114412-srg.jar%23352!/:?]
	at net.minecraft.util.thread.BlockableEventLoop.m_18701_(BlockableEventLoop.java:139) ~[client-1.20.1-20230612.114412-srg.jar%23352!/:?]
	at net.minecraft.client.gui.screens.worldselection.CreateWorldScreen.m_232896_(CreateWorldScreen.java:131) ~[client-1.20.1-20230612.114412-srg.jar%23352!/:?]
	at net.minecraft.client.gui.screens.worldselection.SelectWorldScreen.m_279861_(SelectWorldScreen.java:60) ~[client-1.20.1-20230612.114412-srg.jar%23352!/:?]
	at net.minecraft.client.gui.components.Button.m_5691_(Button.java:38) ~[client-1.20.1-20230612.114412-srg.jar%23352!/:?]
	at net.minecraft.client.gui.components.AbstractButton.m_5716_(AbstractButton.java:55) ~[client-1.20.1-20230612.114412-srg.jar%23352!/:?]
	at net.minecraft.client.gui.components.AbstractWidget.m_6375_(AbstractWidget.java:175) ~[client-1.20.1-20230612.114412-srg.jar%23352!/:?]
	at net.minecraft.client.gui.components.events.ContainerEventHandler.m_6375_(ContainerEventHandler.java:38) ~[client-1.20.1-20230612.114412-srg.jar%23352!/:?]
	at net.minecraft.client.MouseHandler.m_168084_(MouseHandler.java:92) ~[client-1.20.1-20230612.114412-srg.jar%23352!/:?]
	at net.minecraft.client.gui.screens.Screen.m_96579_(Screen.java:437) ~[client-1.20.1-20230612.114412-srg.jar%23352!/:?]
	at net.minecraft.client.MouseHandler.m_91530_(MouseHandler.java:89) ~[client-1.20.1-20230612.114412-srg.jar%23352!/:?]
	at net.minecraft.client.MouseHandler.m_168091_(MouseHandler.java:189) ~[client-1.20.1-20230612.114412-srg.jar%23352!/:?]
	at net.minecraft.util.thread.BlockableEventLoop.execute(BlockableEventLoop.java:102) ~[client-1.20.1-20230612.114412-srg.jar%23352!/:?]
	at net.minecraft.client.MouseHandler.m_91565_(MouseHandler.java:188) ~[client-1.20.1-20230612.114412-srg.jar%23352!/:?]
	at org.lwjgl.glfw.GLFWMouseButtonCallbackI.callback(GLFWMouseButtonCallbackI.java:43) ~[lwjgl-glfw-3.3.1.jar%2373!/:build 7]
	at org.lwjgl.system.JNI.invokeV(Native Method) ~[lwjgl-3.3.1.jar%2385!/:build 7]
	at org.lwjgl.glfw.GLFW.glfwWaitEventsTimeout(GLFW.java:3474) ~[lwjgl-glfw-3.3.1.jar%2373!/:build 7]
	at com.mojang.blaze3d.systems.RenderSystem.limitDisplayFPS(RenderSystem.java:237) ~[client-1.20.1-20230612.114412-srg.jar%23352!/:?]
	at net.minecraft.client.Minecraft.m_91383_(Minecraft.java:1173) ~[client-1.20.1-20230612.114412-srg.jar%23352!/:?]
	at net.minecraft.client.Minecraft.m_91374_(Minecraft.java:718) ~[client-1.20.1-20230612.114412-srg.jar%23352!/:?]
	at net.minecraft.client.main.Main.main(Main.java:218) ~[minecraft-1.20.1-client.jar:?]
	at jdk.internal.reflect.NativeMethodAccessorImpl.invoke0(Native Method) ~[?:?]
	at jdk.internal.reflect.NativeMethodAccessorImpl.invoke(NativeMethodAccessorImpl.java:77) ~[?:?]
	at jdk.internal.reflect.DelegatingMethodAccessorImpl.invoke(DelegatingMethodAccessorImpl.java:43) ~[?:?]
	at java.lang.reflect.Method.invoke(Method.java:569) ~[?:?]
	at net.minecraftforge.fml.loading.targets.CommonLaunchHandler.runTarget(CommonLaunchHandler.java:111) ~[fmlloader-1.20.1-47.4.10.jar:?]
	at net.minecraftforge.fml.loading.targets.CommonLaunchHandler.clientService(CommonLaunchHandler.java:99) ~[fmlloader-1.20.1-47.4.10.jar:?]
	at net.minecraftforge.fml.loading.targets.CommonClientLaunchHandler.lambda$makeService$0(CommonClientLaunchHandler.java:25) ~[fmlloader-1.20.1-47.4.10.jar:?]
	at cpw.mods.modlauncher.LaunchServiceHandlerDecorator.launch(LaunchServiceHandlerDecorator.java:30) ~[modlauncher-10.0.9.jar:?]
	at cpw.mods.modlauncher.LaunchServiceHandler.launch(LaunchServiceHandler.java:53) ~[modlauncher-10.0.9.jar:?]
	at cpw.mods.modlauncher.LaunchServiceHandler.launch(LaunchServiceHandler.java:71) ~[modlauncher-10.0.9.jar:?]
	at cpw.mods.modlauncher.Launcher.run(Launcher.java:108) ~[modlauncher-10.0.9.jar:?]
	at cpw.mods.modlauncher.Launcher.main(Launcher.java:78) ~[modlauncher-10.0.9.jar:?]
	at cpw.mods.modlauncher.BootstrapLaunchConsumer.accept(BootstrapLaunchConsumer.java:26) ~[modlauncher-10.0.9.jar:?]
	at cpw.mods.modlauncher.BootstrapLaunchConsumer.accept(BootstrapLaunchConsumer.java:23) ~[modlauncher-10.0.9.jar:?]
	at cpw.mods.bootstraplauncher.BootstrapLauncher.main(BootstrapLauncher.java:141) ~[bootstraplauncher-1.1.2.jar:?]
	at jdk.internal.reflect.NativeMethodAccessorImpl.invoke0(Native Method) ~[?:?]
	at jdk.internal.reflect.NativeMethodAccessorImpl.invoke(NativeMethodAccessorImpl.java:77) ~[?:?]
	at jdk.internal.reflect.DelegatingMethodAccessorImpl.invoke(DelegatingMethodAccessorImpl.java:43) ~[?:?]
	at java.lang.reflect.Method.invoke(Method.java:569) ~[?:?]
	at io.github.zekerzhayard.forgewrapper.installer.Main.main(Main.java:67) ~[?:?]
	at org.prismlauncher.launcher.impl.StandardLauncher.launch(StandardLauncher.java:115) ~[?:?]
	at org.prismlauncher.EntryPoint.listen(EntryPoint.java:129) ~[?:?]
	at org.prismlauncher.EntryPoint.main(EntryPoint.java:70) ~[?:?]
[28Mar2026 04:55:34.845] [Render thread/ERROR] [net.minecraft.world.item.crafting.RecipeManager/]: Parsing error loading recipe miners_delight:calamari_roll
com.google.gson.JsonSyntaxException: Unknown item 'culturaldelights:calamari_roll'
	at net.minecraftforge.common.crafting.CraftingHelper.getItem(CraftingHelper.java:160) ~[forge-1.20.1-47.4.10-universal.jar%23357!/:?]
	at net.minecraftforge.common.crafting.CraftingHelper.getItemStack(CraftingHelper.java:186) ~[forge-1.20.1-47.4.10-universal.jar%23357!/:?]
	at net.minecraft.world.item.crafting.ShapedRecipe.m_151274_(ShapedRecipe.java:286) ~[client-1.20.1-20230612.114412-srg.jar%23352!/:?]
	at net.minecraft.world.item.crafting.ShapelessRecipe$Serializer.m_6729_(ShapelessRecipe.java:95) ~[client-1.20.1-20230612.114412-srg.jar%23352!/:?]
	at net.minecraft.world.item.crafting.ShapelessRecipe$Serializer.m_6729_(ShapelessRecipe.java:84) ~[client-1.20.1-20230612.114412-srg.jar%23352!/:?]
	at net.minecraftforge.common.extensions.IForgeRecipeSerializer.fromJson(IForgeRecipeSerializer.java:23) ~[forge-1.20.1-47.4.10-universal.jar%23357!/:?]
	at net.minecraft.world.item.crafting.RecipeManager.fromJson(RecipeManager.java:171) ~[client-1.20.1-20230612.114412-srg.jar%23352!/:?]
	at net.minecraft.world.item.crafting.RecipeManager.m_5787_(RecipeManager.java:67) ~[client-1.20.1-20230612.114412-srg.jar%23352!/:?]
	at net.minecraft.world.item.crafting.RecipeManager.m_5787_(RecipeManager.java:34) ~[client-1.20.1-20230612.114412-srg.jar%23352!/:?]
	at net.minecraft.server.packs.resources.SimplePreparableReloadListener.m_10789_(SimplePreparableReloadListener.java:13) ~[client-1.20.1-20230612.114412-srg.jar%23352!/:?]
	at java.util.concurrent.CompletableFuture$UniAccept.tryFire(CompletableFuture.java:718) ~[?:?]
	at java.util.concurrent.CompletableFuture$Completion.run(CompletableFuture.java:482) ~[?:?]
	at net.minecraft.server.packs.resources.SimpleReloadInstance.m_143940_(SimpleReloadInstance.java:69) ~[client-1.20.1-20230612.114412-srg.jar%23352!/:?]
	at net.minecraft.util.thread.BlockableEventLoop.m_6367_(BlockableEventLoop.java:156) ~[client-1.20.1-20230612.114412-srg.jar%23352!/:?]
	at net.minecraft.util.thread.ReentrantBlockableEventLoop.m_6367_(ReentrantBlockableEventLoop.java:23) ~[client-1.20.1-20230612.114412-srg.jar%23352!/:?]
	at net.minecraft.util.thread.BlockableEventLoop.m_7245_(BlockableEventLoop.java:130) ~[client-1.20.1-20230612.114412-srg.jar%23352!/:?]
	at net.minecraft.util.thread.BlockableEventLoop.m_18701_(BlockableEventLoop.java:139) ~[client-1.20.1-20230612.114412-srg.jar%23352!/:?]
	at net.minecraft.client.gui.screens.worldselection.CreateWorldScreen.m_232896_(CreateWorldScreen.java:131) ~[client-1.20.1-20230612.114412-srg.jar%23352!/:?]
	at net.minecraft.client.gui.screens.worldselection.SelectWorldScreen.m_279861_(SelectWorldScreen.java:60) ~[client-1.20.1-20230612.114412-srg.jar%23352!/:?]
	at net.minecraft.client.gui.components.Button.m_5691_(Button.java:38) ~[client-1.20.1-20230612.114412-srg.jar%23352!/:?]
	at net.minecraft.client.gui.components.AbstractButton.m_5716_(AbstractButton.java:55) ~[client-1.20.1-20230612.114412-srg.jar%23352!/:?]
	at net.minecraft.client.gui.components.AbstractWidget.m_6375_(AbstractWidget.java:175) ~[client-1.20.1-20230612.114412-srg.jar%23352!/:?]
	at net.minecraft.client.gui.components.events.ContainerEventHandler.m_6375_(ContainerEventHandler.java:38) ~[client-1.20.1-20230612.114412-srg.jar%23352!/:?]
	at net.minecraft.client.MouseHandler.m_168084_(MouseHandler.java:92) ~[client-1.20.1-20230612.114412-srg.jar%23352!/:?]
	at net.minecraft.client.gui.screens.Screen.m_96579_(Screen.java:437) ~[client-1.20.1-20230612.114412-srg.jar%23352!/:?]
	at net.minecraft.client.MouseHandler.m_91530_(MouseHandler.java:89) ~[client-1.20.1-20230612.114412-srg.jar%23352!/:?]
	at net.minecraft.client.MouseHandler.m_168091_(MouseHandler.java:189) ~[client-1.20.1-20230612.114412-srg.jar%23352!/:?]
	at net.minecraft.util.thread.BlockableEventLoop.execute(BlockableEventLoop.java:102) ~[client-1.20.1-20230612.114412-srg.jar%23352!/:?]
	at net.minecraft.client.MouseHandler.m_91565_(MouseHandler.java:188) ~[client-1.20.1-20230612.114412-srg.jar%23352!/:?]
	at org.lwjgl.glfw.GLFWMouseButtonCallbackI.callback(GLFWMouseButtonCallbackI.java:43) ~[lwjgl-glfw-3.3.1.jar%2373!/:build 7]
	at org.lwjgl.system.JNI.invokeV(Native Method) ~[lwjgl-3.3.1.jar%2385!/:build 7]
	at org.lwjgl.glfw.GLFW.glfwWaitEventsTimeout(GLFW.java:3474) ~[lwjgl-glfw-3.3.1.jar%2373!/:build 7]
	at com.mojang.blaze3d.systems.RenderSystem.limitDisplayFPS(RenderSystem.java:237) ~[client-1.20.1-20230612.114412-srg.jar%23352!/:?]
	at net.minecraft.client.Minecraft.m_91383_(Minecraft.java:1173) ~[client-1.20.1-20230612.114412-srg.jar%23352!/:?]
	at net.minecraft.client.Minecraft.m_91374_(Minecraft.java:718) ~[client-1.20.1-20230612.114412-srg.jar%23352!/:?]
	at net.minecraft.client.main.Main.main(Main.java:218) ~[minecraft-1.20.1-client.jar:?]
	at jdk.internal.reflect.NativeMethodAccessorImpl.invoke0(Native Method) ~[?:?]
	at jdk.internal.reflect.NativeMethodAccessorImpl.invoke(NativeMethodAccessorImpl.java:77) ~[?:?]
	at jdk.internal.reflect.DelegatingMethodAccessorImpl.invoke(DelegatingMethodAccessorImpl.java:43) ~[?:?]
	at java.lang.reflect.Method.invoke(Method.java:569) ~[?:?]
	at net.minecraftforge.fml.loading.targets.CommonLaunchHandler.runTarget(CommonLaunchHandler.java:111) ~[fmlloader-1.20.1-47.4.10.jar:?]
	at net.minecraftforge.fml.loading.targets.CommonLaunchHandler.clientService(CommonLaunchHandler.java:99) ~[fmlloader-1.20.1-47.4.10.jar:?]
	at net.minecraftforge.fml.loading.targets.CommonClientLaunchHandler.lambda$makeService$0(CommonClientLaunchHandler.java:25) ~[fmlloader-1.20.1-47.4.10.jar:?]
	at cpw.mods.modlauncher.LaunchServiceHandlerDecorator.launch(LaunchServiceHandlerDecorator.java:30) ~[modlauncher-10.0.9.jar:?]
	at cpw.mods.modlauncher.LaunchServiceHandler.launch(LaunchServiceHandler.java:53) ~[modlauncher-10.0.9.jar:?]
	at cpw.mods.modlauncher.LaunchServiceHandler.launch(LaunchServiceHandler.java:71) ~[modlauncher-10.0.9.jar:?]
	at cpw.mods.modlauncher.Launcher.run(Launcher.java:108) ~[modlauncher-10.0.9.jar:?]
	at cpw.mods.modlauncher.Launcher.main(Launcher.java:78) ~[modlauncher-10.0.9.jar:?]
	at cpw.mods.modlauncher.BootstrapLaunchConsumer.accept(BootstrapLaunchConsumer.java:26) ~[modlauncher-10.0.9.jar:?]
	at cpw.mods.modlauncher.BootstrapLaunchConsumer.accept(BootstrapLaunchConsumer.java:23) ~[modlauncher-10.0.9.jar:?]
	at cpw.mods.bootstraplauncher.BootstrapLauncher.main(BootstrapLauncher.java:141) ~[bootstraplauncher-1.1.2.jar:?]
	at jdk.internal.reflect.NativeMethodAccessorImpl.invoke0(Native Method) ~[?:?]
	at jdk.internal.reflect.NativeMethodAccessorImpl.invoke(NativeMethodAccessorImpl.java:77) ~[?:?]
	at jdk.internal.reflect.DelegatingMethodAccessorImpl.invoke(DelegatingMethodAccessorImpl.java:43) ~[?:?]
	at java.lang.reflect.Method.invoke(Method.java:569) ~[?:?]
	at io.github.zekerzhayard.forgewrapper.installer.Main.main(Main.java:67) ~[?:?]
	at org.prismlauncher.launcher.impl.StandardLauncher.launch(StandardLauncher.java:115) ~[?:?]
	at org.prismlauncher.EntryPoint.listen(EntryPoint.java:129) ~[?:?]
	at org.prismlauncher.EntryPoint.main(EntryPoint.java:70) ~[?:?]
[28Mar2026 04:55:34.852] [Render thread/ERROR] [net.minecraft.world.item.crafting.RecipeManager/]: Parsing error loading recipe farmersdelight:cooking/pasta_with_meatballs
com.google.gson.JsonSyntaxException: Unknown item 'butchery:minced_beef'
	at net.minecraft.world.item.crafting.ShapedRecipe.m_151280_(ShapedRecipe.java:292) ~[client-1.20.1-20230612.114412-srg.jar%23352!/:?]
	at java.util.Optional.orElseThrow(Optional.java:403) ~[?:?]
	at net.minecraft.world.item.crafting.ShapedRecipe.m_151278_(ShapedRecipe.java:291) ~[client-1.20.1-20230612.114412-srg.jar%23352!/:?]
	at net.minecraft.world.item.crafting.Ingredient.m_43919_(Ingredient.java:219) ~[client-1.20.1-20230612.114412-srg.jar%23352!/:?]
	at net.minecraftforge.common.crafting.VanillaIngredientSerializer.parse(VanillaIngredientSerializer.java:27) ~[forge-1.20.1-47.4.10-universal.jar%23357!/:?]
	at net.minecraftforge.common.crafting.CraftingHelper.getIngredient(CraftingHelper.java:148) ~[forge-1.20.1-47.4.10-universal.jar%23357!/:?]
	at net.minecraft.world.item.crafting.Ingredient.m_288218_(Ingredient.java:194) ~[client-1.20.1-20230612.114412-srg.jar%23352!/:?]
	at net.minecraft.world.item.crafting.Ingredient.m_43917_(Ingredient.java:189) ~[client-1.20.1-20230612.114412-srg.jar%23352!/:?]
	at vectorwing.farmersdelight.common.crafting.CookingPotRecipe$Serializer.readIngredients(CookingPotRecipe.java:199) ~[FarmersDelight-1.20.1-1.2.11.jar%23294!/:1.20.1-1.2.11]
	at vectorwing.farmersdelight.common.crafting.CookingPotRecipe$Serializer.fromJson(CookingPotRecipe.java:176) ~[FarmersDelight-1.20.1-1.2.11.jar%23294!/:1.20.1-1.2.11]
	at vectorwing.farmersdelight.common.crafting.CookingPotRecipe$Serializer.m_6729_(CookingPotRecipe.java:168) ~[FarmersDelight-1.20.1-1.2.11.jar%23294!/:1.20.1-1.2.11]
	at net.minecraftforge.common.extensions.IForgeRecipeSerializer.fromJson(IForgeRecipeSerializer.java:23) ~[forge-1.20.1-47.4.10-universal.jar%23357!/:?]
	at net.minecraft.world.item.crafting.RecipeManager.fromJson(RecipeManager.java:171) ~[client-1.20.1-20230612.114412-srg.jar%23352!/:?]
	at net.minecraft.world.item.crafting.RecipeManager.m_5787_(RecipeManager.java:67) ~[client-1.20.1-20230612.114412-srg.jar%23352!/:?]
	at net.minecraft.world.item.crafting.RecipeManager.m_5787_(RecipeManager.java:34) ~[client-1.20.1-20230612.114412-srg.jar%23352!/:?]
	at net.minecraft.server.packs.resources.SimplePreparableReloadListener.m_10789_(SimplePreparableReloadListener.java:13) ~[client-1.20.1-20230612.114412-srg.jar%23352!/:?]
	at java.util.concurrent.CompletableFuture$UniAccept.tryFire(CompletableFuture.java:718) ~[?:?]
	at java.util.concurrent.CompletableFuture$Completion.run(CompletableFuture.java:482) ~[?:?]
	at net.minecraft.server.packs.resources.SimpleReloadInstance.m_143940_(SimpleReloadInstance.java:69) ~[client-1.20.1-20230612.114412-srg.jar%23352!/:?]
	at net.minecraft.util.thread.BlockableEventLoop.m_6367_(BlockableEventLoop.java:156) ~[client-1.20.1-20230612.114412-srg.jar%23352!/:?]
	at net.minecraft.util.thread.ReentrantBlockableEventLoop.m_6367_(ReentrantBlockableEventLoop.java:23) ~[client-1.20.1-20230612.114412-srg.jar%23352!/:?]
	at net.minecraft.util.thread.BlockableEventLoop.m_7245_(BlockableEventLoop.java:130) ~[client-1.20.1-20230612.114412-srg.jar%23352!/:?]
	at net.minecraft.util.thread.BlockableEventLoop.m_18701_(BlockableEventLoop.java:139) ~[client-1.20.1-20230612.114412-srg.jar%23352!/:?]
	at net.minecraft.client.gui.screens.worldselection.CreateWorldScreen.m_232896_(CreateWorldScreen.java:131) ~[client-1.20.1-20230612.114412-srg.jar%23352!/:?]
	at net.minecraft.client.gui.screens.worldselection.SelectWorldScreen.m_279861_(SelectWorldScreen.java:60) ~[client-1.20.1-20230612.114412-srg.jar%23352!/:?]
	at net.minecraft.client.gui.components.Button.m_5691_(Button.java:38) ~[client-1.20.1-20230612.114412-srg.jar%23352!/:?]
	at net.minecraft.client.gui.components.AbstractButton.m_5716_(AbstractButton.java:55) ~[client-1.20.1-20230612.114412-srg.jar%23352!/:?]
	at net.minecraft.client.gui.components.AbstractWidget.m_6375_(AbstractWidget.java:175) ~[client-1.20.1-20230612.114412-srg.jar%23352!/:?]
	at net.minecraft.client.gui.components.events.ContainerEventHandler.m_6375_(ContainerEventHandler.java:38) ~[client-1.20.1-20230612.114412-srg.jar%23352!/:?]
	at net.minecraft.client.MouseHandler.m_168084_(MouseHandler.java:92) ~[client-1.20.1-20230612.114412-srg.jar%23352!/:?]
	at net.minecraft.client.gui.screens.Screen.m_96579_(Screen.java:437) ~[client-1.20.1-20230612.114412-srg.jar%23352!/:?]
	at net.minecraft.client.MouseHandler.m_91530_(MouseHandler.java:89) ~[client-1.20.1-20230612.114412-srg.jar%23352!/:?]
	at net.minecraft.client.MouseHandler.m_168091_(MouseHandler.java:189) ~[client-1.20.1-20230612.114412-srg.jar%23352!/:?]
	at net.minecraft.util.thread.BlockableEventLoop.execute(BlockableEventLoop.java:102) ~[client-1.20.1-20230612.114412-srg.jar%23352!/:?]
	at net.minecraft.client.MouseHandler.m_91565_(MouseHandler.java:188) ~[client-1.20.1-20230612.114412-srg.jar%23352!/:?]
	at org.lwjgl.glfw.GLFWMouseButtonCallbackI.callback(GLFWMouseButtonCallbackI.java:43) ~[lwjgl-glfw-3.3.1.jar%2373!/:build 7]
	at org.lwjgl.system.JNI.invokeV(Native Method) ~[lwjgl-3.3.1.jar%2385!/:build 7]
	at org.lwjgl.glfw.GLFW.glfwWaitEventsTimeout(GLFW.java:3474) ~[lwjgl-glfw-3.3.1.jar%2373!/:build 7]
	at com.mojang.blaze3d.systems.RenderSystem.limitDisplayFPS(RenderSystem.java:237) ~[client-1.20.1-20230612.114412-srg.jar%23352!/:?]
	at net.minecraft.client.Minecraft.m_91383_(Minecraft.java:1173) ~[client-1.20.1-20230612.114412-srg.jar%23352!/:?]
	at net.minecraft.client.Minecraft.m_91374_(Minecraft.java:718) ~[client-1.20.1-20230612.114412-srg.jar%23352!/:?]
	at net.minecraft.client.main.Main.main(Main.java:218) ~[minecraft-1.20.1-client.jar:?]
	at jdk.internal.reflect.NativeMethodAccessorImpl.invoke0(Native Method) ~[?:?]
	at jdk.internal.reflect.NativeMethodAccessorImpl.invoke(NativeMethodAccessorImpl.java:77) ~[?:?]
	at jdk.internal.reflect.DelegatingMethodAccessorImpl.invoke(DelegatingMethodAccessorImpl.java:43) ~[?:?]
	at java.lang.reflect.Method.invoke(Method.java:569) ~[?:?]
	at net.minecraftforge.fml.loading.targets.CommonLaunchHandler.runTarget(CommonLaunchHandler.java:111) ~[fmlloader-1.20.1-47.4.10.jar:?]
	at net.minecraftforge.fml.loading.targets.CommonLaunchHandler.clientService(CommonLaunchHandler.java:99) ~[fmlloader-1.20.1-47.4.10.jar:?]
	at net.minecraftforge.fml.loading.targets.CommonClientLaunchHandler.lambda$makeService$0(CommonClientLaunchHandler.java:25) ~[fmlloader-1.20.1-47.4.10.jar:?]
	at cpw.mods.modlauncher.LaunchServiceHandlerDecorator.launch(LaunchServiceHandlerDecorator.java:30) ~[modlauncher-10.0.9.jar:?]
	at cpw.mods.modlauncher.LaunchServiceHandler.launch(LaunchServiceHandler.java:53) ~[modlauncher-10.0.9.jar:?]
	at cpw.mods.modlauncher.LaunchServiceHandler.launch(LaunchServiceHandler.java:71) ~[modlauncher-10.0.9.jar:?]
	at cpw.mods.modlauncher.Launcher.run(Launcher.java:108) ~[modlauncher-10.0.9.jar:?]
	at cpw.mods.modlauncher.Launcher.main(Launcher.java:78) ~[modlauncher-10.0.9.jar:?]
	at cpw.mods.modlauncher.BootstrapLaunchConsumer.accept(BootstrapLaunchConsumer.java:26) ~[modlauncher-10.0.9.jar:?]
	at cpw.mods.modlauncher.BootstrapLaunchConsumer.accept(BootstrapLaunchConsumer.java:23) ~[modlauncher-10.0.9.jar:?]
	at cpw.mods.bootstraplauncher.BootstrapLauncher.main(BootstrapLauncher.java:141) ~[bootstraplauncher-1.1.2.jar:?]
	at jdk.internal.reflect.NativeMethodAccessorImpl.invoke0(Native Method) ~[?:?]
	at jdk.internal.reflect.NativeMethodAccessorImpl.invoke(NativeMethodAccessorImpl.java:77) ~[?:?]
	at jdk.internal.reflect.DelegatingMethodAccessorImpl.invoke(DelegatingMethodAccessorImpl.java:43) ~[?:?]
	at java.lang.reflect.Method.invoke(Method.java:569) ~[?:?]
	at io.github.zekerzhayard.forgewrapper.installer.Main.main(Main.java:67) ~[?:?]
	at org.prismlauncher.launcher.impl.StandardLauncher.launch(StandardLauncher.java:115) ~[?:?]
	at org.prismlauncher.EntryPoint.listen(EntryPoint.java:129) ~[?:?]
	at org.prismlauncher.EntryPoint.main(EntryPoint.java:70) ~[?:?]
[28Mar2026 04:55:34.853] [Render thread/ERROR] [net.minecraft.world.item.crafting.RecipeManager/]: Parsing error loading recipe ltc2:compat/dungeonsdelight/monster_cooking/treasure_rotbulb_latiao
com.google.gson.JsonSyntaxException: Invalid or unsupported recipe type 'dungeonsdelight:monster_cooking'
	at net.minecraft.world.item.crafting.RecipeManager.m_220253_(RecipeManager.java:170) ~[client-1.20.1-20230612.114412-srg.jar%23352!/:?]
	at java.util.Optional.orElseThrow(Optional.java:403) ~[?:?]
	at net.minecraft.world.item.crafting.RecipeManager.fromJson(RecipeManager.java:169) ~[client-1.20.1-20230612.114412-srg.jar%23352!/:?]
	at net.minecraft.world.item.crafting.RecipeManager.m_5787_(RecipeManager.java:67) ~[client-1.20.1-20230612.114412-srg.jar%23352!/:?]
	at net.minecraft.world.item.crafting.RecipeManager.m_5787_(RecipeManager.java:34) ~[client-1.20.1-20230612.114412-srg.jar%23352!/:?]
	at net.minecraft.server.packs.resources.SimplePreparableReloadListener.m_10789_(SimplePreparableReloadListener.java:13) ~[client-1.20.1-20230612.114412-srg.jar%23352!/:?]
	at java.util.concurrent.CompletableFuture$UniAccept.tryFire(CompletableFuture.java:718) ~[?:?]
	at java.util.concurrent.CompletableFuture$Completion.run(CompletableFuture.java:482) ~[?:?]
	at net.minecraft.server.packs.resources.SimpleReloadInstance.m_143940_(SimpleReloadInstance.java:69) ~[client-1.20.1-20230612.114412-srg.jar%23352!/:?]
	at net.minecraft.util.thread.BlockableEventLoop.m_6367_(BlockableEventLoop.java:156) ~[client-1.20.1-20230612.114412-srg.jar%23352!/:?]
	at net.minecraft.util.thread.ReentrantBlockableEventLoop.m_6367_(ReentrantBlockableEventLoop.java:23) ~[client-1.20.1-20230612.114412-srg.jar%23352!/:?]
	at net.minecraft.util.thread.BlockableEventLoop.m_7245_(BlockableEventLoop.java:130) ~[client-1.20.1-20230612.114412-srg.jar%23352!/:?]
	at net.minecraft.util.thread.BlockableEventLoop.m_18701_(BlockableEventLoop.java:139) ~[client-1.20.1-20230612.114412-srg.jar%23352!/:?]
	at net.minecraft.client.gui.screens.worldselection.CreateWorldScreen.m_232896_(CreateWorldScreen.java:131) ~[client-1.20.1-20230612.114412-srg.jar%23352!/:?]
	at net.minecraft.client.gui.screens.worldselection.SelectWorldScreen.m_279861_(SelectWorldScreen.java:60) ~[client-1.20.1-20230612.114412-srg.jar%23352!/:?]
	at net.minecraft.client.gui.components.Button.m_5691_(Button.java:38) ~[client-1.20.1-20230612.114412-srg.jar%23352!/:?]
	at net.minecraft.client.gui.components.AbstractButton.m_5716_(AbstractButton.java:55) ~[client-1.20.1-20230612.114412-srg.jar%23352!/:?]
	at net.minecraft.client.gui.components.AbstractWidget.m_6375_(AbstractWidget.java:175) ~[client-1.20.1-20230612.114412-srg.jar%23352!/:?]
	at net.minecraft.client.gui.components.events.ContainerEventHandler.m_6375_(ContainerEventHandler.java:38) ~[client-1.20.1-20230612.114412-srg.jar%23352!/:?]
	at net.minecraft.client.MouseHandler.m_168084_(MouseHandler.java:92) ~[client-1.20.1-20230612.114412-srg.jar%23352!/:?]
	at net.minecraft.client.gui.screens.Screen.m_96579_(Screen.java:437) ~[client-1.20.1-20230612.114412-srg.jar%23352!/:?]
	at net.minecraft.client.MouseHandler.m_91530_(MouseHandler.java:89) ~[client-1.20.1-20230612.114412-srg.jar%23352!/:?]
	at net.minecraft.client.MouseHandler.m_168091_(MouseHandler.java:189) ~[client-1.20.1-20230612.114412-srg.jar%23352!/:?]
	at net.minecraft.util.thread.BlockableEventLoop.execute(BlockableEventLoop.java:102) ~[client-1.20.1-20230612.114412-srg.jar%23352!/:?]
	at net.minecraft.client.MouseHandler.m_91565_(MouseHandler.java:188) ~[client-1.20.1-20230612.114412-srg.jar%23352!/:?]
	at org.lwjgl.glfw.GLFWMouseButtonCallbackI.callback(GLFWMouseButtonCallbackI.java:43) ~[lwjgl-glfw-3.3.1.jar%2373!/:build 7]
	at org.lwjgl.system.JNI.invokeV(Native Method) ~[lwjgl-3.3.1.jar%2385!/:build 7]
	at org.lwjgl.glfw.GLFW.glfwWaitEventsTimeout(GLFW.java:3474) ~[lwjgl-glfw-3.3.1.jar%2373!/:build 7]
	at com.mojang.blaze3d.systems.RenderSystem.limitDisplayFPS(RenderSystem.java:237) ~[client-1.20.1-20230612.114412-srg.jar%23352!/:?]
	at net.minecraft.client.Minecraft.m_91383_(Minecraft.java:1173) ~[client-1.20.1-20230612.114412-srg.jar%23352!/:?]
	at net.minecraft.client.Minecraft.m_91374_(Minecraft.java:718) ~[client-1.20.1-20230612.114412-srg.jar%23352!/:?]
	at net.minecraft.client.main.Main.main(Main.java:218) ~[minecraft-1.20.1-client.jar:?]
	at jdk.internal.reflect.NativeMethodAccessorImpl.invoke0(Native Method) ~[?:?]
	at jdk.internal.reflect.NativeMethodAccessorImpl.invoke(NativeMethodAccessorImpl.java:77) ~[?:?]
	at jdk.internal.reflect.DelegatingMethodAccessorImpl.invoke(DelegatingMethodAccessorImpl.java:43) ~[?:?]
	at java.lang.reflect.Method.invoke(Method.java:569) ~[?:?]
	at net.minecraftforge.fml.loading.targets.CommonLaunchHandler.runTarget(CommonLaunchHandler.java:111) ~[fmlloader-1.20.1-47.4.10.jar:?]
	at net.minecraftforge.fml.loading.targets.CommonLaunchHandler.clientService(CommonLaunchHandler.java:99) ~[fmlloader-1.20.1-47.4.10.jar:?]
	at net.minecraftforge.fml.loading.targets.CommonClientLaunchHandler.lambda$makeService$0(CommonClientLaunchHandler.java:25) ~[fmlloader-1.20.1-47.4.10.jar:?]
	at cpw.mods.modlauncher.LaunchServiceHandlerDecorator.launch(LaunchServiceHandlerDecorator.java:30) ~[modlauncher-10.0.9.jar:?]
	at cpw.mods.modlauncher.LaunchServiceHandler.launch(LaunchServiceHandler.java:53) ~[modlauncher-10.0.9.jar:?]
	at cpw.mods.modlauncher.LaunchServiceHandler.launch(LaunchServiceHandler.java:71) ~[modlauncher-10.0.9.jar:?]
	at cpw.mods.modlauncher.Launcher.run(Launcher.java:108) ~[modlauncher-10.0.9.jar:?]
	at cpw.mods.modlauncher.Launcher.main(Launcher.java:78) ~[modlauncher-10.0.9.jar:?]
	at cpw.mods.modlauncher.BootstrapLaunchConsumer.accept(BootstrapLaunchConsumer.java:26) ~[modlauncher-10.0.9.jar:?]
	at cpw.mods.modlauncher.BootstrapLaunchConsumer.accept(BootstrapLaunchConsumer.java:23) ~[modlauncher-10.0.9.jar:?]
	at cpw.mods.bootstraplauncher.BootstrapLauncher.main(BootstrapLauncher.java:141) ~[bootstraplauncher-1.1.2.jar:?]
	at jdk.internal.reflect.NativeMethodAccessorImpl.invoke0(Native Method) ~[?:?]
	at jdk.internal.reflect.NativeMethodAccessorImpl.invoke(NativeMethodAccessorImpl.java:77) ~[?:?]
	at jdk.internal.reflect.DelegatingMethodAccessorImpl.invoke(DelegatingMethodAccessorImpl.java:43) ~[?:?]
	at java.lang.reflect.Method.invoke(Method.java:569) ~[?:?]
	at io.github.zekerzhayard.forgewrapper.installer.Main.main(Main.java:67) ~[?:?]
	at org.prismlauncher.launcher.impl.StandardLauncher.launch(StandardLauncher.java:115) ~[?:?]
	at org.prismlauncher.EntryPoint.listen(EntryPoint.java:129) ~[?:?]
	at org.prismlauncher.EntryPoint.main(EntryPoint.java:70) ~[?:?]
[28Mar2026 04:55:34.858] [Render thread/ERROR] [net.minecraft.world.item.crafting.RecipeManager/]: Parsing error loading recipe ltc2:compat/immortalers_delight/enchantal_cooler/illage_sundae
com.google.gson.JsonSyntaxException: Invalid or unsupported recipe type 'immortalers_delight:enchantal_cooler'
	at net.minecraft.world.item.crafting.RecipeManager.m_220253_(RecipeManager.java:170) ~[client-1.20.1-20230612.114412-srg.jar%23352!/:?]
	at java.util.Optional.orElseThrow(Optional.java:403) ~[?:?]
	at net.minecraft.world.item.crafting.RecipeManager.fromJson(RecipeManager.java:169) ~[client-1.20.1-20230612.114412-srg.jar%23352!/:?]
	at net.minecraft.world.item.crafting.RecipeManager.m_5787_(RecipeManager.java:67) ~[client-1.20.1-20230612.114412-srg.jar%23352!/:?]
	at net.minecraft.world.item.crafting.RecipeManager.m_5787_(RecipeManager.java:34) ~[client-1.20.1-20230612.114412-srg.jar%23352!/:?]
	at net.minecraft.server.packs.resources.SimplePreparableReloadListener.m_10789_(SimplePreparableReloadListener.java:13) ~[client-1.20.1-20230612.114412-srg.jar%23352!/:?]
	at java.util.concurrent.CompletableFuture$UniAccept.tryFire(CompletableFuture.java:718) ~[?:?]
	at java.util.concurrent.CompletableFuture$Completion.run(CompletableFuture.java:482) ~[?:?]
	at net.minecraft.server.packs.resources.SimpleReloadInstance.m_143940_(SimpleReloadInstance.java:69) ~[client-1.20.1-20230612.114412-srg.jar%23352!/:?]
	at net.minecraft.util.thread.BlockableEventLoop.m_6367_(BlockableEventLoop.java:156) ~[client-1.20.1-20230612.114412-srg.jar%23352!/:?]
	at net.minecraft.util.thread.ReentrantBlockableEventLoop.m_6367_(ReentrantBlockableEventLoop.java:23) ~[client-1.20.1-20230612.114412-srg.jar%23352!/:?]
	at net.minecraft.util.thread.BlockableEventLoop.m_7245_(BlockableEventLoop.java:130) ~[client-1.20.1-20230612.114412-srg.jar%23352!/:?]
	at net.minecraft.util.thread.BlockableEventLoop.m_18701_(BlockableEventLoop.java:139) ~[client-1.20.1-20230612.114412-srg.jar%23352!/:?]
	at net.minecraft.client.gui.screens.worldselection.CreateWorldScreen.m_232896_(CreateWorldScreen.java:131) ~[client-1.20.1-20230612.114412-srg.jar%23352!/:?]
	at net.minecraft.client.gui.screens.worldselection.SelectWorldScreen.m_279861_(SelectWorldScreen.java:60) ~[client-1.20.1-20230612.114412-srg.jar%23352!/:?]
	at net.minecraft.client.gui.components.Button.m_5691_(Button.java:38) ~[client-1.20.1-20230612.114412-srg.jar%23352!/:?]
	at net.minecraft.client.gui.components.AbstractButton.m_5716_(AbstractButton.java:55) ~[client-1.20.1-20230612.114412-srg.jar%23352!/:?]
	at net.minecraft.client.gui.components.AbstractWidget.m_6375_(AbstractWidget.java:175) ~[client-1.20.1-20230612.114412-srg.jar%23352!/:?]
	at net.minecraft.client.gui.components.events.ContainerEventHandler.m_6375_(ContainerEventHandler.java:38) ~[client-1.20.1-20230612.114412-srg.jar%23352!/:?]
	at net.minecraft.client.MouseHandler.m_168084_(MouseHandler.java:92) ~[client-1.20.1-20230612.114412-srg.jar%23352!/:?]
	at net.minecraft.client.gui.screens.Screen.m_96579_(Screen.java:437) ~[client-1.20.1-20230612.114412-srg.jar%23352!/:?]
	at net.minecraft.client.MouseHandler.m_91530_(MouseHandler.java:89) ~[client-1.20.1-20230612.114412-srg.jar%23352!/:?]
	at net.minecraft.client.MouseHandler.m_168091_(MouseHandler.java:189) ~[client-1.20.1-20230612.114412-srg.jar%23352!/:?]
	at net.minecraft.util.thread.BlockableEventLoop.execute(BlockableEventLoop.java:102) ~[client-1.20.1-20230612.114412-srg.jar%23352!/:?]
	at net.minecraft.client.MouseHandler.m_91565_(MouseHandler.java:188) ~[client-1.20.1-20230612.114412-srg.jar%23352!/:?]
	at org.lwjgl.glfw.GLFWMouseButtonCallbackI.callback(GLFWMouseButtonCallbackI.java:43) ~[lwjgl-glfw-3.3.1.jar%2373!/:build 7]
	at org.lwjgl.system.JNI.invokeV(Native Method) ~[lwjgl-3.3.1.jar%2385!/:build 7]
	at org.lwjgl.glfw.GLFW.glfwWaitEventsTimeout(GLFW.java:3474) ~[lwjgl-glfw-3.3.1.jar%2373!/:build 7]
	at com.mojang.blaze3d.systems.RenderSystem.limitDisplayFPS(RenderSystem.java:237) ~[client-1.20.1-20230612.114412-srg.jar%23352!/:?]
	at net.minecraft.client.Minecraft.m_91383_(Minecraft.java:1173) ~[client-1.20.1-20230612.114412-srg.jar%23352!/:?]
	at net.minecraft.client.Minecraft.m_91374_(Minecraft.java:718) ~[client-1.20.1-20230612.114412-srg.jar%23352!/:?]
	at net.minecraft.client.main.Main.main(Main.java:218) ~[minecraft-1.20.1-client.jar:?]
	at jdk.internal.reflect.NativeMethodAccessorImpl.invoke0(Native Method) ~[?:?]
	at jdk.internal.reflect.NativeMethodAccessorImpl.invoke(NativeMethodAccessorImpl.java:77) ~[?:?]
	at jdk.internal.reflect.DelegatingMethodAccessorImpl.invoke(DelegatingMethodAccessorImpl.java:43) ~[?:?]
	at java.lang.reflect.Method.invoke(Method.java:569) ~[?:?]
	at net.minecraftforge.fml.loading.targets.CommonLaunchHandler.runTarget(CommonLaunchHandler.java:111) ~[fmlloader-1.20.1-47.4.10.jar:?]
	at net.minecraftforge.fml.loading.targets.CommonLaunchHandler.clientService(CommonLaunchHandler.java:99) ~[fmlloader-1.20.1-47.4.10.jar:?]
	at net.minecraftforge.fml.loading.targets.CommonClientLaunchHandler.lambda$makeService$0(CommonClientLaunchHandler.java:25) ~[fmlloader-1.20.1-47.4.10.jar:?]
	at cpw.mods.modlauncher.LaunchServiceHandlerDecorator.launch(LaunchServiceHandlerDecorator.java:30) ~[modlauncher-10.0.9.jar:?]
	at cpw.mods.modlauncher.LaunchServiceHandler.launch(LaunchServiceHandler.java:53) ~[modlauncher-10.0.9.jar:?]
	at cpw.mods.modlauncher.LaunchServiceHandler.launch(LaunchServiceHandler.java:71) ~[modlauncher-10.0.9.jar:?]
	at cpw.mods.modlauncher.Launcher.run(Launcher.java:108) ~[modlauncher-10.0.9.jar:?]
	at cpw.mods.modlauncher.Launcher.main(Launcher.java:78) ~[modlauncher-10.0.9.jar:?]
	at cpw.mods.modlauncher.BootstrapLaunchConsumer.accept(BootstrapLaunchConsumer.java:26) ~[modlauncher-10.0.9.jar:?]
	at cpw.mods.modlauncher.BootstrapLaunchConsumer.accept(BootstrapLaunchConsumer.java:23) ~[modlauncher-10.0.9.jar:?]
	at cpw.mods.bootstraplauncher.BootstrapLauncher.main(BootstrapLauncher.java:141) ~[bootstraplauncher-1.1.2.jar:?]
	at jdk.internal.reflect.NativeMethodAccessorImpl.invoke0(Native Method) ~[?:?]
	at jdk.internal.reflect.NativeMethodAccessorImpl.invoke(NativeMethodAccessorImpl.java:77) ~[?:?]
	at jdk.internal.reflect.DelegatingMethodAccessorImpl.invoke(DelegatingMethodAccessorImpl.java:43) ~[?:?]
	at java.lang.reflect.Method.invoke(Method.java:569) ~[?:?]
	at io.github.zekerzhayard.forgewrapper.installer.Main.main(Main.java:67) ~[?:?]
	at org.prismlauncher.launcher.impl.StandardLauncher.launch(StandardLauncher.java:115) ~[?:?]
	at org.prismlauncher.EntryPoint.listen(EntryPoint.java:129) ~[?:?]
	at org.prismlauncher.EntryPoint.main(EntryPoint.java:70) ~[?:?]
[28Mar2026 04:55:34.859] [Render thread/ERROR] [net.minecraft.world.item.crafting.RecipeManager/]: Parsing error loading recipe ltc2:compat/jeed/blood_sucker
com.google.gson.JsonSyntaxException: Invalid or unsupported recipe type 'jeed:effect_provider'
	at net.minecraft.world.item.crafting.RecipeManager.m_220253_(RecipeManager.java:170) ~[client-1.20.1-20230612.114412-srg.jar%23352!/:?]
	at java.util.Optional.orElseThrow(Optional.java:403) ~[?:?]
	at net.minecraft.world.item.crafting.RecipeManager.fromJson(RecipeManager.java:169) ~[client-1.20.1-20230612.114412-srg.jar%23352!/:?]
	at net.minecraft.world.item.crafting.RecipeManager.m_5787_(RecipeManager.java:67) ~[client-1.20.1-20230612.114412-srg.jar%23352!/:?]
	at net.minecraft.world.item.crafting.RecipeManager.m_5787_(RecipeManager.java:34) ~[client-1.20.1-20230612.114412-srg.jar%23352!/:?]
	at net.minecraft.server.packs.resources.SimplePreparableReloadListener.m_10789_(SimplePreparableReloadListener.java:13) ~[client-1.20.1-20230612.114412-srg.jar%23352!/:?]
	at java.util.concurrent.CompletableFuture$UniAccept.tryFire(CompletableFuture.java:718) ~[?:?]
	at java.util.concurrent.CompletableFuture$Completion.run(CompletableFuture.java:482) ~[?:?]
	at net.minecraft.server.packs.resources.SimpleReloadInstance.m_143940_(SimpleReloadInstance.java:69) ~[client-1.20.1-20230612.114412-srg.jar%23352!/:?]
	at net.minecraft.util.thread.BlockableEventLoop.m_6367_(BlockableEventLoop.java:156) ~[client-1.20.1-20230612.114412-srg.jar%23352!/:?]
	at net.minecraft.util.thread.ReentrantBlockableEventLoop.m_6367_(ReentrantBlockableEventLoop.java:23) ~[client-1.20.1-20230612.114412-srg.jar%23352!/:?]
	at net.minecraft.util.thread.BlockableEventLoop.m_7245_(BlockableEventLoop.java:130) ~[client-1.20.1-20230612.114412-srg.jar%23352!/:?]
	at net.minecraft.util.thread.BlockableEventLoop.m_18701_(BlockableEventLoop.java:139) ~[client-1.20.1-20230612.114412-srg.jar%23352!/:?]
	at net.minecraft.client.gui.screens.worldselection.CreateWorldScreen.m_232896_(CreateWorldScreen.java:131) ~[client-1.20.1-20230612.114412-srg.jar%23352!/:?]
	at net.minecraft.client.gui.screens.worldselection.SelectWorldScreen.m_279861_(SelectWorldScreen.java:60) ~[client-1.20.1-20230612.114412-srg.jar%23352!/:?]
	at net.minecraft.client.gui.components.Button.m_5691_(Button.java:38) ~[client-1.20.1-20230612.114412-srg.jar%23352!/:?]
	at net.minecraft.client.gui.components.AbstractButton.m_5716_(AbstractButton.java:55) ~[client-1.20.1-20230612.114412-srg.jar%23352!/:?]
	at net.minecraft.client.gui.components.AbstractWidget.m_6375_(AbstractWidget.java:175) ~[client-1.20.1-20230612.114412-srg.jar%23352!/:?]
	at net.minecraft.client.gui.components.events.ContainerEventHandler.m_6375_(ContainerEventHandler.java:38) ~[client-1.20.1-20230612.114412-srg.jar%23352!/:?]
	at net.minecraft.client.MouseHandler.m_168084_(MouseHandler.java:92) ~[client-1.20.1-20230612.114412-srg.jar%23352!/:?]
	at net.minecraft.client.gui.screens.Screen.m_96579_(Screen.java:437) ~[client-1.20.1-20230612.114412-srg.jar%23352!/:?]
	at net.minecraft.client.MouseHandler.m_91530_(MouseHandler.java:89) ~[client-1.20.1-20230612.114412-srg.jar%23352!/:?]
	at net.minecraft.client.MouseHandler.m_168091_(MouseHandler.java:189) ~[client-1.20.1-20230612.114412-srg.jar%23352!/:?]
	at net.minecraft.util.thread.BlockableEventLoop.execute(BlockableEventLoop.java:102) ~[client-1.20.1-20230612.114412-srg.jar%23352!/:?]
	at net.minecraft.client.MouseHandler.m_91565_(MouseHandler.java:188) ~[client-1.20.1-20230612.114412-srg.jar%23352!/:?]
	at org.lwjgl.glfw.GLFWMouseButtonCallbackI.callback(GLFWMouseButtonCallbackI.java:43) ~[lwjgl-glfw-3.3.1.jar%2373!/:build 7]
	at org.lwjgl.system.JNI.invokeV(Native Method) ~[lwjgl-3.3.1.jar%2385!/:build 7]
	at org.lwjgl.glfw.GLFW.glfwWaitEventsTimeout(GLFW.java:3474) ~[lwjgl-glfw-3.3.1.jar%2373!/:build 7]
	at com.mojang.blaze3d.systems.RenderSystem.limitDisplayFPS(RenderSystem.java:237) ~[client-1.20.1-20230612.114412-srg.jar%23352!/:?]
	at net.minecraft.client.Minecraft.m_91383_(Minecraft.java:1173) ~[client-1.20.1-20230612.114412-srg.jar%23352!/:?]
	at net.minecraft.client.Minecraft.m_91374_(Minecraft.java:718) ~[client-1.20.1-20230612.114412-srg.jar%23352!/:?]
	at net.minecraft.client.main.Main.main(Main.java:218) ~[minecraft-1.20.1-client.jar:?]
	at jdk.internal.reflect.NativeMethodAccessorImpl.invoke0(Native Method) ~[?:?]
	at jdk.internal.reflect.NativeMethodAccessorImpl.invoke(NativeMethodAccessorImpl.java:77) ~[?:?]
	at jdk.internal.reflect.DelegatingMethodAccessorImpl.invoke(DelegatingMethodAccessorImpl.java:43) ~[?:?]
	at java.lang.reflect.Method.invoke(Method.java:569) ~[?:?]
	at net.minecraftforge.fml.loading.targets.CommonLaunchHandler.runTarget(CommonLaunchHandler.java:111) ~[fmlloader-1.20.1-47.4.10.jar:?]
	at net.minecraftforge.fml.loading.targets.CommonLaunchHandler.clientService(CommonLaunchHandler.java:99) ~[fmlloader-1.20.1-47.4.10.jar:?]
	at net.minecraftforge.fml.loading.targets.CommonClientLaunchHandler.lambda$makeService$0(CommonClientLaunchHandler.java:25) ~[fmlloader-1.20.1-47.4.10.jar:?]
	at cpw.mods.modlauncher.LaunchServiceHandlerDecorator.launch(LaunchServiceHandlerDecorator.java:30) ~[modlauncher-10.0.9.jar:?]
	at cpw.mods.modlauncher.LaunchServiceHandler.launch(LaunchServiceHandler.java:53) ~[modlauncher-10.0.9.jar:?]
	at cpw.mods.modlauncher.LaunchServiceHandler.launch(LaunchServiceHandler.java:71) ~[modlauncher-10.0.9.jar:?]
	at cpw.mods.modlauncher.Launcher.run(Launcher.java:108) ~[modlauncher-10.0.9.jar:?]
	at cpw.mods.modlauncher.Launcher.main(Launcher.java:78) ~[modlauncher-10.0.9.jar:?]
	at cpw.mods.modlauncher.BootstrapLaunchConsumer.accept(BootstrapLaunchConsumer.java:26) ~[modlauncher-10.0.9.jar:?]
	at cpw.mods.modlauncher.BootstrapLaunchConsumer.accept(BootstrapLaunchConsumer.java:23) ~[modlauncher-10.0.9.jar:?]
	at cpw.mods.bootstraplauncher.BootstrapLauncher.main(BootstrapLauncher.java:141) ~[bootstraplauncher-1.1.2.jar:?]
	at jdk.internal.reflect.NativeMethodAccessorImpl.invoke0(Native Method) ~[?:?]
	at jdk.internal.reflect.NativeMethodAccessorImpl.invoke(NativeMethodAccessorImpl.java:77) ~[?:?]
	at jdk.internal.reflect.DelegatingMethodAccessorImpl.invoke(DelegatingMethodAccessorImpl.java:43) ~[?:?]
	at java.lang.reflect.Method.invoke(Method.java:569) ~[?:?]
	at io.github.zekerzhayard.forgewrapper.installer.Main.main(Main.java:67) ~[?:?]
	at org.prismlauncher.launcher.impl.StandardLauncher.launch(StandardLauncher.java:115) ~[?:?]
	at org.prismlauncher.EntryPoint.listen(EntryPoint.java:129) ~[?:?]
	at org.prismlauncher.EntryPoint.main(EntryPoint.java:70) ~[?:?]
[28Mar2026 04:55:34.860] [Render thread/ERROR] [net.minecraft.world.item.crafting.RecipeManager/]: Parsing error loading recipe ltc2:compat/jeed/speed
com.google.gson.JsonSyntaxException: Invalid or unsupported recipe type 'jeed:effect_provider'
	at net.minecraft.world.item.crafting.RecipeManager.m_220253_(RecipeManager.java:170) ~[client-1.20.1-20230612.114412-srg.jar%23352!/:?]
	at java.util.Optional.orElseThrow(Optional.java:403) ~[?:?]
	at net.minecraft.world.item.crafting.RecipeManager.fromJson(RecipeManager.java:169) ~[client-1.20.1-20230612.114412-srg.jar%23352!/:?]
	at net.minecraft.world.item.crafting.RecipeManager.m_5787_(RecipeManager.java:67) ~[client-1.20.1-20230612.114412-srg.jar%23352!/:?]
	at net.minecraft.world.item.crafting.RecipeManager.m_5787_(RecipeManager.java:34) ~[client-1.20.1-20230612.114412-srg.jar%23352!/:?]
	at net.minecraft.server.packs.resources.SimplePreparableReloadListener.m_10789_(SimplePreparableReloadListener.java:13) ~[client-1.20.1-20230612.114412-srg.jar%23352!/:?]
	at java.util.concurrent.CompletableFuture$UniAccept.tryFire(CompletableFuture.java:718) ~[?:?]
	at java.util.concurrent.CompletableFuture$Completion.run(CompletableFuture.java:482) ~[?:?]
	at net.minecraft.server.packs.resources.SimpleReloadInstance.m_143940_(SimpleReloadInstance.java:69) ~[client-1.20.1-20230612.114412-srg.jar%23352!/:?]
	at net.minecraft.util.thread.BlockableEventLoop.m_6367_(BlockableEventLoop.java:156) ~[client-1.20.1-20230612.114412-srg.jar%23352!/:?]
	at net.minecraft.util.thread.ReentrantBlockableEventLoop.m_6367_(ReentrantBlockableEventLoop.java:23) ~[client-1.20.1-20230612.114412-srg.jar%23352!/:?]
	at net.minecraft.util.thread.BlockableEventLoop.m_7245_(BlockableEventLoop.java:130) ~[client-1.20.1-20230612.114412-srg.jar%23352!/:?]
	at net.minecraft.util.thread.BlockableEventLoop.m_18701_(BlockableEventLoop.java:139) ~[client-1.20.1-20230612.114412-srg.jar%23352!/:?]
	at net.minecraft.client.gui.screens.worldselection.CreateWorldScreen.m_232896_(CreateWorldScreen.java:131) ~[client-1.20.1-20230612.114412-srg.jar%23352!/:?]
	at net.minecraft.client.gui.screens.worldselection.SelectWorldScreen.m_279861_(SelectWorldScreen.java:60) ~[client-1.20.1-20230612.114412-srg.jar%23352!/:?]
	at net.minecraft.client.gui.components.Button.m_5691_(Button.java:38) ~[client-1.20.1-20230612.114412-srg.jar%23352!/:?]
	at net.minecraft.client.gui.components.AbstractButton.m_5716_(AbstractButton.java:55) ~[client-1.20.1-20230612.114412-srg.jar%23352!/:?]
	at net.minecraft.client.gui.components.AbstractWidget.m_6375_(AbstractWidget.java:175) ~[client-1.20.1-20230612.114412-srg.jar%23352!/:?]
	at net.minecraft.client.gui.components.events.ContainerEventHandler.m_6375_(ContainerEventHandler.java:38) ~[client-1.20.1-20230612.114412-srg.jar%23352!/:?]
	at net.minecraft.client.MouseHandler.m_168084_(MouseHandler.java:92) ~[client-1.20.1-20230612.114412-srg.jar%23352!/:?]
	at net.minecraft.client.gui.screens.Screen.m_96579_(Screen.java:437) ~[client-1.20.1-20230612.114412-srg.jar%23352!/:?]
	at net.minecraft.client.MouseHandler.m_91530_(MouseHandler.java:89) ~[client-1.20.1-20230612.114412-srg.jar%23352!/:?]
	at net.minecraft.client.MouseHandler.m_168091_(MouseHandler.java:189) ~[client-1.20.1-20230612.114412-srg.jar%23352!/:?]
	at net.minecraft.util.thread.BlockableEventLoop.execute(BlockableEventLoop.java:102) ~[client-1.20.1-20230612.114412-srg.jar%23352!/:?]
	at net.minecraft.client.MouseHandler.m_91565_(MouseHandler.java:188) ~[client-1.20.1-20230612.114412-srg.jar%23352!/:?]
	at org.lwjgl.glfw.GLFWMouseButtonCallbackI.callback(GLFWMouseButtonCallbackI.java:43) ~[lwjgl-glfw-3.3.1.jar%2373!/:build 7]
	at org.lwjgl.system.JNI.invokeV(Native Method) ~[lwjgl-3.3.1.jar%2385!/:build 7]
	at org.lwjgl.glfw.GLFW.glfwWaitEventsTimeout(GLFW.java:3474) ~[lwjgl-glfw-3.3.1.jar%2373!/:build 7]
	at com.mojang.blaze3d.systems.RenderSystem.limitDisplayFPS(RenderSystem.java:237) ~[client-1.20.1-20230612.114412-srg.jar%23352!/:?]
	at net.minecraft.client.Minecraft.m_91383_(Minecraft.java:1173) ~[client-1.20.1-20230612.114412-srg.jar%23352!/:?]
	at net.minecraft.client.Minecraft.m_91374_(Minecraft.java:718) ~[client-1.20.1-20230612.114412-srg.jar%23352!/:?]
	at net.minecraft.client.main.Main.main(Main.java:218) ~[minecraft-1.20.1-client.jar:?]
	at jdk.internal.reflect.NativeMethodAccessorImpl.invoke0(Native Method) ~[?:?]
	at jdk.internal.reflect.NativeMethodAccessorImpl.invoke(NativeMethodAccessorImpl.java:77) ~[?:?]
	at jdk.internal.reflect.DelegatingMethodAccessorImpl.invoke(DelegatingMethodAccessorImpl.java:43) ~[?:?]
	at java.lang.reflect.Method.invoke(Method.java:569) ~[?:?]
	at net.minecraftforge.fml.loading.targets.CommonLaunchHandler.runTarget(CommonLaunchHandler.java:111) ~[fmlloader-1.20.1-47.4.10.jar:?]
	at net.minecraftforge.fml.loading.targets.CommonLaunchHandler.clientService(CommonLaunchHandler.java:99) ~[fmlloader-1.20.1-47.4.10.jar:?]
	at net.minecraftforge.fml.loading.targets.CommonClientLaunchHandler.lambda$makeService$0(CommonClientLaunchHandler.java:25) ~[fmlloader-1.20.1-47.4.10.jar:?]
	at cpw.mods.modlauncher.LaunchServiceHandlerDecorator.launch(LaunchServiceHandlerDecorator.java:30) ~[modlauncher-10.0.9.jar:?]
	at cpw.mods.modlauncher.LaunchServiceHandler.launch(LaunchServiceHandler.java:53) ~[modlauncher-10.0.9.jar:?]
	at cpw.mods.modlauncher.LaunchServiceHandler.launch(LaunchServiceHandler.java:71) ~[modlauncher-10.0.9.jar:?]
	at cpw.mods.modlauncher.Launcher.run(Launcher.java:108) ~[modlauncher-10.0.9.jar:?]
	at cpw.mods.modlauncher.Launcher.main(Launcher.java:78) ~[modlauncher-10.0.9.jar:?]
	at cpw.mods.modlauncher.BootstrapLaunchConsumer.accept(BootstrapLaunchConsumer.java:26) ~[modlauncher-10.0.9.jar:?]
	at cpw.mods.modlauncher.BootstrapLaunchConsumer.accept(BootstrapLaunchConsumer.java:23) ~[modlauncher-10.0.9.jar:?]
	at cpw.mods.bootstraplauncher.BootstrapLauncher.main(BootstrapLauncher.java:141) ~[bootstraplauncher-1.1.2.jar:?]
	at jdk.internal.reflect.NativeMethodAccessorImpl.invoke0(Native Method) ~[?:?]
	at jdk.internal.reflect.NativeMethodAccessorImpl.invoke(NativeMethodAccessorImpl.java:77) ~[?:?]
	at jdk.internal.reflect.DelegatingMethodAccessorImpl.invoke(DelegatingMethodAccessorImpl.java:43) ~[?:?]
	at java.lang.reflect.Method.invoke(Method.java:569) ~[?:?]
	at io.github.zekerzhayard.forgewrapper.installer.Main.main(Main.java:67) ~[?:?]
	at org.prismlauncher.launcher.impl.StandardLauncher.launch(StandardLauncher.java:115) ~[?:?]
	at org.prismlauncher.EntryPoint.listen(EntryPoint.java:129) ~[?:?]
	at org.prismlauncher.EntryPoint.main(EntryPoint.java:70) ~[?:?]
[28Mar2026 04:55:34.861] [Render thread/ERROR] [net.minecraft.world.item.crafting.RecipeManager/]: Parsing error loading recipe herbalistmod:blazebud_cigarette
com.google.gson.JsonSyntaxException: Unknown item 'tobacconistmod:rolling_paper'
	at net.minecraft.world.item.crafting.ShapedRecipe.m_151280_(ShapedRecipe.java:292) ~[client-1.20.1-20230612.114412-srg.jar%23352!/:?]
	at java.util.Optional.orElseThrow(Optional.java:403) ~[?:?]
	at net.minecraft.world.item.crafting.ShapedRecipe.m_151278_(ShapedRecipe.java:291) ~[client-1.20.1-20230612.114412-srg.jar%23352!/:?]
	at net.minecraft.world.item.crafting.Ingredient.m_43919_(Ingredient.java:219) ~[client-1.20.1-20230612.114412-srg.jar%23352!/:?]
	at net.minecraftforge.common.crafting.VanillaIngredientSerializer.parse(VanillaIngredientSerializer.java:27) ~[forge-1.20.1-47.4.10-universal.jar%23357!/:?]
	at net.minecraftforge.common.crafting.CraftingHelper.getIngredient(CraftingHelper.java:148) ~[forge-1.20.1-47.4.10-universal.jar%23357!/:?]
	at net.minecraft.world.item.crafting.Ingredient.m_288218_(Ingredient.java:194) ~[client-1.20.1-20230612.114412-srg.jar%23352!/:?]
	at net.minecraft.world.item.crafting.Ingredient.m_43917_(Ingredient.java:189) ~[client-1.20.1-20230612.114412-srg.jar%23352!/:?]
	at com.diggydwarff.herbalistmod.recipes.BlazebudCigaretteRecipe$Serializer.fromJson(BlazebudCigaretteRecipe.java:151) ~[herbalistmod-2.5.0-forge-1.20.1.jar%23301!/:2.5.0]
	at com.diggydwarff.herbalistmod.recipes.BlazebudCigaretteRecipe$Serializer.m_6729_(BlazebudCigaretteRecipe.java:138) ~[herbalistmod-2.5.0-forge-1.20.1.jar%23301!/:2.5.0]
	at net.minecraftforge.common.extensions.IForgeRecipeSerializer.fromJson(IForgeRecipeSerializer.java:23) ~[forge-1.20.1-47.4.10-universal.jar%23357!/:?]
	at net.minecraft.world.item.crafting.RecipeManager.fromJson(RecipeManager.java:171) ~[client-1.20.1-20230612.114412-srg.jar%23352!/:?]
	at net.minecraft.world.item.crafting.RecipeManager.m_5787_(RecipeManager.java:67) ~[client-1.20.1-20230612.114412-srg.jar%23352!/:?]
	at net.minecraft.world.item.crafting.RecipeManager.m_5787_(RecipeManager.java:34) ~[client-1.20.1-20230612.114412-srg.jar%23352!/:?]
	at net.minecraft.server.packs.resources.SimplePreparableReloadListener.m_10789_(SimplePreparableReloadListener.java:13) ~[client-1.20.1-20230612.114412-srg.jar%23352!/:?]
	at java.util.concurrent.CompletableFuture$UniAccept.tryFire(CompletableFuture.java:718) ~[?:?]
	at java.util.concurrent.CompletableFuture$Completion.run(CompletableFuture.java:482) ~[?:?]
	at net.minecraft.server.packs.resources.SimpleReloadInstance.m_143940_(SimpleReloadInstance.java:69) ~[client-1.20.1-20230612.114412-srg.jar%23352!/:?]
	at net.minecraft.util.thread.BlockableEventLoop.m_6367_(BlockableEventLoop.java:156) ~[client-1.20.1-20230612.114412-srg.jar%23352!/:?]
	at net.minecraft.util.thread.ReentrantBlockableEventLoop.m_6367_(ReentrantBlockableEventLoop.java:23) ~[client-1.20.1-20230612.114412-srg.jar%23352!/:?]
	at net.minecraft.util.thread.BlockableEventLoop.m_7245_(BlockableEventLoop.java:130) ~[client-1.20.1-20230612.114412-srg.jar%23352!/:?]
	at net.minecraft.util.thread.BlockableEventLoop.m_18701_(BlockableEventLoop.java:139) ~[client-1.20.1-20230612.114412-srg.jar%23352!/:?]
	at net.minecraft.client.gui.screens.worldselection.CreateWorldScreen.m_232896_(CreateWorldScreen.java:131) ~[client-1.20.1-20230612.114412-srg.jar%23352!/:?]
	at net.minecraft.client.gui.screens.worldselection.SelectWorldScreen.m_279861_(SelectWorldScreen.java:60) ~[client-1.20.1-20230612.114412-srg.jar%23352!/:?]
	at net.minecraft.client.gui.components.Button.m_5691_(Button.java:38) ~[client-1.20.1-20230612.114412-srg.jar%23352!/:?]
	at net.minecraft.client.gui.components.AbstractButton.m_5716_(AbstractButton.java:55) ~[client-1.20.1-20230612.114412-srg.jar%23352!/:?]
	at net.minecraft.client.gui.components.AbstractWidget.m_6375_(AbstractWidget.java:175) ~[client-1.20.1-20230612.114412-srg.jar%23352!/:?]
	at net.minecraft.client.gui.components.events.ContainerEventHandler.m_6375_(ContainerEventHandler.java:38) ~[client-1.20.1-20230612.114412-srg.jar%23352!/:?]
	at net.minecraft.client.MouseHandler.m_168084_(MouseHandler.java:92) ~[client-1.20.1-20230612.114412-srg.jar%23352!/:?]
	at net.minecraft.client.gui.screens.Screen.m_96579_(Screen.java:437) ~[client-1.20.1-20230612.114412-srg.jar%23352!/:?]
	at net.minecraft.client.MouseHandler.m_91530_(MouseHandler.java:89) ~[client-1.20.1-20230612.114412-srg.jar%23352!/:?]
	at net.minecraft.client.MouseHandler.m_168091_(MouseHandler.java:189) ~[client-1.20.1-20230612.114412-srg.jar%23352!/:?]
	at net.minecraft.util.thread.BlockableEventLoop.execute(BlockableEventLoop.java:102) ~[client-1.20.1-20230612.114412-srg.jar%23352!/:?]
	at net.minecraft.client.MouseHandler.m_91565_(MouseHandler.java:188) ~[client-1.20.1-20230612.114412-srg.jar%23352!/:?]
	at org.lwjgl.glfw.GLFWMouseButtonCallbackI.callback(GLFWMouseButtonCallbackI.java:43) ~[lwjgl-glfw-3.3.1.jar%2373!/:build 7]
	at org.lwjgl.system.JNI.invokeV(Native Method) ~[lwjgl-3.3.1.jar%2385!/:build 7]
	at org.lwjgl.glfw.GLFW.glfwWaitEventsTimeout(GLFW.java:3474) ~[lwjgl-glfw-3.3.1.jar%2373!/:build 7]
	at com.mojang.blaze3d.systems.RenderSystem.limitDisplayFPS(RenderSystem.java:237) ~[client-1.20.1-20230612.114412-srg.jar%23352!/:?]
	at net.minecraft.client.Minecraft.m_91383_(Minecraft.java:1173) ~[client-1.20.1-20230612.114412-srg.jar%23352!/:?]
	at net.minecraft.client.Minecraft.m_91374_(Minecraft.java:718) ~[client-1.20.1-20230612.114412-srg.jar%23352!/:?]
	at net.minecraft.client.main.Main.main(Main.java:218) ~[minecraft-1.20.1-client.jar:?]
	at jdk.internal.reflect.NativeMethodAccessorImpl.invoke0(Native Method) ~[?:?]
	at jdk.internal.reflect.NativeMethodAccessorImpl.invoke(NativeMethodAccessorImpl.java:77) ~[?:?]
	at jdk.internal.reflect.DelegatingMethodAccessorImpl.invoke(DelegatingMethodAccessorImpl.java:43) ~[?:?]
	at java.lang.reflect.Method.invoke(Method.java:569) ~[?:?]
	at net.minecraftforge.fml.loading.targets.CommonLaunchHandler.runTarget(CommonLaunchHandler.java:111) ~[fmlloader-1.20.1-47.4.10.jar:?]
	at net.minecraftforge.fml.loading.targets.CommonLaunchHandler.clientService(CommonLaunchHandler.java:99) ~[fmlloader-1.20.1-47.4.10.jar:?]
	at net.minecraftforge.fml.loading.targets.CommonClientLaunchHandler.lambda$makeService$0(CommonClientLaunchHandler.java:25) ~[fmlloader-1.20.1-47.4.10.jar:?]
	at cpw.mods.modlauncher.LaunchServiceHandlerDecorator.launch(LaunchServiceHandlerDecorator.java:30) ~[modlauncher-10.0.9.jar:?]
	at cpw.mods.modlauncher.LaunchServiceHandler.launch(LaunchServiceHandler.java:53) ~[modlauncher-10.0.9.jar:?]
	at cpw.mods.modlauncher.LaunchServiceHandler.launch(LaunchServiceHandler.java:71) ~[modlauncher-10.0.9.jar:?]
	at cpw.mods.modlauncher.Launcher.run(Launcher.java:108) ~[modlauncher-10.0.9.jar:?]
	at cpw.mods.modlauncher.Launcher.main(Launcher.java:78) ~[modlauncher-10.0.9.jar:?]
	at cpw.mods.modlauncher.BootstrapLaunchConsumer.accept(BootstrapLaunchConsumer.java:26) ~[modlauncher-10.0.9.jar:?]
	at cpw.mods.modlauncher.BootstrapLaunchConsumer.accept(BootstrapLaunchConsumer.java:23) ~[modlauncher-10.0.9.jar:?]
	at cpw.mods.bootstraplauncher.BootstrapLauncher.main(BootstrapLauncher.java:141) ~[bootstraplauncher-1.1.2.jar:?]
	at jdk.internal.reflect.NativeMethodAccessorImpl.invoke0(Native Method) ~[?:?]
	at jdk.internal.reflect.NativeMethodAccessorImpl.invoke(NativeMethodAccessorImpl.java:77) ~[?:?]
	at jdk.internal.reflect.DelegatingMethodAccessorImpl.invoke(DelegatingMethodAccessorImpl.java:43) ~[?:?]
	at java.lang.reflect.Method.invoke(Method.java:569) ~[?:?]
	at io.github.zekerzhayard.forgewrapper.installer.Main.main(Main.java:67) ~[?:?]
	at org.prismlauncher.launcher.impl.StandardLauncher.launch(StandardLauncher.java:115) ~[?:?]
	at org.prismlauncher.EntryPoint.listen(EntryPoint.java:129) ~[?:?]
	at org.prismlauncher.EntryPoint.main(EntryPoint.java:70) ~[?:?]
[28Mar2026 04:55:34.862] [Render thread/ERROR] [net.minecraft.world.item.crafting.RecipeManager/]: Parsing error loading recipe ltc2:compat/dungeonsdelight/monster_cooking/sanguinary_doria
com.google.gson.JsonSyntaxException: Invalid or unsupported recipe type 'dungeonsdelight:monster_cooking'
	at net.minecraft.world.item.crafting.RecipeManager.m_220253_(RecipeManager.java:170) ~[client-1.20.1-20230612.114412-srg.jar%23352!/:?]
	at java.util.Optional.orElseThrow(Optional.java:403) ~[?:?]
	at net.minecraft.world.item.crafting.RecipeManager.fromJson(RecipeManager.java:169) ~[client-1.20.1-20230612.114412-srg.jar%23352!/:?]
	at net.minecraft.world.item.crafting.RecipeManager.m_5787_(RecipeManager.java:67) ~[client-1.20.1-20230612.114412-srg.jar%23352!/:?]
	at net.minecraft.world.item.crafting.RecipeManager.m_5787_(RecipeManager.java:34) ~[client-1.20.1-20230612.114412-srg.jar%23352!/:?]
	at net.minecraft.server.packs.resources.SimplePreparableReloadListener.m_10789_(SimplePreparableReloadListener.java:13) ~[client-1.20.1-20230612.114412-srg.jar%23352!/:?]
	at java.util.concurrent.CompletableFuture$UniAccept.tryFire(CompletableFuture.java:718) ~[?:?]
	at java.util.concurrent.CompletableFuture$Completion.run(CompletableFuture.java:482) ~[?:?]
	at net.minecraft.server.packs.resources.SimpleReloadInstance.m_143940_(SimpleReloadInstance.java:69) ~[client-1.20.1-20230612.114412-srg.jar%23352!/:?]
	at net.minecraft.util.thread.BlockableEventLoop.m_6367_(BlockableEventLoop.java:156) ~[client-1.20.1-20230612.114412-srg.jar%23352!/:?]
	at net.minecraft.util.thread.ReentrantBlockableEventLoop.m_6367_(ReentrantBlockableEventLoop.java:23) ~[client-1.20.1-20230612.114412-srg.jar%23352!/:?]
	at net.minecraft.util.thread.BlockableEventLoop.m_7245_(BlockableEventLoop.java:130) ~[client-1.20.1-20230612.114412-srg.jar%23352!/:?]
	at net.minecraft.util.thread.BlockableEventLoop.m_18701_(BlockableEventLoop.java:139) ~[client-1.20.1-20230612.114412-srg.jar%23352!/:?]
	at net.minecraft.client.gui.screens.worldselection.CreateWorldScreen.m_232896_(CreateWorldScreen.java:131) ~[client-1.20.1-20230612.114412-srg.jar%23352!/:?]
	at net.minecraft.client.gui.screens.worldselection.SelectWorldScreen.m_279861_(SelectWorldScreen.java:60) ~[client-1.20.1-20230612.114412-srg.jar%23352!/:?]
	at net.minecraft.client.gui.components.Button.m_5691_(Button.java:38) ~[client-1.20.1-20230612.114412-srg.jar%23352!/:?]
	at net.minecraft.client.gui.components.AbstractButton.m_5716_(AbstractButton.java:55) ~[client-1.20.1-20230612.114412-srg.jar%23352!/:?]
	at net.minecraft.client.gui.components.AbstractWidget.m_6375_(AbstractWidget.java:175) ~[client-1.20.1-20230612.114412-srg.jar%23352!/:?]
	at net.minecraft.client.gui.components.events.ContainerEventHandler.m_6375_(ContainerEventHandler.java:38) ~[client-1.20.1-20230612.114412-srg.jar%23352!/:?]
	at net.minecraft.client.MouseHandler.m_168084_(MouseHandler.java:92) ~[client-1.20.1-20230612.114412-srg.jar%23352!/:?]
	at net.minecraft.client.gui.screens.Screen.m_96579_(Screen.java:437) ~[client-1.20.1-20230612.114412-srg.jar%23352!/:?]
	at net.minecraft.client.MouseHandler.m_91530_(MouseHandler.java:89) ~[client-1.20.1-20230612.114412-srg.jar%23352!/:?]
	at net.minecraft.client.MouseHandler.m_168091_(MouseHandler.java:189) ~[client-1.20.1-20230612.114412-srg.jar%23352!/:?]
	at net.minecraft.util.thread.BlockableEventLoop.execute(BlockableEventLoop.java:102) ~[client-1.20.1-20230612.114412-srg.jar%23352!/:?]
	at net.minecraft.client.MouseHandler.m_91565_(MouseHandler.java:188) ~[client-1.20.1-20230612.114412-srg.jar%23352!/:?]
	at org.lwjgl.glfw.GLFWMouseButtonCallbackI.callback(GLFWMouseButtonCallbackI.java:43) ~[lwjgl-glfw-3.3.1.jar%2373!/:build 7]
	at org.lwjgl.system.JNI.invokeV(Native Method) ~[lwjgl-3.3.1.jar%2385!/:build 7]
	at org.lwjgl.glfw.GLFW.glfwWaitEventsTimeout(GLFW.java:3474) ~[lwjgl-glfw-3.3.1.jar%2373!/:build 7]
	at com.mojang.blaze3d.systems.RenderSystem.limitDisplayFPS(RenderSystem.java:237) ~[client-1.20.1-20230612.114412-srg.jar%23352!/:?]
	at net.minecraft.client.Minecraft.m_91383_(Minecraft.java:1173) ~[client-1.20.1-20230612.114412-srg.jar%23352!/:?]
	at net.minecraft.client.Minecraft.m_91374_(Minecraft.java:718) ~[client-1.20.1-20230612.114412-srg.jar%23352!/:?]
	at net.minecraft.client.main.Main.main(Main.java:218) ~[minecraft-1.20.1-client.jar:?]
	at jdk.internal.reflect.NativeMethodAccessorImpl.invoke0(Native Method) ~[?:?]
	at jdk.internal.reflect.NativeMethodAccessorImpl.invoke(NativeMethodAccessorImpl.java:77) ~[?:?]
	at jdk.internal.reflect.DelegatingMethodAccessorImpl.invoke(DelegatingMethodAccessorImpl.java:43) ~[?:?]
	at java.lang.reflect.Method.invoke(Method.java:569) ~[?:?]
	at net.minecraftforge.fml.loading.targets.CommonLaunchHandler.runTarget(CommonLaunchHandler.java:111) ~[fmlloader-1.20.1-47.4.10.jar:?]
	at net.minecraftforge.fml.loading.targets.CommonLaunchHandler.clientService(CommonLaunchHandler.java:99) ~[fmlloader-1.20.1-47.4.10.jar:?]
	at net.minecraftforge.fml.loading.targets.CommonClientLaunchHandler.lambda$makeService$0(CommonClientLaunchHandler.java:25) ~[fmlloader-1.20.1-47.4.10.jar:?]
	at cpw.mods.modlauncher.LaunchServiceHandlerDecorator.launch(LaunchServiceHandlerDecorator.java:30) ~[modlauncher-10.0.9.jar:?]
	at cpw.mods.modlauncher.LaunchServiceHandler.launch(LaunchServiceHandler.java:53) ~[modlauncher-10.0.9.jar:?]
	at cpw.mods.modlauncher.LaunchServiceHandler.launch(LaunchServiceHandler.java:71) ~[modlauncher-10.0.9.jar:?]
	at cpw.mods.modlauncher.Launcher.run(Launcher.java:108) ~[modlauncher-10.0.9.jar:?]
	at cpw.mods.modlauncher.Launcher.main(Launcher.java:78) ~[modlauncher-10.0.9.jar:?]
	at cpw.mods.modlauncher.BootstrapLaunchConsumer.accept(BootstrapLaunchConsumer.java:26) ~[modlauncher-10.0.9.jar:?]
	at cpw.mods.modlauncher.BootstrapLaunchConsumer.accept(BootstrapLaunchConsumer.java:23) ~[modlauncher-10.0.9.jar:?]
	at cpw.mods.bootstraplauncher.BootstrapLauncher.main(BootstrapLauncher.java:141) ~[bootstraplauncher-1.1.2.jar:?]
	at jdk.internal.reflect.NativeMethodAccessorImpl.invoke0(Native Method) ~[?:?]
	at jdk.internal.reflect.NativeMethodAccessorImpl.invoke(NativeMethodAccessorImpl.java:77) ~[?:?]
	at jdk.internal.reflect.DelegatingMethodAccessorImpl.invoke(DelegatingMethodAccessorImpl.java:43) ~[?:?]
	at java.lang.reflect.Method.invoke(Method.java:569) ~[?:?]
	at io.github.zekerzhayard.forgewrapper.installer.Main.main(Main.java:67) ~[?:?]
	at org.prismlauncher.launcher.impl.StandardLauncher.launch(StandardLauncher.java:115) ~[?:?]
	at org.prismlauncher.EntryPoint.listen(EntryPoint.java:129) ~[?:?]
	at org.prismlauncher.EntryPoint.main(EntryPoint.java:70) ~[?:?]
[28Mar2026 04:55:34.864] [Render thread/ERROR] [net.minecraft.world.item.crafting.RecipeManager/]: Parsing error loading recipe ltc2:compat/jeed/night_vision
com.google.gson.JsonSyntaxException: Invalid or unsupported recipe type 'jeed:effect_provider'
	at net.minecraft.world.item.crafting.RecipeManager.m_220253_(RecipeManager.java:170) ~[client-1.20.1-20230612.114412-srg.jar%23352!/:?]
	at java.util.Optional.orElseThrow(Optional.java:403) ~[?:?]
	at net.minecraft.world.item.crafting.RecipeManager.fromJson(RecipeManager.java:169) ~[client-1.20.1-20230612.114412-srg.jar%23352!/:?]
	at net.minecraft.world.item.crafting.RecipeManager.m_5787_(RecipeManager.java:67) ~[client-1.20.1-20230612.114412-srg.jar%23352!/:?]
	at net.minecraft.world.item.crafting.RecipeManager.m_5787_(RecipeManager.java:34) ~[client-1.20.1-20230612.114412-srg.jar%23352!/:?]
	at net.minecraft.server.packs.resources.SimplePreparableReloadListener.m_10789_(SimplePreparableReloadListener.java:13) ~[client-1.20.1-20230612.114412-srg.jar%23352!/:?]
	at java.util.concurrent.CompletableFuture$UniAccept.tryFire(CompletableFuture.java:718) ~[?:?]
	at java.util.concurrent.CompletableFuture$Completion.run(CompletableFuture.java:482) ~[?:?]
	at net.minecraft.server.packs.resources.SimpleReloadInstance.m_143940_(SimpleReloadInstance.java:69) ~[client-1.20.1-20230612.114412-srg.jar%23352!/:?]
	at net.minecraft.util.thread.BlockableEventLoop.m_6367_(BlockableEventLoop.java:156) ~[client-1.20.1-20230612.114412-srg.jar%23352!/:?]
	at net.minecraft.util.thread.ReentrantBlockableEventLoop.m_6367_(ReentrantBlockableEventLoop.java:23) ~[client-1.20.1-20230612.114412-srg.jar%23352!/:?]
	at net.minecraft.util.thread.BlockableEventLoop.m_7245_(BlockableEventLoop.java:130) ~[client-1.20.1-20230612.114412-srg.jar%23352!/:?]
	at net.minecraft.util.thread.BlockableEventLoop.m_18701_(BlockableEventLoop.java:139) ~[client-1.20.1-20230612.114412-srg.jar%23352!/:?]
	at net.minecraft.client.gui.screens.worldselection.CreateWorldScreen.m_232896_(CreateWorldScreen.java:131) ~[client-1.20.1-20230612.114412-srg.jar%23352!/:?]
	at net.minecraft.client.gui.screens.worldselection.SelectWorldScreen.m_279861_(SelectWorldScreen.java:60) ~[client-1.20.1-20230612.114412-srg.jar%23352!/:?]
	at net.minecraft.client.gui.components.Button.m_5691_(Button.java:38) ~[client-1.20.1-20230612.114412-srg.jar%23352!/:?]
	at net.minecraft.client.gui.components.AbstractButton.m_5716_(AbstractButton.java:55) ~[client-1.20.1-20230612.114412-srg.jar%23352!/:?]
	at net.minecraft.client.gui.components.AbstractWidget.m_6375_(AbstractWidget.java:175) ~[client-1.20.1-20230612.114412-srg.jar%23352!/:?]
	at net.minecraft.client.gui.components.events.ContainerEventHandler.m_6375_(ContainerEventHandler.java:38) ~[client-1.20.1-20230612.114412-srg.jar%23352!/:?]
	at net.minecraft.client.MouseHandler.m_168084_(MouseHandler.java:92) ~[client-1.20.1-20230612.114412-srg.jar%23352!/:?]
	at net.minecraft.client.gui.screens.Screen.m_96579_(Screen.java:437) ~[client-1.20.1-20230612.114412-srg.jar%23352!/:?]
	at net.minecraft.client.MouseHandler.m_91530_(MouseHandler.java:89) ~[client-1.20.1-20230612.114412-srg.jar%23352!/:?]
	at net.minecraft.client.MouseHandler.m_168091_(MouseHandler.java:189) ~[client-1.20.1-20230612.114412-srg.jar%23352!/:?]
	at net.minecraft.util.thread.BlockableEventLoop.execute(BlockableEventLoop.java:102) ~[client-1.20.1-20230612.114412-srg.jar%23352!/:?]
	at net.minecraft.client.MouseHandler.m_91565_(MouseHandler.java:188) ~[client-1.20.1-20230612.114412-srg.jar%23352!/:?]
	at org.lwjgl.glfw.GLFWMouseButtonCallbackI.callback(GLFWMouseButtonCallbackI.java:43) ~[lwjgl-glfw-3.3.1.jar%2373!/:build 7]
	at org.lwjgl.system.JNI.invokeV(Native Method) ~[lwjgl-3.3.1.jar%2385!/:build 7]
	at org.lwjgl.glfw.GLFW.glfwWaitEventsTimeout(GLFW.java:3474) ~[lwjgl-glfw-3.3.1.jar%2373!/:build 7]
	at com.mojang.blaze3d.systems.RenderSystem.limitDisplayFPS(RenderSystem.java:237) ~[client-1.20.1-20230612.114412-srg.jar%23352!/:?]
	at net.minecraft.client.Minecraft.m_91383_(Minecraft.java:1173) ~[client-1.20.1-20230612.114412-srg.jar%23352!/:?]
	at net.minecraft.client.Minecraft.m_91374_(Minecraft.java:718) ~[client-1.20.1-20230612.114412-srg.jar%23352!/:?]
	at net.minecraft.client.main.Main.main(Main.java:218) ~[minecraft-1.20.1-client.jar:?]
	at jdk.internal.reflect.NativeMethodAccessorImpl.invoke0(Native Method) ~[?:?]
	at jdk.internal.reflect.NativeMethodAccessorImpl.invoke(NativeMethodAccessorImpl.java:77) ~[?:?]
	at jdk.internal.reflect.DelegatingMethodAccessorImpl.invoke(DelegatingMethodAccessorImpl.java:43) ~[?:?]
	at java.lang.reflect.Method.invoke(Method.java:569) ~[?:?]
	at net.minecraftforge.fml.loading.targets.CommonLaunchHandler.runTarget(CommonLaunchHandler.java:111) ~[fmlloader-1.20.1-47.4.10.jar:?]
	at net.minecraftforge.fml.loading.targets.CommonLaunchHandler.clientService(CommonLaunchHandler.java:99) ~[fmlloader-1.20.1-47.4.10.jar:?]
	at net.minecraftforge.fml.loading.targets.CommonClientLaunchHandler.lambda$makeService$0(CommonClientLaunchHandler.java:25) ~[fmlloader-1.20.1-47.4.10.jar:?]
	at cpw.mods.modlauncher.LaunchServiceHandlerDecorator.launch(LaunchServiceHandlerDecorator.java:30) ~[modlauncher-10.0.9.jar:?]
	at cpw.mods.modlauncher.LaunchServiceHandler.launch(LaunchServiceHandler.java:53) ~[modlauncher-10.0.9.jar:?]
	at cpw.mods.modlauncher.LaunchServiceHandler.launch(LaunchServiceHandler.java:71) ~[modlauncher-10.0.9.jar:?]
	at cpw.mods.modlauncher.Launcher.run(Launcher.java:108) ~[modlauncher-10.0.9.jar:?]
	at cpw.mods.modlauncher.Launcher.main(Launcher.java:78) ~[modlauncher-10.0.9.jar:?]
	at cpw.mods.modlauncher.BootstrapLaunchConsumer.accept(BootstrapLaunchConsumer.java:26) ~[modlauncher-10.0.9.jar:?]
	at cpw.mods.modlauncher.BootstrapLaunchConsumer.accept(BootstrapLaunchConsumer.java:23) ~[modlauncher-10.0.9.jar:?]
	at cpw.mods.bootstraplauncher.BootstrapLauncher.main(BootstrapLauncher.java:141) ~[bootstraplauncher-1.1.2.jar:?]
	at jdk.internal.reflect.NativeMethodAccessorImpl.invoke0(Native Method) ~[?:?]
	at jdk.internal.reflect.NativeMethodAccessorImpl.invoke(NativeMethodAccessorImpl.java:77) ~[?:?]
	at jdk.internal.reflect.DelegatingMethodAccessorImpl.invoke(DelegatingMethodAccessorImpl.java:43) ~[?:?]
	at java.lang.reflect.Method.invoke(Method.java:569) ~[?:?]
	at io.github.zekerzhayard.forgewrapper.installer.Main.main(Main.java:67) ~[?:?]
	at org.prismlauncher.launcher.impl.StandardLauncher.launch(StandardLauncher.java:115) ~[?:?]
	at org.prismlauncher.EntryPoint.listen(EntryPoint.java:129) ~[?:?]
	at org.prismlauncher.EntryPoint.main(EntryPoint.java:70) ~[?:?]
[28Mar2026 04:55:34.865] [Render thread/ERROR] [net.minecraft.world.item.crafting.RecipeManager/]: Parsing error loading recipe culturaldelights:hearty_salad
com.google.gson.JsonSyntaxException: Unknown item 'vintagedelight:cucumber'
	at net.minecraft.world.item.crafting.ShapedRecipe.m_151280_(ShapedRecipe.java:292) ~[client-1.20.1-20230612.114412-srg.jar%23352!/:?]
	at java.util.Optional.orElseThrow(Optional.java:403) ~[?:?]
	at net.minecraft.world.item.crafting.ShapedRecipe.m_151278_(ShapedRecipe.java:291) ~[client-1.20.1-20230612.114412-srg.jar%23352!/:?]
	at net.minecraft.world.item.crafting.Ingredient.m_43919_(Ingredient.java:219) ~[client-1.20.1-20230612.114412-srg.jar%23352!/:?]
	at net.minecraftforge.common.crafting.VanillaIngredientSerializer.parse(VanillaIngredientSerializer.java:27) ~[forge-1.20.1-47.4.10-universal.jar%23357!/:?]
	at net.minecraftforge.common.crafting.CraftingHelper.getIngredient(CraftingHelper.java:148) ~[forge-1.20.1-47.4.10-universal.jar%23357!/:?]
	at net.minecraft.world.item.crafting.Ingredient.m_288218_(Ingredient.java:194) ~[client-1.20.1-20230612.114412-srg.jar%23352!/:?]
	at net.minecraft.world.item.crafting.ShapelessRecipe$Serializer.m_44275_(ShapelessRecipe.java:104) ~[client-1.20.1-20230612.114412-srg.jar%23352!/:?]
	at net.minecraft.world.item.crafting.ShapelessRecipe$Serializer.m_6729_(ShapelessRecipe.java:89) ~[client-1.20.1-20230612.114412-srg.jar%23352!/:?]
	at net.minecraft.world.item.crafting.ShapelessRecipe$Serializer.m_6729_(ShapelessRecipe.java:84) ~[client-1.20.1-20230612.114412-srg.jar%23352!/:?]
	at net.minecraftforge.common.extensions.IForgeRecipeSerializer.fromJson(IForgeRecipeSerializer.java:23) ~[forge-1.20.1-47.4.10-universal.jar%23357!/:?]
	at net.minecraft.world.item.crafting.RecipeManager.fromJson(RecipeManager.java:171) ~[client-1.20.1-20230612.114412-srg.jar%23352!/:?]
	at net.minecraft.world.item.crafting.RecipeManager.m_5787_(RecipeManager.java:67) ~[client-1.20.1-20230612.114412-srg.jar%23352!/:?]
	at net.minecraft.world.item.crafting.RecipeManager.m_5787_(RecipeManager.java:34) ~[client-1.20.1-20230612.114412-srg.jar%23352!/:?]
	at net.minecraft.server.packs.resources.SimplePreparableReloadListener.m_10789_(SimplePreparableReloadListener.java:13) ~[client-1.20.1-20230612.114412-srg.jar%23352!/:?]
	at java.util.concurrent.CompletableFuture$UniAccept.tryFire(CompletableFuture.java:718) ~[?:?]
	at java.util.concurrent.CompletableFuture$Completion.run(CompletableFuture.java:482) ~[?:?]
	at net.minecraft.server.packs.resources.SimpleReloadInstance.m_143940_(SimpleReloadInstance.java:69) ~[client-1.20.1-20230612.114412-srg.jar%23352!/:?]
	at net.minecraft.util.thread.BlockableEventLoop.m_6367_(BlockableEventLoop.java:156) ~[client-1.20.1-20230612.114412-srg.jar%23352!/:?]
	at net.minecraft.util.thread.ReentrantBlockableEventLoop.m_6367_(ReentrantBlockableEventLoop.java:23) ~[client-1.20.1-20230612.114412-srg.jar%23352!/:?]
	at net.minecraft.util.thread.BlockableEventLoop.m_7245_(BlockableEventLoop.java:130) ~[client-1.20.1-20230612.114412-srg.jar%23352!/:?]
	at net.minecraft.util.thread.BlockableEventLoop.m_18701_(BlockableEventLoop.java:139) ~[client-1.20.1-20230612.114412-srg.jar%23352!/:?]
	at net.minecraft.client.gui.screens.worldselection.CreateWorldScreen.m_232896_(CreateWorldScreen.java:131) ~[client-1.20.1-20230612.114412-srg.jar%23352!/:?]
	at net.minecraft.client.gui.screens.worldselection.SelectWorldScreen.m_279861_(SelectWorldScreen.java:60) ~[client-1.20.1-20230612.114412-srg.jar%23352!/:?]
	at net.minecraft.client.gui.components.Button.m_5691_(Button.java:38) ~[client-1.20.1-20230612.114412-srg.jar%23352!/:?]
	at net.minecraft.client.gui.components.AbstractButton.m_5716_(AbstractButton.java:55) ~[client-1.20.1-20230612.114412-srg.jar%23352!/:?]
	at net.minecraft.client.gui.components.AbstractWidget.m_6375_(AbstractWidget.java:175) ~[client-1.20.1-20230612.114412-srg.jar%23352!/:?]
	at net.minecraft.client.gui.components.events.ContainerEventHandler.m_6375_(ContainerEventHandler.java:38) ~[client-1.20.1-20230612.114412-srg.jar%23352!/:?]
	at net.minecraft.client.MouseHandler.m_168084_(MouseHandler.java:92) ~[client-1.20.1-20230612.114412-srg.jar%23352!/:?]
	at net.minecraft.client.gui.screens.Screen.m_96579_(Screen.java:437) ~[client-1.20.1-20230612.114412-srg.jar%23352!/:?]
	at net.minecraft.client.MouseHandler.m_91530_(MouseHandler.java:89) ~[client-1.20.1-20230612.114412-srg.jar%23352!/:?]
	at net.minecraft.client.MouseHandler.m_168091_(MouseHandler.java:189) ~[client-1.20.1-20230612.114412-srg.jar%23352!/:?]
	at net.minecraft.util.thread.BlockableEventLoop.execute(BlockableEventLoop.java:102) ~[client-1.20.1-20230612.114412-srg.jar%23352!/:?]
	at net.minecraft.client.MouseHandler.m_91565_(MouseHandler.java:188) ~[client-1.20.1-20230612.114412-srg.jar%23352!/:?]
	at org.lwjgl.glfw.GLFWMouseButtonCallbackI.callback(GLFWMouseButtonCallbackI.java:43) ~[lwjgl-glfw-3.3.1.jar%2373!/:build 7]
	at org.lwjgl.system.JNI.invokeV(Native Method) ~[lwjgl-3.3.1.jar%2385!/:build 7]
	at org.lwjgl.glfw.GLFW.glfwWaitEventsTimeout(GLFW.java:3474) ~[lwjgl-glfw-3.3.1.jar%2373!/:build 7]
	at com.mojang.blaze3d.systems.RenderSystem.limitDisplayFPS(RenderSystem.java:237) ~[client-1.20.1-20230612.114412-srg.jar%23352!/:?]
	at net.minecraft.client.Minecraft.m_91383_(Minecraft.java:1173) ~[client-1.20.1-20230612.114412-srg.jar%23352!/:?]
	at net.minecraft.client.Minecraft.m_91374_(Minecraft.java:718) ~[client-1.20.1-20230612.114412-srg.jar%23352!/:?]
	at net.minecraft.client.main.Main.main(Main.java:218) ~[minecraft-1.20.1-client.jar:?]
	at jdk.internal.reflect.NativeMethodAccessorImpl.invoke0(Native Method) ~[?:?]
	at jdk.internal.reflect.NativeMethodAccessorImpl.invoke(NativeMethodAccessorImpl.java:77) ~[?:?]
	at jdk.internal.reflect.DelegatingMethodAccessorImpl.invoke(DelegatingMethodAccessorImpl.java:43) ~[?:?]
	at java.lang.reflect.Method.invoke(Method.java:569) ~[?:?]
	at net.minecraftforge.fml.loading.targets.CommonLaunchHandler.runTarget(CommonLaunchHandler.java:111) ~[fmlloader-1.20.1-47.4.10.jar:?]
	at net.minecraftforge.fml.loading.targets.CommonLaunchHandler.clientService(CommonLaunchHandler.java:99) ~[fmlloader-1.20.1-47.4.10.jar:?]
	at net.minecraftforge.fml.loading.targets.CommonClientLaunchHandler.lambda$makeService$0(CommonClientLaunchHandler.java:25) ~[fmlloader-1.20.1-47.4.10.jar:?]
	at cpw.mods.modlauncher.LaunchServiceHandlerDecorator.launch(LaunchServiceHandlerDecorator.java:30) ~[modlauncher-10.0.9.jar:?]
	at cpw.mods.modlauncher.LaunchServiceHandler.launch(LaunchServiceHandler.java:53) ~[modlauncher-10.0.9.jar:?]
	at cpw.mods.modlauncher.LaunchServiceHandler.launch(LaunchServiceHandler.java:71) ~[modlauncher-10.0.9.jar:?]
	at cpw.mods.modlauncher.Launcher.run(Launcher.java:108) ~[modlauncher-10.0.9.jar:?]
	at cpw.mods.modlauncher.Launcher.main(Launcher.java:78) ~[modlauncher-10.0.9.jar:?]
	at cpw.mods.modlauncher.BootstrapLaunchConsumer.accept(BootstrapLaunchConsumer.java:26) ~[modlauncher-10.0.9.jar:?]
	at cpw.mods.modlauncher.BootstrapLaunchConsumer.accept(BootstrapLaunchConsumer.java:23) ~[modlauncher-10.0.9.jar:?]
	at cpw.mods.bootstraplauncher.BootstrapLauncher.main(BootstrapLauncher.java:141) ~[bootstraplauncher-1.1.2.jar:?]
	at jdk.internal.reflect.NativeMethodAccessorImpl.invoke0(Native Method) ~[?:?]
	at jdk.internal.reflect.NativeMethodAccessorImpl.invoke(NativeMethodAccessorImpl.java:77) ~[?:?]
	at jdk.internal.reflect.DelegatingMethodAccessorImpl.invoke(DelegatingMethodAccessorImpl.java:43) ~[?:?]
	at java.lang.reflect.Method.invoke(Method.java:569) ~[?:?]
	at io.github.zekerzhayard.forgewrapper.installer.Main.main(Main.java:67) ~[?:?]
	at org.prismlauncher.launcher.impl.StandardLauncher.launch(StandardLauncher.java:115) ~[?:?]
	at org.prismlauncher.EntryPoint.listen(EntryPoint.java:129) ~[?:?]
	at org.prismlauncher.EntryPoint.main(EntryPoint.java:70) ~[?:?]
[28Mar2026 04:55:34.870] [Render thread/ERROR] [net.minecraft.world.item.crafting.RecipeManager/]: Parsing error loading recipe ltc2:compat/jeed/invisibility
com.google.gson.JsonSyntaxException: Invalid or unsupported recipe type 'jeed:effect_provider'
	at net.minecraft.world.item.crafting.RecipeManager.m_220253_(RecipeManager.java:170) ~[client-1.20.1-20230612.114412-srg.jar%23352!/:?]
	at java.util.Optional.orElseThrow(Optional.java:403) ~[?:?]
	at net.minecraft.world.item.crafting.RecipeManager.fromJson(RecipeManager.java:169) ~[client-1.20.1-20230612.114412-srg.jar%23352!/:?]
	at net.minecraft.world.item.crafting.RecipeManager.m_5787_(RecipeManager.java:67) ~[client-1.20.1-20230612.114412-srg.jar%23352!/:?]
	at net.minecraft.world.item.crafting.RecipeManager.m_5787_(RecipeManager.java:34) ~[client-1.20.1-20230612.114412-srg.jar%23352!/:?]
	at net.minecraft.server.packs.resources.SimplePreparableReloadListener.m_10789_(SimplePreparableReloadListener.java:13) ~[client-1.20.1-20230612.114412-srg.jar%23352!/:?]
	at java.util.concurrent.CompletableFuture$UniAccept.tryFire(CompletableFuture.java:718) ~[?:?]
	at java.util.concurrent.CompletableFuture$Completion.run(CompletableFuture.java:482) ~[?:?]
	at net.minecraft.server.packs.resources.SimpleReloadInstance.m_143940_(SimpleReloadInstance.java:69) ~[client-1.20.1-20230612.114412-srg.jar%23352!/:?]
	at net.minecraft.util.thread.BlockableEventLoop.m_6367_(BlockableEventLoop.java:156) ~[client-1.20.1-20230612.114412-srg.jar%23352!/:?]
	at net.minecraft.util.thread.ReentrantBlockableEventLoop.m_6367_(ReentrantBlockableEventLoop.java:23) ~[client-1.20.1-20230612.114412-srg.jar%23352!/:?]
	at net.minecraft.util.thread.BlockableEventLoop.m_7245_(BlockableEventLoop.java:130) ~[client-1.20.1-20230612.114412-srg.jar%23352!/:?]
	at net.minecraft.util.thread.BlockableEventLoop.m_18701_(BlockableEventLoop.java:139) ~[client-1.20.1-20230612.114412-srg.jar%23352!/:?]
	at net.minecraft.client.gui.screens.worldselection.CreateWorldScreen.m_232896_(CreateWorldScreen.java:131) ~[client-1.20.1-20230612.114412-srg.jar%23352!/:?]
	at net.minecraft.client.gui.screens.worldselection.SelectWorldScreen.m_279861_(SelectWorldScreen.java:60) ~[client-1.20.1-20230612.114412-srg.jar%23352!/:?]
	at net.minecraft.client.gui.components.Button.m_5691_(Button.java:38) ~[client-1.20.1-20230612.114412-srg.jar%23352!/:?]
	at net.minecraft.client.gui.components.AbstractButton.m_5716_(AbstractButton.java:55) ~[client-1.20.1-20230612.114412-srg.jar%23352!/:?]
	at net.minecraft.client.gui.components.AbstractWidget.m_6375_(AbstractWidget.java:175) ~[client-1.20.1-20230612.114412-srg.jar%23352!/:?]
	at net.minecraft.client.gui.components.events.ContainerEventHandler.m_6375_(ContainerEventHandler.java:38) ~[client-1.20.1-20230612.114412-srg.jar%23352!/:?]
	at net.minecraft.client.MouseHandler.m_168084_(MouseHandler.java:92) ~[client-1.20.1-20230612.114412-srg.jar%23352!/:?]
	at net.minecraft.client.gui.screens.Screen.m_96579_(Screen.java:437) ~[client-1.20.1-20230612.114412-srg.jar%23352!/:?]
	at net.minecraft.client.MouseHandler.m_91530_(MouseHandler.java:89) ~[client-1.20.1-20230612.114412-srg.jar%23352!/:?]
	at net.minecraft.client.MouseHandler.m_168091_(MouseHandler.java:189) ~[client-1.20.1-20230612.114412-srg.jar%23352!/:?]
	at net.minecraft.util.thread.BlockableEventLoop.execute(BlockableEventLoop.java:102) ~[client-1.20.1-20230612.114412-srg.jar%23352!/:?]
	at net.minecraft.client.MouseHandler.m_91565_(MouseHandler.java:188) ~[client-1.20.1-20230612.114412-srg.jar%23352!/:?]
	at org.lwjgl.glfw.GLFWMouseButtonCallbackI.callback(GLFWMouseButtonCallbackI.java:43) ~[lwjgl-glfw-3.3.1.jar%2373!/:build 7]
	at org.lwjgl.system.JNI.invokeV(Native Method) ~[lwjgl-3.3.1.jar%2385!/:build 7]
	at org.lwjgl.glfw.GLFW.glfwWaitEventsTimeout(GLFW.java:3474) ~[lwjgl-glfw-3.3.1.jar%2373!/:build 7]
	at com.mojang.blaze3d.systems.RenderSystem.limitDisplayFPS(RenderSystem.java:237) ~[client-1.20.1-20230612.114412-srg.jar%23352!/:?]
	at net.minecraft.client.Minecraft.m_91383_(Minecraft.java:1173) ~[client-1.20.1-20230612.114412-srg.jar%23352!/:?]
	at net.minecraft.client.Minecraft.m_91374_(Minecraft.java:718) ~[client-1.20.1-20230612.114412-srg.jar%23352!/:?]
	at net.minecraft.client.main.Main.main(Main.java:218) ~[minecraft-1.20.1-client.jar:?]
	at jdk.internal.reflect.NativeMethodAccessorImpl.invoke0(Native Method) ~[?:?]
	at jdk.internal.reflect.NativeMethodAccessorImpl.invoke(NativeMethodAccessorImpl.java:77) ~[?:?]
	at jdk.internal.reflect.DelegatingMethodAccessorImpl.invoke(DelegatingMethodAccessorImpl.java:43) ~[?:?]
	at java.lang.reflect.Method.invoke(Method.java:569) ~[?:?]
	at net.minecraftforge.fml.loading.targets.CommonLaunchHandler.runTarget(CommonLaunchHandler.java:111) ~[fmlloader-1.20.1-47.4.10.jar:?]
	at net.minecraftforge.fml.loading.targets.CommonLaunchHandler.clientService(CommonLaunchHandler.java:99) ~[fmlloader-1.20.1-47.4.10.jar:?]
	at net.minecraftforge.fml.loading.targets.CommonClientLaunchHandler.lambda$makeService$0(CommonClientLaunchHandler.java:25) ~[fmlloader-1.20.1-47.4.10.jar:?]
	at cpw.mods.modlauncher.LaunchServiceHandlerDecorator.launch(LaunchServiceHandlerDecorator.java:30) ~[modlauncher-10.0.9.jar:?]
	at cpw.mods.modlauncher.LaunchServiceHandler.launch(LaunchServiceHandler.java:53) ~[modlauncher-10.0.9.jar:?]
	at cpw.mods.modlauncher.LaunchServiceHandler.launch(LaunchServiceHandler.java:71) ~[modlauncher-10.0.9.jar:?]
	at cpw.mods.modlauncher.Launcher.run(Launcher.java:108) ~[modlauncher-10.0.9.jar:?]
	at cpw.mods.modlauncher.Launcher.main(Launcher.java:78) ~[modlauncher-10.0.9.jar:?]
	at cpw.mods.modlauncher.BootstrapLaunchConsumer.accept(BootstrapLaunchConsumer.java:26) ~[modlauncher-10.0.9.jar:?]
	at cpw.mods.modlauncher.BootstrapLaunchConsumer.accept(BootstrapLaunchConsumer.java:23) ~[modlauncher-10.0.9.jar:?]
	at cpw.mods.bootstraplauncher.BootstrapLauncher.main(BootstrapLauncher.java:141) ~[bootstraplauncher-1.1.2.jar:?]
	at jdk.internal.reflect.NativeMethodAccessorImpl.invoke0(Native Method) ~[?:?]
	at jdk.internal.reflect.NativeMethodAccessorImpl.invoke(NativeMethodAccessorImpl.java:77) ~[?:?]
	at jdk.internal.reflect.DelegatingMethodAccessorImpl.invoke(DelegatingMethodAccessorImpl.java:43) ~[?:?]
	at java.lang.reflect.Method.invoke(Method.java:569) ~[?:?]
	at io.github.zekerzhayard.forgewrapper.installer.Main.main(Main.java:67) ~[?:?]
	at org.prismlauncher.launcher.impl.StandardLauncher.launch(StandardLauncher.java:115) ~[?:?]
	at org.prismlauncher.EntryPoint.listen(EntryPoint.java:129) ~[?:?]
	at org.prismlauncher.EntryPoint.main(EntryPoint.java:70) ~[?:?]
[28Mar2026 04:55:34.875] [Render thread/ERROR] [net.minecraft.world.item.crafting.RecipeManager/]: Parsing error loading recipe minecraft:iron_ingot_from_blasting_raw_iron
com.google.gson.JsonSyntaxException: Empty ingredient not allowed here
	at net.minecraft.world.item.crafting.ShapedRecipe.m_151278_(ShapedRecipe.java:295) ~[client-1.20.1-20230612.114412-srg.jar%23352!/:?]
	at net.minecraft.world.item.crafting.Ingredient.m_43919_(Ingredient.java:219) ~[client-1.20.1-20230612.114412-srg.jar%23352!/:?]
	at net.minecraftforge.common.crafting.VanillaIngredientSerializer.parse(VanillaIngredientSerializer.java:27) ~[forge-1.20.1-47.4.10-universal.jar%23357!/:?]
	at net.minecraftforge.common.crafting.CraftingHelper.getIngredient(CraftingHelper.java:148) ~[forge-1.20.1-47.4.10-universal.jar%23357!/:?]
	at net.minecraft.world.item.crafting.Ingredient.m_288218_(Ingredient.java:194) ~[client-1.20.1-20230612.114412-srg.jar%23352!/:?]
	at net.minecraft.world.item.crafting.ShapelessRecipe$Serializer.m_44275_(ShapelessRecipe.java:104) ~[client-1.20.1-20230612.114412-srg.jar%23352!/:?]
	at net.minecraft.world.item.crafting.ShapelessRecipe$Serializer.m_6729_(ShapelessRecipe.java:89) ~[client-1.20.1-20230612.114412-srg.jar%23352!/:?]
	at net.minecraft.world.item.crafting.ShapelessRecipe$Serializer.m_6729_(ShapelessRecipe.java:84) ~[client-1.20.1-20230612.114412-srg.jar%23352!/:?]
	at net.minecraftforge.common.extensions.IForgeRecipeSerializer.fromJson(IForgeRecipeSerializer.java:23) ~[forge-1.20.1-47.4.10-universal.jar%23357!/:?]
	at net.minecraft.world.item.crafting.RecipeManager.fromJson(RecipeManager.java:171) ~[client-1.20.1-20230612.114412-srg.jar%23352!/:?]
	at net.minecraft.world.item.crafting.RecipeManager.m_5787_(RecipeManager.java:67) ~[client-1.20.1-20230612.114412-srg.jar%23352!/:?]
	at net.minecraft.world.item.crafting.RecipeManager.m_5787_(RecipeManager.java:34) ~[client-1.20.1-20230612.114412-srg.jar%23352!/:?]
	at net.minecraft.server.packs.resources.SimplePreparableReloadListener.m_10789_(SimplePreparableReloadListener.java:13) ~[client-1.20.1-20230612.114412-srg.jar%23352!/:?]
	at java.util.concurrent.CompletableFuture$UniAccept.tryFire(CompletableFuture.java:718) ~[?:?]
	at java.util.concurrent.CompletableFuture$Completion.run(CompletableFuture.java:482) ~[?:?]
	at net.minecraft.server.packs.resources.SimpleReloadInstance.m_143940_(SimpleReloadInstance.java:69) ~[client-1.20.1-20230612.114412-srg.jar%23352!/:?]
	at net.minecraft.util.thread.BlockableEventLoop.m_6367_(BlockableEventLoop.java:156) ~[client-1.20.1-20230612.114412-srg.jar%23352!/:?]
	at net.minecraft.util.thread.ReentrantBlockableEventLoop.m_6367_(ReentrantBlockableEventLoop.java:23) ~[client-1.20.1-20230612.114412-srg.jar%23352!/:?]
	at net.minecraft.util.thread.BlockableEventLoop.m_7245_(BlockableEventLoop.java:130) ~[client-1.20.1-20230612.114412-srg.jar%23352!/:?]
	at net.minecraft.util.thread.BlockableEventLoop.m_18701_(BlockableEventLoop.java:139) ~[client-1.20.1-20230612.114412-srg.jar%23352!/:?]
	at net.minecraft.client.gui.screens.worldselection.CreateWorldScreen.m_232896_(CreateWorldScreen.java:131) ~[client-1.20.1-20230612.114412-srg.jar%23352!/:?]
	at net.minecraft.client.gui.screens.worldselection.SelectWorldScreen.m_279861_(SelectWorldScreen.java:60) ~[client-1.20.1-20230612.114412-srg.jar%23352!/:?]
	at net.minecraft.client.gui.components.Button.m_5691_(Button.java:38) ~[client-1.20.1-20230612.114412-srg.jar%23352!/:?]
	at net.minecraft.client.gui.components.AbstractButton.m_5716_(AbstractButton.java:55) ~[client-1.20.1-20230612.114412-srg.jar%23352!/:?]
	at net.minecraft.client.gui.components.AbstractWidget.m_6375_(AbstractWidget.java:175) ~[client-1.20.1-20230612.114412-srg.jar%23352!/:?]
	at net.minecraft.client.gui.components.events.ContainerEventHandler.m_6375_(ContainerEventHandler.java:38) ~[client-1.20.1-20230612.114412-srg.jar%23352!/:?]
	at net.minecraft.client.MouseHandler.m_168084_(MouseHandler.java:92) ~[client-1.20.1-20230612.114412-srg.jar%23352!/:?]
	at net.minecraft.client.gui.screens.Screen.m_96579_(Screen.java:437) ~[client-1.20.1-20230612.114412-srg.jar%23352!/:?]
	at net.minecraft.client.MouseHandler.m_91530_(MouseHandler.java:89) ~[client-1.20.1-20230612.114412-srg.jar%23352!/:?]
	at net.minecraft.client.MouseHandler.m_168091_(MouseHandler.java:189) ~[client-1.20.1-20230612.114412-srg.jar%23352!/:?]
	at net.minecraft.util.thread.BlockableEventLoop.execute(BlockableEventLoop.java:102) ~[client-1.20.1-20230612.114412-srg.jar%23352!/:?]
	at net.minecraft.client.MouseHandler.m_91565_(MouseHandler.java:188) ~[client-1.20.1-20230612.114412-srg.jar%23352!/:?]
	at org.lwjgl.glfw.GLFWMouseButtonCallbackI.callback(GLFWMouseButtonCallbackI.java:43) ~[lwjgl-glfw-3.3.1.jar%2373!/:build 7]
	at org.lwjgl.system.JNI.invokeV(Native Method) ~[lwjgl-3.3.1.jar%2385!/:build 7]
	at org.lwjgl.glfw.GLFW.glfwWaitEventsTimeout(GLFW.java:3474) ~[lwjgl-glfw-3.3.1.jar%2373!/:build 7]
	at com.mojang.blaze3d.systems.RenderSystem.limitDisplayFPS(RenderSystem.java:237) ~[client-1.20.1-20230612.114412-srg.jar%23352!/:?]
	at net.minecraft.client.Minecraft.m_91383_(Minecraft.java:1173) ~[client-1.20.1-20230612.114412-srg.jar%23352!/:?]
	at net.minecraft.client.Minecraft.m_91374_(Minecraft.java:718) ~[client-1.20.1-20230612.114412-srg.jar%23352!/:?]
	at net.minecraft.client.main.Main.main(Main.java:218) ~[minecraft-1.20.1-client.jar:?]
	at jdk.internal.reflect.NativeMethodAccessorImpl.invoke0(Native Method) ~[?:?]
	at jdk.internal.reflect.NativeMethodAccessorImpl.invoke(NativeMethodAccessorImpl.java:77) ~[?:?]
	at jdk.internal.reflect.DelegatingMethodAccessorImpl.invoke(DelegatingMethodAccessorImpl.java:43) ~[?:?]
	at java.lang.reflect.Method.invoke(Method.java:569) ~[?:?]
	at net.minecraftforge.fml.loading.targets.CommonLaunchHandler.runTarget(CommonLaunchHandler.java:111) ~[fmlloader-1.20.1-47.4.10.jar:?]
	at net.minecraftforge.fml.loading.targets.CommonLaunchHandler.clientService(CommonLaunchHandler.java:99) ~[fmlloader-1.20.1-47.4.10.jar:?]
	at net.minecraftforge.fml.loading.targets.CommonClientLaunchHandler.lambda$makeService$0(CommonClientLaunchHandler.java:25) ~[fmlloader-1.20.1-47.4.10.jar:?]
	at cpw.mods.modlauncher.LaunchServiceHandlerDecorator.launch(LaunchServiceHandlerDecorator.java:30) ~[modlauncher-10.0.9.jar:?]
	at cpw.mods.modlauncher.LaunchServiceHandler.launch(LaunchServiceHandler.java:53) ~[modlauncher-10.0.9.jar:?]
	at cpw.mods.modlauncher.LaunchServiceHandler.launch(LaunchServiceHandler.java:71) ~[modlauncher-10.0.9.jar:?]
	at cpw.mods.modlauncher.Launcher.run(Launcher.java:108) ~[modlauncher-10.0.9.jar:?]
	at cpw.mods.modlauncher.Launcher.main(Launcher.java:78) ~[modlauncher-10.0.9.jar:?]
	at cpw.mods.modlauncher.BootstrapLaunchConsumer.accept(BootstrapLaunchConsumer.java:26) ~[modlauncher-10.0.9.jar:?]
	at cpw.mods.modlauncher.BootstrapLaunchConsumer.accept(BootstrapLaunchConsumer.java:23) ~[modlauncher-10.0.9.jar:?]
	at cpw.mods.bootstraplauncher.BootstrapLauncher.main(BootstrapLauncher.java:141) ~[bootstraplauncher-1.1.2.jar:?]
	at jdk.internal.reflect.NativeMethodAccessorImpl.invoke0(Native Method) ~[?:?]
	at jdk.internal.reflect.NativeMethodAccessorImpl.invoke(NativeMethodAccessorImpl.java:77) ~[?:?]
	at jdk.internal.reflect.DelegatingMethodAccessorImpl.invoke(DelegatingMethodAccessorImpl.java:43) ~[?:?]
	at java.lang.reflect.Method.invoke(Method.java:569) ~[?:?]
	at io.github.zekerzhayard.forgewrapper.installer.Main.main(Main.java:67) ~[?:?]
	at org.prismlauncher.launcher.impl.StandardLauncher.launch(StandardLauncher.java:115) ~[?:?]
	at org.prismlauncher.EntryPoint.listen(EntryPoint.java:129) ~[?:?]
	at org.prismlauncher.EntryPoint.main(EntryPoint.java:70) ~[?:?]
[28Mar2026 04:55:34.880] [Render thread/INFO] [net.minecraft.world.item.crafting.RecipeManager/]: Loaded 86 recipes
[28Mar2026 04:55:35.052] [Render thread/INFO] [quark/]: [Automatic Recipe Unlock] Removed 6601 recipe advancements
[28Mar2026 04:55:35.057] [Render thread/INFO] [net.minecraft.advancements.AdvancementList/]: Loaded 819 advancements
[28Mar2026 04:55:35.067] [Render thread/INFO] [top.theillusivec4.curios.Curios/]: Loaded 16 curio slots
[28Mar2026 04:55:35.073] [Render thread/INFO] [top.theillusivec4.curios.Curios/]: Loaded 9 curio entities
[28Mar2026 04:55:35.078] [Render thread/WARN] [net.minecraftforge.common.loot.LootModifierManager/]: Unable to decode loot conditions
com.google.gson.JsonSyntaxException: Unknown type 'alternative'
	at net.minecraft.world.level.storage.loot.GsonAdapterFactory$JsonAdapter.deserialize(GsonAdapterFactory.java:99) ~[client-1.20.1-20230612.114412-srg.jar%23352!/:?]
	at com.google.gson.internal.bind.TreeTypeAdapter.read(TreeTypeAdapter.java:76) ~[gson-2.10.jar%2388!/:?]
	at com.google.gson.internal.bind.TypeAdapterRuntimeTypeWrapper.read(TypeAdapterRuntimeTypeWrapper.java:40) ~[gson-2.10.jar%2388!/:?]
	at com.google.gson.internal.bind.ArrayTypeAdapter.read(ArrayTypeAdapter.java:72) ~[gson-2.10.jar%2388!/:?]
	at com.google.gson.Gson.fromJson(Gson.java:1214) ~[gson-2.10.jar%2388!/:?]
	at com.google.gson.Gson.fromJson(Gson.java:1319) ~[gson-2.10.jar%2388!/:?]
	at com.google.gson.Gson.fromJson(Gson.java:1261) ~[gson-2.10.jar%2388!/:?]
	at net.minecraftforge.common.loot.IGlobalLootModifier.lambda$static$1(IGlobalLootModifier.java:39) ~[forge-1.20.1-47.4.10-universal.jar%23357!/:?]
	at com.mojang.serialization.Decoder$1.lambda$decode$1(Decoder.java:49) ~[datafixerupper-6.0.8.jar%2395!/:?]
	at com.mojang.serialization.DataResult.lambda$flatMap$11(DataResult.java:139) ~[datafixerupper-6.0.8.jar%2395!/:?]
	at com.mojang.datafixers.util.Either$Left.map(Either.java:38) ~[datafixerupper-6.0.8.jar%2395!/:?]
	at com.mojang.serialization.DataResult.flatMap(DataResult.java:137) ~[datafixerupper-6.0.8.jar%2395!/:?]
	at com.mojang.serialization.Decoder$1.decode(Decoder.java:49) ~[datafixerupper-6.0.8.jar%2395!/:?]
	at com.mojang.serialization.Codec$2.decode(Codec.java:71) ~[datafixerupper-6.0.8.jar%2395!/:?]
	at com.mojang.serialization.Decoder.parse(Decoder.java:18) ~[datafixerupper-6.0.8.jar%2395!/:?]
	at com.mojang.serialization.codecs.FieldDecoder.decode(FieldDecoder.java:29) ~[datafixerupper-6.0.8.jar%2395!/:?]
	at com.mojang.serialization.MapCodec$1.decode(MapCodec.java:34) ~[datafixerupper-6.0.8.jar%2395!/:?]
	at com.mojang.serialization.codecs.RecordCodecBuilder$Instance$7.decode(RecordCodecBuilder.java:406) ~[datafixerupper-6.0.8.jar%2395!/:?]
	at com.mojang.serialization.codecs.RecordCodecBuilder$2.decode(RecordCodecBuilder.java:107) ~[datafixerupper-6.0.8.jar%2395!/:?]
	at com.mojang.serialization.codecs.KeyDispatchCodec.lambda$decode$3(KeyDispatchCodec.java:67) ~[datafixerupper-6.0.8.jar%2395!/:?]
	at com.mojang.serialization.DataResult.lambda$flatMap$11(DataResult.java:139) ~[datafixerupper-6.0.8.jar%2395!/:?]
	at com.mojang.datafixers.util.Either$Left.map(Either.java:38) ~[datafixerupper-6.0.8.jar%2395!/:?]
	at com.mojang.serialization.DataResult.flatMap(DataResult.java:137) ~[datafixerupper-6.0.8.jar%2395!/:?]
	at com.mojang.serialization.codecs.KeyDispatchCodec.lambda$decode$4(KeyDispatchCodec.java:58) ~[datafixerupper-6.0.8.jar%2395!/:?]
	at com.mojang.serialization.DataResult.lambda$flatMap$11(DataResult.java:139) ~[datafixerupper-6.0.8.jar%2395!/:?]
	at com.mojang.datafixers.util.Either$Left.map(Either.java:38) ~[datafixerupper-6.0.8.jar%2395!/:?]
	at com.mojang.serialization.DataResult.flatMap(DataResult.java:137) ~[datafixerupper-6.0.8.jar%2395!/:?]
	at com.mojang.serialization.codecs.KeyDispatchCodec.decode(KeyDispatchCodec.java:56) ~[datafixerupper-6.0.8.jar%2395!/:?]
	at com.mojang.serialization.MapDecoder.lambda$compressedDecode$1(MapDecoder.java:52) ~[datafixerupper-6.0.8.jar%2395!/:?]
	at com.mojang.serialization.DataResult.lambda$flatMap$11(DataResult.java:139) ~[datafixerupper-6.0.8.jar%2395!/:?]
	at com.mojang.datafixers.util.Either$Left.map(Either.java:38) ~[datafixerupper-6.0.8.jar%2395!/:?]
	at com.mojang.serialization.DataResult.flatMap(DataResult.java:137) ~[datafixerupper-6.0.8.jar%2395!/:?]
	at com.mojang.serialization.MapDecoder.compressedDecode(MapDecoder.java:52) ~[datafixerupper-6.0.8.jar%2395!/:?]
	at com.mojang.serialization.MapCodec$MapCodecCodec.decode(MapCodec.java:91) ~[datafixerupper-6.0.8.jar%2395!/:?]
	at com.mojang.serialization.Decoder.parse(Decoder.java:18) ~[datafixerupper-6.0.8.jar%2395!/:?]
	at net.minecraftforge.common.loot.LootModifierManager.apply(LootModifierManager.java:79) ~[forge-1.20.1-47.4.10-universal.jar%23357!/:?]
	at net.minecraftforge.common.loot.LootModifierManager.m_5787_(LootModifierManager.java:38) ~[forge-1.20.1-47.4.10-universal.jar%23357!/:?]
	at net.minecraft.server.packs.resources.SimplePreparableReloadListener.m_10789_(SimplePreparableReloadListener.java:13) ~[client-1.20.1-20230612.114412-srg.jar%23352!/:?]
	at java.util.concurrent.CompletableFuture$UniAccept.tryFire(CompletableFuture.java:718) ~[?:?]
	at java.util.concurrent.CompletableFuture$Completion.run(CompletableFuture.java:482) ~[?:?]
	at net.minecraft.server.packs.resources.SimpleReloadInstance.m_143940_(SimpleReloadInstance.java:69) ~[client-1.20.1-20230612.114412-srg.jar%23352!/:?]
	at net.minecraft.util.thread.BlockableEventLoop.m_6367_(BlockableEventLoop.java:156) ~[client-1.20.1-20230612.114412-srg.jar%23352!/:?]
	at net.minecraft.util.thread.ReentrantBlockableEventLoop.m_6367_(ReentrantBlockableEventLoop.java:23) ~[client-1.20.1-20230612.114412-srg.jar%23352!/:?]
	at net.minecraft.util.thread.BlockableEventLoop.m_7245_(BlockableEventLoop.java:130) ~[client-1.20.1-20230612.114412-srg.jar%23352!/:?]
	at net.minecraft.util.thread.BlockableEventLoop.m_18701_(BlockableEventLoop.java:139) ~[client-1.20.1-20230612.114412-srg.jar%23352!/:?]
	at net.minecraft.client.gui.screens.worldselection.CreateWorldScreen.m_232896_(CreateWorldScreen.java:131) ~[client-1.20.1-20230612.114412-srg.jar%23352!/:?]
	at net.minecraft.client.gui.screens.worldselection.SelectWorldScreen.m_279861_(SelectWorldScreen.java:60) ~[client-1.20.1-20230612.114412-srg.jar%23352!/:?]
	at net.minecraft.client.gui.components.Button.m_5691_(Button.java:38) ~[client-1.20.1-20230612.114412-srg.jar%23352!/:?]
	at net.minecraft.client.gui.components.AbstractButton.m_5716_(AbstractButton.java:55) ~[client-1.20.1-20230612.114412-srg.jar%23352!/:?]
	at net.minecraft.client.gui.components.AbstractWidget.m_6375_(AbstractWidget.java:175) ~[client-1.20.1-20230612.114412-srg.jar%23352!/:?]
	at net.minecraft.client.gui.components.events.ContainerEventHandler.m_6375_(ContainerEventHandler.java:38) ~[client-1.20.1-20230612.114412-srg.jar%23352!/:?]
	at net.minecraft.client.MouseHandler.m_168084_(MouseHandler.java:92) ~[client-1.20.1-20230612.114412-srg.jar%23352!/:?]
	at net.minecraft.client.gui.screens.Screen.m_96579_(Screen.java:437) ~[client-1.20.1-20230612.114412-srg.jar%23352!/:?]
	at net.minecraft.client.MouseHandler.m_91530_(MouseHandler.java:89) ~[client-1.20.1-20230612.114412-srg.jar%23352!/:?]
	at net.minecraft.client.MouseHandler.m_168091_(MouseHandler.java:189) ~[client-1.20.1-20230612.114412-srg.jar%23352!/:?]
	at net.minecraft.util.thread.BlockableEventLoop.execute(BlockableEventLoop.java:102) ~[client-1.20.1-20230612.114412-srg.jar%23352!/:?]
	at net.minecraft.client.MouseHandler.m_91565_(MouseHandler.java:188) ~[client-1.20.1-20230612.114412-srg.jar%23352!/:?]
	at org.lwjgl.glfw.GLFWMouseButtonCallbackI.callback(GLFWMouseButtonCallbackI.java:43) ~[lwjgl-glfw-3.3.1.jar%2373!/:build 7]
	at org.lwjgl.system.JNI.invokeV(Native Method) ~[lwjgl-3.3.1.jar%2385!/:build 7]
	at org.lwjgl.glfw.GLFW.glfwWaitEventsTimeout(GLFW.java:3474) ~[lwjgl-glfw-3.3.1.jar%2373!/:build 7]
	at com.mojang.blaze3d.systems.RenderSystem.limitDisplayFPS(RenderSystem.java:237) ~[client-1.20.1-20230612.114412-srg.jar%23352!/:?]
	at net.minecraft.client.Minecraft.m_91383_(Minecraft.java:1173) ~[client-1.20.1-20230612.114412-srg.jar%23352!/:?]
	at net.minecraft.client.Minecraft.m_91374_(Minecraft.java:718) ~[client-1.20.1-20230612.114412-srg.jar%23352!/:?]
	at net.minecraft.client.main.Main.main(Main.java:218) ~[minecraft-1.20.1-client.jar:?]
	at jdk.internal.reflect.NativeMethodAccessorImpl.invoke0(Native Method) ~[?:?]
	at jdk.internal.reflect.NativeMethodAccessorImpl.invoke(NativeMethodAccessorImpl.java:77) ~[?:?]
	at jdk.internal.reflect.DelegatingMethodAccessorImpl.invoke(DelegatingMethodAccessorImpl.java:43) ~[?:?]
	at java.lang.reflect.Method.invoke(Method.java:569) ~[?:?]
	at net.minecraftforge.fml.loading.targets.CommonLaunchHandler.runTarget(CommonLaunchHandler.java:111) ~[fmlloader-1.20.1-47.4.10.jar:?]
	at net.minecraftforge.fml.loading.targets.CommonLaunchHandler.clientService(CommonLaunchHandler.java:99) ~[fmlloader-1.20.1-47.4.10.jar:?]
	at net.minecraftforge.fml.loading.targets.CommonClientLaunchHandler.lambda$makeService$0(CommonClientLaunchHandler.java:25) ~[fmlloader-1.20.1-47.4.10.jar:?]
	at cpw.mods.modlauncher.LaunchServiceHandlerDecorator.launch(LaunchServiceHandlerDecorator.java:30) ~[modlauncher-10.0.9.jar:?]
	at cpw.mods.modlauncher.LaunchServiceHandler.launch(LaunchServiceHandler.java:53) ~[modlauncher-10.0.9.jar:?]
	at cpw.mods.modlauncher.LaunchServiceHandler.launch(LaunchServiceHandler.java:71) ~[modlauncher-10.0.9.jar:?]
	at cpw.mods.modlauncher.Launcher.run(Launcher.java:108) ~[modlauncher-10.0.9.jar:?]
	at cpw.mods.modlauncher.Launcher.main(Launcher.java:78) ~[modlauncher-10.0.9.jar:?]
	at cpw.mods.modlauncher.BootstrapLaunchConsumer.accept(BootstrapLaunchConsumer.java:26) ~[modlauncher-10.0.9.jar:?]
	at cpw.mods.modlauncher.BootstrapLaunchConsumer.accept(BootstrapLaunchConsumer.java:23) ~[modlauncher-10.0.9.jar:?]
	at cpw.mods.bootstraplauncher.BootstrapLauncher.main(BootstrapLauncher.java:141) ~[bootstraplauncher-1.1.2.jar:?]
	at jdk.internal.reflect.NativeMethodAccessorImpl.invoke0(Native Method) ~[?:?]
	at jdk.internal.reflect.NativeMethodAccessorImpl.invoke(NativeMethodAccessorImpl.java:77) ~[?:?]
	at jdk.internal.reflect.DelegatingMethodAccessorImpl.invoke(DelegatingMethodAccessorImpl.java:43) ~[?:?]
	at java.lang.reflect.Method.invoke(Method.java:569) ~[?:?]
	at io.github.zekerzhayard.forgewrapper.installer.Main.main(Main.java:67) ~[?:?]
	at org.prismlauncher.launcher.impl.StandardLauncher.launch(StandardLauncher.java:115) ~[?:?]
	at org.prismlauncher.EntryPoint.listen(EntryPoint.java:129) ~[?:?]
	at org.prismlauncher.EntryPoint.main(EntryPoint.java:70) ~[?:?]
[28Mar2026 04:55:35.079] [Render thread/WARN] [net.minecraftforge.common.loot.LootModifierManager/]: Could not decode GlobalLootModifier with json id miners_delight:scavenging_tentacles - error: Unknown type 'alternative'
[28Mar2026 04:55:35.079] [Render thread/WARN] [net.minecraftforge.common.loot.LootModifierManager/]: Unable to decode loot conditions
com.google.gson.JsonSyntaxException: Unknown type 'alternative'
	at net.minecraft.world.level.storage.loot.GsonAdapterFactory$JsonAdapter.deserialize(GsonAdapterFactory.java:99) ~[client-1.20.1-20230612.114412-srg.jar%23352!/:?]
	at com.google.gson.internal.bind.TreeTypeAdapter.read(TreeTypeAdapter.java:76) ~[gson-2.10.jar%2388!/:?]
	at com.google.gson.internal.bind.TypeAdapterRuntimeTypeWrapper.read(TypeAdapterRuntimeTypeWrapper.java:40) ~[gson-2.10.jar%2388!/:?]
	at com.google.gson.internal.bind.ArrayTypeAdapter.read(ArrayTypeAdapter.java:72) ~[gson-2.10.jar%2388!/:?]
	at com.google.gson.Gson.fromJson(Gson.java:1214) ~[gson-2.10.jar%2388!/:?]
	at com.google.gson.Gson.fromJson(Gson.java:1319) ~[gson-2.10.jar%2388!/:?]
	at com.google.gson.Gson.fromJson(Gson.java:1261) ~[gson-2.10.jar%2388!/:?]
	at net.minecraftforge.common.loot.IGlobalLootModifier.lambda$static$1(IGlobalLootModifier.java:39) ~[forge-1.20.1-47.4.10-universal.jar%23357!/:?]
	at com.mojang.serialization.Decoder$1.lambda$decode$1(Decoder.java:49) ~[datafixerupper-6.0.8.jar%2395!/:?]
	at com.mojang.serialization.DataResult.lambda$flatMap$11(DataResult.java:139) ~[datafixerupper-6.0.8.jar%2395!/:?]
	at com.mojang.datafixers.util.Either$Left.map(Either.java:38) ~[datafixerupper-6.0.8.jar%2395!/:?]
	at com.mojang.serialization.DataResult.flatMap(DataResult.java:137) ~[datafixerupper-6.0.8.jar%2395!/:?]
	at com.mojang.serialization.Decoder$1.decode(Decoder.java:49) ~[datafixerupper-6.0.8.jar%2395!/:?]
	at com.mojang.serialization.Codec$2.decode(Codec.java:71) ~[datafixerupper-6.0.8.jar%2395!/:?]
	at com.mojang.serialization.Decoder.parse(Decoder.java:18) ~[datafixerupper-6.0.8.jar%2395!/:?]
	at com.mojang.serialization.codecs.FieldDecoder.decode(FieldDecoder.java:29) ~[datafixerupper-6.0.8.jar%2395!/:?]
	at com.mojang.serialization.MapCodec$1.decode(MapCodec.java:34) ~[datafixerupper-6.0.8.jar%2395!/:?]
	at com.mojang.serialization.codecs.RecordCodecBuilder$Instance$5.decode(RecordCodecBuilder.java:323) ~[datafixerupper-6.0.8.jar%2395!/:?]
	at com.mojang.serialization.codecs.RecordCodecBuilder$2.decode(RecordCodecBuilder.java:107) ~[datafixerupper-6.0.8.jar%2395!/:?]
	at com.mojang.serialization.codecs.KeyDispatchCodec.lambda$decode$3(KeyDispatchCodec.java:67) ~[datafixerupper-6.0.8.jar%2395!/:?]
	at com.mojang.serialization.DataResult.lambda$flatMap$11(DataResult.java:139) ~[datafixerupper-6.0.8.jar%2395!/:?]
	at com.mojang.datafixers.util.Either$Left.map(Either.java:38) ~[datafixerupper-6.0.8.jar%2395!/:?]
	at com.mojang.serialization.DataResult.flatMap(DataResult.java:137) ~[datafixerupper-6.0.8.jar%2395!/:?]
	at com.mojang.serialization.codecs.KeyDispatchCodec.lambda$decode$4(KeyDispatchCodec.java:58) ~[datafixerupper-6.0.8.jar%2395!/:?]
	at com.mojang.serialization.DataResult.lambda$flatMap$11(DataResult.java:139) ~[datafixerupper-6.0.8.jar%2395!/:?]
	at com.mojang.datafixers.util.Either$Left.map(Either.java:38) ~[datafixerupper-6.0.8.jar%2395!/:?]
	at com.mojang.serialization.DataResult.flatMap(DataResult.java:137) ~[datafixerupper-6.0.8.jar%2395!/:?]
	at com.mojang.serialization.codecs.KeyDispatchCodec.decode(KeyDispatchCodec.java:56) ~[datafixerupper-6.0.8.jar%2395!/:?]
	at com.mojang.serialization.MapDecoder.lambda$compressedDecode$1(MapDecoder.java:52) ~[datafixerupper-6.0.8.jar%2395!/:?]
	at com.mojang.serialization.DataResult.lambda$flatMap$11(DataResult.java:139) ~[datafixerupper-6.0.8.jar%2395!/:?]
	at com.mojang.datafixers.util.Either$Left.map(Either.java:38) ~[datafixerupper-6.0.8.jar%2395!/:?]
	at com.mojang.serialization.DataResult.flatMap(DataResult.java:137) ~[datafixerupper-6.0.8.jar%2395!/:?]
	at com.mojang.serialization.MapDecoder.compressedDecode(MapDecoder.java:52) ~[datafixerupper-6.0.8.jar%2395!/:?]
	at com.mojang.serialization.MapCodec$MapCodecCodec.decode(MapCodec.java:91) ~[datafixerupper-6.0.8.jar%2395!/:?]
	at com.mojang.serialization.Decoder.parse(Decoder.java:18) ~[datafixerupper-6.0.8.jar%2395!/:?]
	at net.minecraftforge.common.loot.LootModifierManager.apply(LootModifierManager.java:79) ~[forge-1.20.1-47.4.10-universal.jar%23357!/:?]
	at net.minecraftforge.common.loot.LootModifierManager.m_5787_(LootModifierManager.java:38) ~[forge-1.20.1-47.4.10-universal.jar%23357!/:?]
	at net.minecraft.server.packs.resources.SimplePreparableReloadListener.m_10789_(SimplePreparableReloadListener.java:13) ~[client-1.20.1-20230612.114412-srg.jar%23352!/:?]
	at java.util.concurrent.CompletableFuture$UniAccept.tryFire(CompletableFuture.java:718) ~[?:?]
	at java.util.concurrent.CompletableFuture$Completion.run(CompletableFuture.java:482) ~[?:?]
	at net.minecraft.server.packs.resources.SimpleReloadInstance.m_143940_(SimpleReloadInstance.java:69) ~[client-1.20.1-20230612.114412-srg.jar%23352!/:?]
	at net.minecraft.util.thread.BlockableEventLoop.m_6367_(BlockableEventLoop.java:156) ~[client-1.20.1-20230612.114412-srg.jar%23352!/:?]
	at net.minecraft.util.thread.ReentrantBlockableEventLoop.m_6367_(ReentrantBlockableEventLoop.java:23) ~[client-1.20.1-20230612.114412-srg.jar%23352!/:?]
	at net.minecraft.util.thread.BlockableEventLoop.m_7245_(BlockableEventLoop.java:130) ~[client-1.20.1-20230612.114412-srg.jar%23352!/:?]
	at net.minecraft.util.thread.BlockableEventLoop.m_18701_(BlockableEventLoop.java:139) ~[client-1.20.1-20230612.114412-srg.jar%23352!/:?]
	at net.minecraft.client.gui.screens.worldselection.CreateWorldScreen.m_232896_(CreateWorldScreen.java:131) ~[client-1.20.1-20230612.114412-srg.jar%23352!/:?]
	at net.minecraft.client.gui.screens.worldselection.SelectWorldScreen.m_279861_(SelectWorldScreen.java:60) ~[client-1.20.1-20230612.114412-srg.jar%23352!/:?]
	at net.minecraft.client.gui.components.Button.m_5691_(Button.java:38) ~[client-1.20.1-20230612.114412-srg.jar%23352!/:?]
	at net.minecraft.client.gui.components.AbstractButton.m_5716_(AbstractButton.java:55) ~[client-1.20.1-20230612.114412-srg.jar%23352!/:?]
	at net.minecraft.client.gui.components.AbstractWidget.m_6375_(AbstractWidget.java:175) ~[client-1.20.1-20230612.114412-srg.jar%23352!/:?]
	at net.minecraft.client.gui.components.events.ContainerEventHandler.m_6375_(ContainerEventHandler.java:38) ~[client-1.20.1-20230612.114412-srg.jar%23352!/:?]
	at net.minecraft.client.MouseHandler.m_168084_(MouseHandler.java:92) ~[client-1.20.1-20230612.114412-srg.jar%23352!/:?]
	at net.minecraft.client.gui.screens.Screen.m_96579_(Screen.java:437) ~[client-1.20.1-20230612.114412-srg.jar%23352!/:?]
	at net.minecraft.client.MouseHandler.m_91530_(MouseHandler.java:89) ~[client-1.20.1-20230612.114412-srg.jar%23352!/:?]
	at net.minecraft.client.MouseHandler.m_168091_(MouseHandler.java:189) ~[client-1.20.1-20230612.114412-srg.jar%23352!/:?]
	at net.minecraft.util.thread.BlockableEventLoop.execute(BlockableEventLoop.java:102) ~[client-1.20.1-20230612.114412-srg.jar%23352!/:?]
	at net.minecraft.client.MouseHandler.m_91565_(MouseHandler.java:188) ~[client-1.20.1-20230612.114412-srg.jar%23352!/:?]
	at org.lwjgl.glfw.GLFWMouseButtonCallbackI.callback(GLFWMouseButtonCallbackI.java:43) ~[lwjgl-glfw-3.3.1.jar%2373!/:build 7]
	at org.lwjgl.system.JNI.invokeV(Native Method) ~[lwjgl-3.3.1.jar%2385!/:build 7]
	at org.lwjgl.glfw.GLFW.glfwWaitEventsTimeout(GLFW.java:3474) ~[lwjgl-glfw-3.3.1.jar%2373!/:build 7]
	at com.mojang.blaze3d.systems.RenderSystem.limitDisplayFPS(RenderSystem.java:237) ~[client-1.20.1-20230612.114412-srg.jar%23352!/:?]
	at net.minecraft.client.Minecraft.m_91383_(Minecraft.java:1173) ~[client-1.20.1-20230612.114412-srg.jar%23352!/:?]
	at net.minecraft.client.Minecraft.m_91374_(Minecraft.java:718) ~[client-1.20.1-20230612.114412-srg.jar%23352!/:?]
	at net.minecraft.client.main.Main.main(Main.java:218) ~[minecraft-1.20.1-client.jar:?]
	at jdk.internal.reflect.NativeMethodAccessorImpl.invoke0(Native Method) ~[?:?]
	at jdk.internal.reflect.NativeMethodAccessorImpl.invoke(NativeMethodAccessorImpl.java:77) ~[?:?]
	at jdk.internal.reflect.DelegatingMethodAccessorImpl.invoke(DelegatingMethodAccessorImpl.java:43) ~[?:?]
	at java.lang.reflect.Method.invoke(Method.java:569) ~[?:?]
	at net.minecraftforge.fml.loading.targets.CommonLaunchHandler.runTarget(CommonLaunchHandler.java:111) ~[fmlloader-1.20.1-47.4.10.jar:?]
	at net.minecraftforge.fml.loading.targets.CommonLaunchHandler.clientService(CommonLaunchHandler.java:99) ~[fmlloader-1.20.1-47.4.10.jar:?]
	at net.minecraftforge.fml.loading.targets.CommonClientLaunchHandler.lambda$makeService$0(CommonClientLaunchHandler.java:25) ~[fmlloader-1.20.1-47.4.10.jar:?]
	at cpw.mods.modlauncher.LaunchServiceHandlerDecorator.launch(LaunchServiceHandlerDecorator.java:30) ~[modlauncher-10.0.9.jar:?]
	at cpw.mods.modlauncher.LaunchServiceHandler.launch(LaunchServiceHandler.java:53) ~[modlauncher-10.0.9.jar:?]
	at cpw.mods.modlauncher.LaunchServiceHandler.launch(LaunchServiceHandler.java:71) ~[modlauncher-10.0.9.jar:?]
	at cpw.mods.modlauncher.Launcher.run(Launcher.java:108) ~[modlauncher-10.0.9.jar:?]
	at cpw.mods.modlauncher.Launcher.main(Launcher.java:78) ~[modlauncher-10.0.9.jar:?]
	at cpw.mods.modlauncher.BootstrapLaunchConsumer.accept(BootstrapLaunchConsumer.java:26) ~[modlauncher-10.0.9.jar:?]
	at cpw.mods.modlauncher.BootstrapLaunchConsumer.accept(BootstrapLaunchConsumer.java:23) ~[modlauncher-10.0.9.jar:?]
	at cpw.mods.bootstraplauncher.BootstrapLauncher.main(BootstrapLauncher.java:141) ~[bootstraplauncher-1.1.2.jar:?]
	at jdk.internal.reflect.NativeMethodAccessorImpl.invoke0(Native Method) ~[?:?]
	at jdk.internal.reflect.NativeMethodAccessorImpl.invoke(NativeMethodAccessorImpl.java:77) ~[?:?]
	at jdk.internal.reflect.DelegatingMethodAccessorImpl.invoke(DelegatingMethodAccessorImpl.java:43) ~[?:?]
	at java.lang.reflect.Method.invoke(Method.java:569) ~[?:?]
	at io.github.zekerzhayard.forgewrapper.installer.Main.main(Main.java:67) ~[?:?]
	at org.prismlauncher.launcher.impl.StandardLauncher.launch(StandardLauncher.java:115) ~[?:?]
	at org.prismlauncher.EntryPoint.listen(EntryPoint.java:129) ~[?:?]
	at org.prismlauncher.EntryPoint.main(EntryPoint.java:70) ~[?:?]
[28Mar2026 04:55:35.081] [Render thread/WARN] [net.minecraftforge.common.loot.LootModifierManager/]: Could not decode GlobalLootModifier with json id miners_delight:scavenging_silverfish - error: Unknown type 'alternative'
[28Mar2026 04:55:35.104] [Render thread/INFO] [Diet/]: Loaded 5 diet groups
[28Mar2026 04:55:35.108] [Render thread/INFO] [Diet/]: Loaded 1 diet suites
[28Mar2026 04:55:35.108] [Render thread/INFO] [net.stirdrem.overgeared.OvergearedMod/]: Loaded 0 blueprint tooltype packs
[28Mar2026 04:55:35.108] [Render thread/INFO] [net.stirdrem.overgeared.OvergearedMod/]: Tool types initialized: 5
[28Mar2026 04:55:35.109] [Render thread/INFO] [net.stirdrem.overgeared.OvergearedMod/]: Loaded 0 item textures, 0 tag textures, 0 item sounds, 0 tag sounds
[28Mar2026 04:55:35.109] [Render thread/INFO] [net.stirdrem.overgeared.OvergearedMod/]: Loaded 1 rock interactions from datapacks
[28Mar2026 04:55:35.110] [Render thread/INFO] [net.stirdrem.overgeared.OvergearedMod/]: Loaded 4 quality attribute files
[28Mar2026 04:55:35.112] [Render thread/INFO] [quark-zeta/]: Modified advancement minecraft:husbandry/wax_on with 2 patches
[28Mar2026 04:55:35.112] [Render thread/INFO] [quark-zeta/]: Modified advancement minecraft:adventure/kill_a_mob with 3 patches
[28Mar2026 04:55:35.112] [Render thread/INFO] [quark-zeta/]: Modified advancement minecraft:husbandry/bred_all_animals with 3 patches
[28Mar2026 04:55:35.113] [Render thread/INFO] [quark-zeta/]: Modified advancement minecraft:adventure/kill_all_mobs with 3 patches
[28Mar2026 04:55:35.113] [Render thread/INFO] [quark-zeta/]: Modified advancement minecraft:husbandry/balanced_diet with 2 patches
[28Mar2026 04:55:35.113] [Render thread/INFO] [quark-zeta/]: Modified advancement minecraft:nether/all_effects with 1 patches
[28Mar2026 04:55:35.113] [Render thread/INFO] [quark-zeta/]: Modified advancement minecraft:husbandry/wax_off with 2 patches
[28Mar2026 04:55:35.113] [Render thread/INFO] [quark-zeta/]: Modified advancement minecraft:adventure/adventuring_time with 1 patches
[28Mar2026 04:55:35.113] [Render thread/INFO] [quark-zeta/]: Modified advancement minecraft:nether/all_potions with 1 patches
[28Mar2026 04:55:35.133] [Render thread/INFO] [se.mickelus.mutil.data.DataStore/]: Loaded   1 tiers
[28Mar2026 04:55:35.134] [Render thread/INFO] [se.mickelus.mutil.data.DataStore/]: Loaded   8 tweaks
[28Mar2026 04:55:35.136] [Render thread/INFO] [se.mickelus.mutil.data.MergingDataStore/]: Loaded  70 materials
[28Mar2026 04:55:35.140] [Render thread/INFO] [se.mickelus.mutil.data.DataStore/]: Loaded 147 improvements
[28Mar2026 04:55:35.173] [Render thread/INFO] [se.mickelus.mutil.data.MergingDataStore/]: Loaded  78 modules
[28Mar2026 04:55:35.218] [Render thread/INFO] [se.mickelus.tetra.client.model.ModularModelLoader/]: Clearing model cache for 0 items, let's get bakin'
[28Mar2026 04:55:35.219] [Render thread/INFO] [se.mickelus.mutil.data.DataStore/]: Loaded   0 enchantments
[28Mar2026 04:55:35.219] [Render thread/INFO] [se.mickelus.mutil.data.DataStore/]: Loaded  22 synergies
[28Mar2026 04:55:35.220] [Render thread/INFO] [se.mickelus.mutil.data.DataStore/]: Loaded  11 replacements
[28Mar2026 04:55:35.225] [Render thread/INFO] [se.mickelus.mutil.data.MergingDataStore/]: Loaded 343 schematics
[28Mar2026 04:55:35.252] [Render thread/INFO] [se.mickelus.mutil.data.MergingDataStore/]: Loaded  43 crafting_effects
[28Mar2026 04:55:35.262] [Render thread/INFO] [se.mickelus.mutil.data.DataStore/]: Loaded  35 repairs
[28Mar2026 04:55:35.264] [Render thread/INFO] [se.mickelus.mutil.data.DataStore/]: Loaded   2 actions
[28Mar2026 04:55:35.265] [Render thread/INFO] [se.mickelus.mutil.data.DataStore/]: Loaded   0 unlocks
[28Mar2026 04:55:35.265] [Render thread/INFO] [se.mickelus.mutil.data.DataStore/]: Loaded   0 archetypes
[28Mar2026 04:55:35.265] [Render thread/INFO] [se.mickelus.mutil.data.DataStore/]: Loaded   1 item_effects
[28Mar2026 04:55:35.270] [Render thread/INFO] [se.mickelus.mutil.data.DataStore/]: Loaded  28 modifier_effects
[28Mar2026 04:55:40.598] [Render thread/INFO] [Antique Atlas/]: [Antique Atlas] Set fallback biome for alexscaves:abyssal_chasm to minecraft:river. You can set a more fitting texture using a resource pack!
[28Mar2026 04:55:40.598] [Render thread/WARN] [Antique Atlas/]: [Antique Atlas] No fallback could be found for deep_aether:aerglow_forest. This shouldn't happen! This means the biome is not in ANY conventional or vanilla tag on the client!
[28Mar2026 04:55:40.598] [Render thread/WARN] [Antique Atlas/]: [Antique Atlas] No fallback could be found for deep_aether:aerlavender_fields. This shouldn't happen! This means the biome is not in ANY conventional or vanilla tag on the client!
[28Mar2026 04:55:40.598] [Render thread/INFO] [Antique Atlas/]: [Antique Atlas] Set fallback biome for luminous_nether:ash_forest to minecraft:soul_sand_valley. You can set a more fitting texture using a resource pack!
[28Mar2026 04:55:40.598] [Render thread/WARN] [Antique Atlas/]: [Antique Atlas] No fallback could be found for deep_aether:blue_aerglow_forest. This shouldn't happen! This means the biome is not in ANY conventional or vanilla tag on the client!
[28Mar2026 04:55:40.598] [Render thread/INFO] [Antique Atlas/]: [Antique Atlas] Set fallback biome for alexscaves:candy_cavity to minecraft:mushroom_fields. You can set a more fitting texture using a resource pack!
[28Mar2026 04:55:40.598] [Render thread/WARN] [Antique Atlas/]: [Antique Atlas] No fallback could be found for deep_aether:cloud. This shouldn't happen! This means the biome is not in ANY conventional or vanilla tag on the client!
[28Mar2026 04:55:40.598] [Render thread/WARN] [Antique Atlas/]: [Antique Atlas] No fallback could be found for terrablender:deferred_placeholder. This shouldn't happen! This means the biome is not in ANY conventional or vanilla tag on the client!
[28Mar2026 04:55:40.598] [Render thread/INFO] [Antique Atlas/]: [Antique Atlas] Set fallback biome for alexscaves:forlorn_hollows to minecraft:dark_forest. You can set a more fitting texture using a resource pack!
[28Mar2026 04:55:40.598] [Render thread/INFO] [Antique Atlas/]: [Antique Atlas] Set fallback biome for luminous_nether:fungal_plains to minecraft:soul_sand_valley. You can set a more fitting texture using a resource pack!
[28Mar2026 04:55:40.598] [Render thread/INFO] [Antique Atlas/]: [Antique Atlas] Set fallback biome for quark:glimmering_weald to minecraft:mushroom_fields. You can set a more fitting texture using a resource pack!
[28Mar2026 04:55:40.598] [Render thread/WARN] [Antique Atlas/]: [Antique Atlas] No fallback could be found for deep_aether:golden_grove. This shouldn't happen! This means the biome is not in ANY conventional or vanilla tag on the client!
[28Mar2026 04:55:40.598] [Render thread/WARN] [Antique Atlas/]: [Antique Atlas] No fallback could be found for deep_aether:golden_heights. This shouldn't happen! This means the biome is not in ANY conventional or vanilla tag on the client!
[28Mar2026 04:55:40.598] [Render thread/WARN] [Antique Atlas/]: [Antique Atlas] No fallback could be found for riverredux:gravelly_river. This shouldn't happen! This means the biome is not in ANY conventional or vanilla tag on the client!
[28Mar2026 04:55:40.598] [Render thread/WARN] [Antique Atlas/]: [Antique Atlas] No fallback could be found for deep_aether:luminescent_forest. This shouldn't happen! This means the biome is not in ANY conventional or vanilla tag on the client!
[28Mar2026 04:55:40.599] [Render thread/INFO] [Antique Atlas/]: [Antique Atlas] Set fallback biome for alexscaves:magnetic_caves to minecraft:plains. You can set a more fitting texture using a resource pack!
[28Mar2026 04:55:40.599] [Render thread/WARN] [Antique Atlas/]: [Antique Atlas] No fallback could be found for deep_aether:mystic_aerglow_forest. This shouldn't happen! This means the biome is not in ANY conventional or vanilla tag on the client!
[28Mar2026 04:55:40.599] [Render thread/WARN] [Antique Atlas/]: [Antique Atlas] No fallback could be found for alexscaves:primordial_caves. This shouldn't happen! This means the biome is not in ANY conventional or vanilla tag on the client!
[28Mar2026 04:55:40.599] [Render thread/WARN] [Antique Atlas/]: [Antique Atlas] No fallback could be found for riverredux:sandy_river. This shouldn't happen! This means the biome is not in ANY conventional or vanilla tag on the client!
[28Mar2026 04:55:40.599] [Render thread/WARN] [Antique Atlas/]: [Antique Atlas] No fallback could be found for aether:skyroot_forest. This shouldn't happen! This means the biome is not in ANY conventional or vanilla tag on the client!
[28Mar2026 04:55:40.599] [Render thread/WARN] [Antique Atlas/]: [Antique Atlas] No fallback could be found for aether:skyroot_grove. This shouldn't happen! This means the biome is not in ANY conventional or vanilla tag on the client!
[28Mar2026 04:55:40.599] [Render thread/WARN] [Antique Atlas/]: [Antique Atlas] No fallback could be found for aether:skyroot_meadow. This shouldn't happen! This means the biome is not in ANY conventional or vanilla tag on the client!
[28Mar2026 04:55:40.599] [Render thread/WARN] [Antique Atlas/]: [Antique Atlas] No fallback could be found for aether:skyroot_woodland. This shouldn't happen! This means the biome is not in ANY conventional or vanilla tag on the client!
[28Mar2026 04:55:40.599] [Render thread/INFO] [Antique Atlas/]: [Antique Atlas] Set fallback biome for alexscaves:toxic_caves to minecraft:desert. You can set a more fitting texture using a resource pack!
[28Mar2026 04:55:40.599] [Render thread/WARN] [Antique Atlas/]: [Antique Atlas] No fallback could be found for riverredux:tropical_river. This shouldn't happen! This means the biome is not in ANY conventional or vanilla tag on the client!
[28Mar2026 04:55:40.599] [Render thread/WARN] [Antique Atlas/]: [Antique Atlas] No fallback could be found for deep_aether:yagroot_swamp. This shouldn't happen! This means the biome is not in ANY conventional or vanilla tag on the client!
[28Mar2026 04:55:40.624] [Render thread/INFO] [de.keksuccino.fancymenu.customization.layer.ScreenCustomizationLayerHandler/]: [FANCYMENU] ScreenCustomizationLayer registered: create_world_screen
[28Mar2026 04:55:42.715] [Render thread/INFO] [com.simibubi.create.Create/]: Created 1073 recipes which will be injected into the game
[28Mar2026 04:55:42.718] [Render thread/INFO] [com.simibubi.create.Create/]: Created 188 tags which will be injected into the game
[28Mar2026 04:55:42.778] [Render thread/INFO] [de.keksuccino.fancymenu.customization.layer.ScreenCustomizationLayerHandler/]: [FANCYMENU] ScreenCustomizationLayer registered: progress_screen
[28Mar2026 04:55:42.887] [Server thread/INFO] [net.minecraft.client.server.IntegratedServer/]: Starting integrated minecraft server version 1.20.1
[28Mar2026 04:55:42.888] [Server thread/INFO] [net.minecraft.server.MinecraftServer/]: Generating keypair
[28Mar2026 04:55:42.957] [Server thread/INFO] [Cold Sweat/]: Loading registries from configs...
[28Mar2026 04:55:42.957] [Server thread/INFO] [Cold Sweat/]: Loading registries from data resources...
[28Mar2026 04:55:42.961] [Server thread/INFO] [Cold Sweat/]: Handling registry modifiers...
[28Mar2026 04:55:42.962] [Server thread/INFO] [Cold Sweat/]: Loaded 1 insulators: [cold_sweat:create/netherite_backtank]
[28Mar2026 04:55:42.962] [Server thread/INFO] [Cold Sweat/]: Loaded 0 fuels.
[28Mar2026 04:55:42.962] [Server thread/INFO] [Cold Sweat/]: Loaded 0 foods.
[28Mar2026 04:55:42.962] [Server thread/INFO] [Cold Sweat/]: Loaded 0 item temperatures.
[28Mar2026 04:55:42.962] [Server thread/INFO] [Cold Sweat/]: Loaded 0 drying items.
[28Mar2026 04:55:42.962] [Server thread/INFO] [Cold Sweat/]: Loaded 0 insulation slots configs.
[28Mar2026 04:55:42.962] [Server thread/INFO] [Cold Sweat/]: Loaded 0 block temperatures.
[28Mar2026 04:55:42.962] [Server thread/INFO] [Cold Sweat/]: Loaded 0 biome temperatures.
[28Mar2026 04:55:42.962] [Server thread/INFO] [Cold Sweat/]: Loaded 0 dimension temperatures.
[28Mar2026 04:55:42.962] [Server thread/INFO] [Cold Sweat/]: Loaded 0 structure temperatures.
[28Mar2026 04:55:42.966] [Server thread/INFO] [Cold Sweat/]: Loaded 2 depth temperatures: [cold_sweat:compat/default_aether, cold_sweat:default]
[28Mar2026 04:55:42.967] [Server thread/INFO] [Cold Sweat/]: Loaded 1 insulated mounts: [cold_sweat:strider]
[28Mar2026 04:55:42.967] [Server thread/INFO] [Cold Sweat/]: Loaded 0 entity spawn biomes.
[28Mar2026 04:55:42.968] [Server thread/INFO] [Cold Sweat/]: Loaded 2 entity temperatures: [cold_sweat:furnace_minecart, cold_sweat:on_fire]
[28Mar2026 04:55:42.968] [Server thread/INFO] [Cold Sweat/]: Loaded 0 entity climates.
[28Mar2026 04:55:42.968] [Server thread/INFO] [Cold Sweat/]: Loaded 2 temp effects: [cold_sweat:default_entity, cold_sweat:default_player]
[28Mar2026 04:55:42.968] [Server thread/INFO] [Cold Sweat/]: Loading TOML configs...
[28Mar2026 04:55:42.977] [Server thread/INFO] [Cold Sweat/]: Loading BlockTemps...
[28Mar2026 04:55:42.979] [Server thread/INFO] [net.orion.create_cold_sweat.CreateColdSweat/]: Registering Create: Cold Sweat BlockEffects
[28Mar2026 04:55:42.984] [Server thread/INFO] [net.orion.create_cold_sweat.CreateColdSweat/]: translation{key='block.create.blaze_burner', args=[]}
[28Mar2026 04:55:42.987] [Server thread/INFO] [net.orion.create_cold_sweat.CreateColdSweat/]: translation{key='block.create.steam_engine', args=[]}
[28Mar2026 04:55:42.988] [Server thread/INFO] [net.orion.create_cold_sweat.CreateColdSweat/]: translation{key='block.create.fluid_tank', args=[]}
[28Mar2026 04:55:42.988] [Server thread/INFO] [net.orion.create_cold_sweat.CreateColdSweat/]: translation{key='block.create.creative_fluid_tank', args=[]}
[28Mar2026 04:55:42.990] [Server thread/INFO] [net.orion.create_cold_sweat.CreateColdSweat/]: translation{key='block.create.fluid_pipe', args=[]}
[28Mar2026 04:55:42.990] [Server thread/INFO] [net.orion.create_cold_sweat.CreateColdSweat/]: translation{key='block.create.encased_fluid_pipe', args=[]}
[28Mar2026 04:55:42.990] [Server thread/INFO] [net.orion.create_cold_sweat.CreateColdSweat/]: translation{key='block.create.glass_fluid_pipe', args=[]}
[28Mar2026 04:55:42.990] [Server thread/INFO] [net.orion.create_cold_sweat.CreateColdSweat/]: translation{key='block.create.mechanical_pump', args=[]}
[28Mar2026 04:55:42.990] [Server thread/INFO] [net.orion.create_cold_sweat.CreateColdSweat/]: translation{key='block.create.smart_fluid_pipe', args=[]}
[28Mar2026 04:55:42.992] [Server thread/INFO] [net.orion.create_cold_sweat.CreateColdSweat/]: translation{key='block.create.basin', args=[]}
[28Mar2026 04:55:42.993] [Server thread/INFO] [net.orion.create_cold_sweat.CreateColdSweat/]: translation{key='block.create.encased_fan', args=[]}
[28Mar2026 04:55:42.994] [Server thread/INFO] [net.orion.create_cold_sweat.CreateColdSweat/]: Registered Create: Cold Sweat BlockEffects
[28Mar2026 04:55:42.997] [Server thread/WARN] [net.minecraftforge.common.ForgeConfigSpec/CORE]: Configuration file /Users/jonasbauer/Library/Application Support/PrismLauncher/instances/1.20.1(3)/minecraft/saves/Новый мир (1)/serverconfig/getittogetherdrops-server.toml is not correct. Correcting
[28Mar2026 04:55:42.997] [Server thread/WARN] [net.minecraftforge.common.ForgeConfigSpec/CORE]: Incorrect key radius was corrected from null to its default, 2.0. 
[28Mar2026 04:55:42.999] [Server thread/WARN] [net.minecraftforge.common.ForgeConfigSpec/CORE]: Incorrect key checkY was corrected from null to its default, true. 
[28Mar2026 04:55:43.000] [Server thread/WARN] [net.minecraftforge.common.ForgeConfigSpec/CORE]: Configuration file /Users/jonasbauer/Library/Application Support/PrismLauncher/instances/1.20.1(3)/minecraft/saves/Новый мир (1)/serverconfig/create_cold_sweat-server.toml is not correct. Correcting
[28Mar2026 04:55:43.000] [Server thread/WARN] [net.minecraftforge.common.ForgeConfigSpec/CORE]: Incorrect key General was corrected from null to its default, SimpleCommentedConfig:{}. 
[28Mar2026 04:55:43.000] [Server thread/WARN] [net.minecraftforge.common.ForgeConfigSpec/CORE]: Incorrect key General.Blaze burner was corrected from null to its default, true. 
[28Mar2026 04:55:43.000] [Server thread/WARN] [net.minecraftforge.common.ForgeConfigSpec/CORE]: Incorrect key General.Smouldering was corrected from null to its default, 0.04291845493562232. 
[28Mar2026 04:55:43.000] [Server thread/WARN] [net.minecraftforge.common.ForgeConfigSpec/CORE]: Incorrect key General.Fading was corrected from null to its default, 0.12875536480686695. 
[28Mar2026 04:55:43.000] [Server thread/WARN] [net.minecraftforge.common.ForgeConfigSpec/CORE]: Incorrect key General.Kindled was corrected from null to its default, 0.2145922746781116. 
[28Mar2026 04:55:43.000] [Server thread/WARN] [net.minecraftforge.common.ForgeConfigSpec/CORE]: Incorrect key General.Seething was corrected from null to its default, 0.4291845493562232. 
[28Mar2026 04:55:43.000] [Server thread/WARN] [net.minecraftforge.common.ForgeConfigSpec/CORE]: Incorrect key General.Max Blaze Burner was corrected from null to its default, 8. 
[28Mar2026 04:55:43.000] [Server thread/WARN] [net.minecraftforge.common.ForgeConfigSpec/CORE]: Incorrect key General.Boiler was corrected from null to its default, true. 
[28Mar2026 04:55:43.000] [Server thread/WARN] [net.minecraftforge.common.ForgeConfigSpec/CORE]: Incorrect key General.Boiler Increment was corrected from null to its default, 0.004768717215069146. 
[28Mar2026 04:55:43.000] [Server thread/WARN] [net.minecraftforge.common.ForgeConfigSpec/CORE]: Incorrect key General.Max Boiler was corrected from null to its default, 8. 
[28Mar2026 04:55:43.000] [Server thread/WARN] [net.minecraftforge.common.ForgeConfigSpec/CORE]: Incorrect key General.Liquids was corrected from null to its default, true. 
[28Mar2026 04:55:43.000] [Server thread/WARN] [net.minecraftforge.common.ForgeConfigSpec/CORE]: Incorrect key General.Liquid temperature dampening was corrected from null to its default, 5.391630902. 
[28Mar2026 04:55:43.000] [Server thread/WARN] [net.minecraftforge.common.ForgeConfigSpec/CORE]: Incorrect key General.Max Fluid Container was corrected from null to its default, 8. 
[28Mar2026 04:55:43.000] [Server thread/WARN] [net.minecraftforge.common.ForgeConfigSpec/CORE]: Incorrect key General.Fans was corrected from null to its default, true. 
[28Mar2026 04:55:43.001] [Server thread/WARN] [net.minecraftforge.common.ForgeConfigSpec/CORE]: Incorrect key General.Fan Angle was corrected from null to its default, 110.0. 
[28Mar2026 04:55:43.001] [Server thread/WARN] [net.minecraftforge.common.ForgeConfigSpec/CORE]: Incorrect key General.Fan Temperature Interaction was corrected from null to its default, false. 
[28Mar2026 04:55:43.001] [Server thread/WARN] [net.minecraftforge.common.ForgeConfigSpec/CORE]: Incorrect key General.Max Fan was corrected from null to its default, 8. 
[28Mar2026 04:55:43.001] [Server thread/WARN] [net.minecraftforge.common.ForgeConfigSpec/CORE]: Incorrect key General.Default Liquid Temperature was corrected from null to its default, false. 
[28Mar2026 04:55:43.001] [Server thread/WARN] [net.minecraftforge.common.ForgeConfigSpec/CORE]: Incorrect key General.Max Steam Engine was corrected from null to its default, 8. 
[28Mar2026 04:55:43.003] [Server thread/WARN] [net.minecraftforge.common.ForgeConfigSpec/CORE]: Configuration file /Users/jonasbauer/Library/Application Support/PrismLauncher/instances/1.20.1(3)/minecraft/saves/Новый мир (1)/serverconfig/curios-server.toml is not correct. Correcting
[28Mar2026 04:55:43.003] [Server thread/WARN] [net.minecraftforge.common.ForgeConfigSpec/CORE]: Incorrect key keepCurios was corrected from null to its default, DEFAULT. 
[28Mar2026 04:55:43.003] [Server thread/WARN] [net.minecraftforge.common.ForgeConfigSpec/CORE]: Incorrect key menu was corrected from null to its default, SimpleCommentedConfig:{}. 
[28Mar2026 04:55:43.003] [Server thread/WARN] [net.minecraftforge.common.ForgeConfigSpec/CORE]: Incorrect key menu.enableLegacyMenu was corrected from null to its default, false. 
[28Mar2026 04:55:43.003] [Server thread/WARN] [net.minecraftforge.common.ForgeConfigSpec/CORE]: Incorrect key menu.experimental was corrected from null to its default, SimpleCommentedConfig:{}. 
[28Mar2026 04:55:43.003] [Server thread/WARN] [net.minecraftforge.common.ForgeConfigSpec/CORE]: Incorrect key menu.experimental.minimumColumns was corrected from null to its default, 1. 
[28Mar2026 04:55:43.003] [Server thread/WARN] [net.minecraftforge.common.ForgeConfigSpec/CORE]: Incorrect key menu.experimental.maxSlotsPerPage was corrected from null to its default, 48. 
[28Mar2026 04:55:43.004] [Server thread/WARN] [net.minecraftforge.common.ForgeConfigSpec/CORE]: Configuration file /Users/jonasbauer/Library/Application Support/PrismLauncher/instances/1.20.1(3)/minecraft/saves/Новый мир (1)/serverconfig/exposure-server.toml is not correct. Correcting
[28Mar2026 04:55:43.005] [Server thread/WARN] [net.minecraftforge.common.ForgeConfigSpec/CORE]: Incorrect key camera was corrected from null to its default, SimpleCommentedConfig:{}. 
[28Mar2026 04:55:43.005] [Server thread/WARN] [net.minecraftforge.common.ForgeConfigSpec/CORE]: Incorrect key camera.default_focal_range was corrected from null to its default, 18-55. 
[28Mar2026 04:55:43.005] [Server thread/WARN] [net.minecraftforge.common.ForgeConfigSpec/CORE]: Incorrect key camera.viewfinder_attacking was corrected from null to its default, true. 
[28Mar2026 04:55:43.005] [Server thread/WARN] [net.minecraftforge.common.ForgeConfigSpec/CORE]: Incorrect key camera.selfie_camera_distance was corrected from null to its default, 1.75. 
[28Mar2026 04:55:43.005] [Server thread/WARN] [net.minecraftforge.common.ForgeConfigSpec/CORE]: Incorrect key camera.waist_level_viewfinder was corrected from null to its default, false. 
[28Mar2026 04:55:43.005] [Server thread/WARN] [net.minecraftforge.common.ForgeConfigSpec/CORE]: Incorrect key camera.right_click_attachments_screen was corrected from null to its default, true. 
[28Mar2026 04:55:43.005] [Server thread/WARN] [net.minecraftforge.common.ForgeConfigSpec/CORE]: Incorrect key camera.right_click_hotswap was corrected from null to its default, true. 
[28Mar2026 04:55:43.005] [Server thread/WARN] [net.minecraftforge.common.ForgeConfigSpec/CORE]: Incorrect key camera.timer_attracts_mob_attention was corrected from null to its default, true. 
[28Mar2026 04:55:43.005] [Server thread/WARN] [net.minecraftforge.common.ForgeConfigSpec/CORE]: Incorrect key camera.timer_attention_radius was corrected from null to its default, 16. 
[28Mar2026 04:55:43.005] [Server thread/WARN] [net.minecraftforge.common.ForgeConfigSpec/CORE]: Incorrect key camera_stand was corrected from null to its default, SimpleCommentedConfig:{}. 
[28Mar2026 04:55:43.005] [Server thread/WARN] [net.minecraftforge.common.ForgeConfigSpec/CORE]: Incorrect key camera_stand.working_range was corrected from null to its default, 100. 
[28Mar2026 04:55:43.005] [Server thread/WARN] [net.minecraftforge.common.ForgeConfigSpec/CORE]: Incorrect key camera_stand.out_of_working_range_malfunction was corrected from null to its default, true. 
[28Mar2026 04:55:43.005] [Server thread/WARN] [net.minecraftforge.common.ForgeConfigSpec/CORE]: Incorrect key camera_stand.fallback_to_other_players was corrected from null to its default, true. 
[28Mar2026 04:55:43.005] [Server thread/WARN] [net.minecraftforge.common.ForgeConfigSpec/CORE]: Incorrect key camera_stand.fallback_to_other_players_projector was corrected from null to its default, false. 
[28Mar2026 04:55:43.005] [Server thread/WARN] [net.minecraftforge.common.ForgeConfigSpec/CORE]: Incorrect key capture was corrected from null to its default, SimpleCommentedConfig:{}. 
[28Mar2026 04:55:43.005] [Server thread/WARN] [net.minecraftforge.common.ForgeConfigSpec/CORE]: Incorrect key capture.default_frame_size was corrected from null to its default, 320. 
[28Mar2026 04:55:43.005] [Server thread/WARN] [net.minecraftforge.common.ForgeConfigSpec/CORE]: Incorrect key capture.projecting_enabled was corrected from null to its default, true. 
[28Mar2026 04:55:43.005] [Server thread/WARN] [net.minecraftforge.common.ForgeConfigSpec/CORE]: Incorrect key capture.projecting_timeout_ticks was corrected from null to its default, 100. 
[28Mar2026 04:55:43.005] [Server thread/WARN] [net.minecraftforge.common.ForgeConfigSpec/CORE]: Incorrect key lightroom was corrected from null to its default, SimpleCommentedConfig:{}. 
[28Mar2026 04:55:43.005] [Server thread/WARN] [net.minecraftforge.common.ForgeConfigSpec/CORE]: Incorrect key lightroom.lightroom_light_requirement was corrected from null to its default, 13. 
[28Mar2026 04:55:43.005] [Server thread/WARN] [net.minecraftforge.common.ForgeConfigSpec/CORE]: Incorrect key lightroom.dyes_black_and_white was corrected from null to its default, [black]. 
[28Mar2026 04:55:43.005] [Server thread/WARN] [net.minecraftforge.common.ForgeConfigSpec/CORE]: Incorrect key lightroom.dyes_color was corrected from null to its default, [cyan, magenta, yellow, black]. 
[28Mar2026 04:55:43.005] [Server thread/WARN] [net.minecraftforge.common.ForgeConfigSpec/CORE]: Incorrect key lightroom.dyes_chromatic_red was corrected from null to its default, [magenta, yellow]. 
[28Mar2026 04:55:43.006] [Server thread/WARN] [net.minecraftforge.common.ForgeConfigSpec/CORE]: Incorrect key lightroom.dyes_chromatic_green was corrected from null to its default, [cyan, yellow]. 
[28Mar2026 04:55:43.006] [Server thread/WARN] [net.minecraftforge.common.ForgeConfigSpec/CORE]: Incorrect key lightroom.dyes_chromatic_blue was corrected from null to its default, [cyan, magenta]. 
[28Mar2026 04:55:43.006] [Server thread/WARN] [net.minecraftforge.common.ForgeConfigSpec/CORE]: Incorrect key lightroom.print_time_black_and_white was corrected from null to its default, 80. 
[28Mar2026 04:55:43.006] [Server thread/WARN] [net.minecraftforge.common.ForgeConfigSpec/CORE]: Incorrect key lightroom.print_time_color was corrected from null to its default, 160. 
[28Mar2026 04:55:43.006] [Server thread/WARN] [net.minecraftforge.common.ForgeConfigSpec/CORE]: Incorrect key lightroom.print_time_chromatic was corrected from null to its default, 120. 
[28Mar2026 04:55:43.006] [Server thread/WARN] [net.minecraftforge.common.ForgeConfigSpec/CORE]: Incorrect key lightroom.experience_black_and_white was corrected from null to its default, 2. 
[28Mar2026 04:55:43.006] [Server thread/WARN] [net.minecraftforge.common.ForgeConfigSpec/CORE]: Incorrect key lightroom.experience_color was corrected from null to its default, 4. 
[28Mar2026 04:55:43.006] [Server thread/WARN] [net.minecraftforge.common.ForgeConfigSpec/CORE]: Incorrect key lightroom.experience_chromatic was corrected from null to its default, 5. 
[28Mar2026 04:55:43.006] [Server thread/WARN] [net.minecraftforge.common.ForgeConfigSpec/CORE]: Incorrect key photographs was corrected from null to its default, SimpleCommentedConfig:{}. 
[28Mar2026 04:55:43.006] [Server thread/WARN] [net.minecraftforge.common.ForgeConfigSpec/CORE]: Incorrect key photographs.stacked_photographs_size was corrected from null to its default, 16. 
[28Mar2026 04:55:43.007] [Server thread/WARN] [net.minecraftforge.common.ForgeConfigSpec/CORE]: Incorrect key misc was corrected from null to its default, SimpleCommentedConfig:{}. 
[28Mar2026 04:55:43.007] [Server thread/WARN] [net.minecraftforge.common.ForgeConfigSpec/CORE]: Incorrect key misc.film_roll_easy_renaming was corrected from null to its default, true. 
[28Mar2026 04:55:43.007] [Server thread/WARN] [net.minecraftforge.common.ForgeConfigSpec/CORE]: Incorrect key misc.increase_interplanar_projector_name_limit was corrected from null to its default, true. 
[28Mar2026 04:55:43.007] [Server thread/WARN] [net.minecraftforge.common.ForgeConfigSpec/CORE]: Incorrect key integration was corrected from null to its default, SimpleCommentedConfig:{}. 
[28Mar2026 04:55:43.007] [Server thread/WARN] [net.minecraftforge.common.ForgeConfigSpec/CORE]: Incorrect key integration.create_deployer_stand_hotswap was corrected from null to its default, true. 
[28Mar2026 04:55:43.007] [Server thread/WARN] [net.minecraftforge.common.ForgeConfigSpec/CORE]: Incorrect key debug was corrected from null to its default, SimpleCommentedConfig:{}. 
[28Mar2026 04:55:43.007] [Server thread/WARN] [net.minecraftforge.common.ForgeConfigSpec/CORE]: Incorrect key debug.cleanup_timed_out_expected_uploads was corrected from null to its default, true. 
[28Mar2026 04:55:43.008] [Server thread/WARN] [net.minecraftforge.common.ForgeConfigSpec/CORE]: Configuration file /Users/jonasbauer/Library/Application Support/PrismLauncher/instances/1.20.1(3)/minecraft/saves/Новый мир (1)/serverconfig/dew_drop_farmland_growth-server.toml is not correct. Correcting
[28Mar2026 04:55:43.008] [Server thread/WARN] [net.minecraftforge.common.ForgeConfigSpec/CORE]: Incorrect key noTrample was corrected from null to its default, true. 
[28Mar2026 04:55:43.009] [Server thread/WARN] [net.minecraftforge.common.ForgeConfigSpec/CORE]: Incorrect key noRandomTick was corrected from null to its default, true. 
[28Mar2026 04:55:43.009] [Server thread/WARN] [net.minecraftforge.common.ForgeConfigSpec/CORE]: Incorrect key sturdyFarmland was corrected from null to its default, true. 
[28Mar2026 04:55:43.009] [Server thread/WARN] [net.minecraftforge.common.ForgeConfigSpec/CORE]: Incorrect key splashPotionWatering was corrected from null to its default, true. 
[28Mar2026 04:55:43.009] [Server thread/WARN] [net.minecraftforge.common.ForgeConfigSpec/CORE]: Incorrect key splashWaterArea was corrected from null to its default, 1. 
[28Mar2026 04:55:43.010] [Server thread/WARN] [net.minecraftforge.common.ForgeConfigSpec/CORE]: Incorrect key bucketWatering was corrected from null to its default, true. 
[28Mar2026 04:55:43.010] [Server thread/WARN] [net.minecraftforge.common.ForgeConfigSpec/CORE]: Incorrect key bottleWatering was corrected from null to its default, true. 
[28Mar2026 04:55:43.010] [Server thread/WARN] [net.minecraftforge.common.ForgeConfigSpec/CORE]: Incorrect key rainWatering was corrected from null to its default, true. 
[28Mar2026 04:55:43.010] [Server thread/WARN] [net.minecraftforge.common.ForgeConfigSpec/CORE]: Incorrect key dailyReset was corrected from null to its default, true. 
[28Mar2026 04:55:43.010] [Server thread/WARN] [net.minecraftforge.common.ForgeConfigSpec/CORE]: Incorrect key dailyTimeMin was corrected from null to its default, 5. 
[28Mar2026 04:55:43.011] [Server thread/WARN] [net.minecraftforge.common.ForgeConfigSpec/CORE]: Incorrect key dailyDryChance was corrected from null to its default, 100. 
[28Mar2026 04:55:43.011] [Server thread/WARN] [net.minecraftforge.common.ForgeConfigSpec/CORE]: Incorrect key dailyDecayChance was corrected from null to its default, 100. 
[28Mar2026 04:55:43.011] [Server thread/WARN] [net.minecraftforge.common.ForgeConfigSpec/CORE]: Incorrect key shovelReverting was corrected from null to its default, true. 
[28Mar2026 04:55:43.011] [Server thread/WARN] [net.minecraftforge.common.ForgeConfigSpec/CORE]: Incorrect key checkSprinklers was corrected from null to its default, true. 
[28Mar2026 04:55:43.011] [Server thread/WARN] [net.minecraftforge.common.ForgeConfigSpec/CORE]: Incorrect key strictGreenhouses was corrected from null to its default, false. 
[28Mar2026 04:55:43.012] [Server thread/WARN] [net.minecraftforge.common.ForgeConfigSpec/CORE]: Configuration file /Users/jonasbauer/Library/Application Support/PrismLauncher/instances/1.20.1(3)/minecraft/saves/Новый мир (1)/serverconfig/dew_drop_watering_cans-server.toml is not correct. Correcting
[28Mar2026 04:55:43.012] [Server thread/WARN] [net.minecraftforge.common.ForgeConfigSpec/CORE]: Incorrect key supers was corrected from null to its default, SimpleCommentedConfig:{}. 
[28Mar2026 04:55:43.012] [Server thread/WARN] [net.minecraftforge.common.ForgeConfigSpec/CORE]: Incorrect key supers.super1 was corrected from null to its default, SimpleCommentedConfig:{}. 
[28Mar2026 04:55:43.012] [Server thread/WARN] [net.minecraftforge.common.ForgeConfigSpec/CORE]: Incorrect key supers.super1.forward was corrected from null to its default, 2. 
[28Mar2026 04:55:43.012] [Server thread/WARN] [net.minecraftforge.common.ForgeConfigSpec/CORE]: Incorrect key supers.super1.back was corrected from null to its default, 0. 
[28Mar2026 04:55:43.012] [Server thread/WARN] [net.minecraftforge.common.ForgeConfigSpec/CORE]: Incorrect key supers.super1.left was corrected from null to its default, 0. 
[28Mar2026 04:55:43.012] [Server thread/WARN] [net.minecraftforge.common.ForgeConfigSpec/CORE]: Incorrect key supers.super1.right was corrected from null to its default, 0. 
[28Mar2026 04:55:43.012] [Server thread/WARN] [net.minecraftforge.common.ForgeConfigSpec/CORE]: Incorrect key supers.super2 was corrected from null to its default, SimpleCommentedConfig:{}. 
[28Mar2026 04:55:43.012] [Server thread/WARN] [net.minecraftforge.common.ForgeConfigSpec/CORE]: Incorrect key supers.super2.forward was corrected from null to its default, 2. 
[28Mar2026 04:55:43.012] [Server thread/WARN] [net.minecraftforge.common.ForgeConfigSpec/CORE]: Incorrect key supers.super2.back was corrected from null to its default, 0. 
[28Mar2026 04:55:43.012] [Server thread/WARN] [net.minecraftforge.common.ForgeConfigSpec/CORE]: Incorrect key supers.super2.left was corrected from null to its default, 1. 
[28Mar2026 04:55:43.012] [Server thread/WARN] [net.minecraftforge.common.ForgeConfigSpec/CORE]: Incorrect key supers.super2.right was corrected from null to its default, 1. 
[28Mar2026 04:55:43.012] [Server thread/WARN] [net.minecraftforge.common.ForgeConfigSpec/CORE]: Incorrect key supers.super3 was corrected from null to its default, SimpleCommentedConfig:{}. 
[28Mar2026 04:55:43.012] [Server thread/WARN] [net.minecraftforge.common.ForgeConfigSpec/CORE]: Incorrect key supers.super3.forward was corrected from null to its default, 4. 
[28Mar2026 04:55:43.012] [Server thread/WARN] [net.minecraftforge.common.ForgeConfigSpec/CORE]: Incorrect key supers.super3.back was corrected from null to its default, 0. 
[28Mar2026 04:55:43.012] [Server thread/WARN] [net.minecraftforge.common.ForgeConfigSpec/CORE]: Incorrect key supers.super3.left was corrected from null to its default, 1. 
[28Mar2026 04:55:43.012] [Server thread/WARN] [net.minecraftforge.common.ForgeConfigSpec/CORE]: Incorrect key supers.super3.right was corrected from null to its default, 1. 
[28Mar2026 04:55:43.012] [Server thread/WARN] [net.minecraftforge.common.ForgeConfigSpec/CORE]: Incorrect key supers.super4 was corrected from null to its default, SimpleCommentedConfig:{}. 
[28Mar2026 04:55:43.012] [Server thread/WARN] [net.minecraftforge.common.ForgeConfigSpec/CORE]: Incorrect key supers.super4.forward was corrected from null to its default, 4. 
[28Mar2026 04:55:43.012] [Server thread/WARN] [net.minecraftforge.common.ForgeConfigSpec/CORE]: Incorrect key supers.super4.back was corrected from null to its default, 0. 
[28Mar2026 04:55:43.012] [Server thread/WARN] [net.minecraftforge.common.ForgeConfigSpec/CORE]: Incorrect key supers.super4.left was corrected from null to its default, 2. 
[28Mar2026 04:55:43.012] [Server thread/WARN] [net.minecraftforge.common.ForgeConfigSpec/CORE]: Incorrect key supers.super4.right was corrected from null to its default, 2. 
[28Mar2026 04:55:43.013] [Server thread/WARN] [net.minecraftforge.common.ForgeConfigSpec/CORE]: Incorrect key nether was corrected from null to its default, SimpleCommentedConfig:{}. 
[28Mar2026 04:55:43.013] [Server thread/WARN] [net.minecraftforge.common.ForgeConfigSpec/CORE]: Incorrect key nether.allow was corrected from null to its default, false. 
[28Mar2026 04:55:43.013] [Server thread/WARN] [net.minecraftforge.common.ForgeConfigSpec/CORE]: Incorrect key nether.allowNetheriteCanAnyways was corrected from null to its default, true. 
[28Mar2026 04:55:43.013] [Server thread/WARN] [net.minecraftforge.common.ForgeConfigSpec/CORE]: Incorrect key interactions was corrected from null to its default, SimpleCommentedConfig:{}. 
[28Mar2026 04:55:43.013] [Server thread/WARN] [net.minecraftforge.common.ForgeConfigSpec/CORE]: Incorrect key interactions.extinguishFires was corrected from null to its default, true. 
[28Mar2026 04:55:43.013] [Server thread/WARN] [net.minecraftforge.common.ForgeConfigSpec/CORE]: Incorrect key interactions.mudOdds was corrected from null to its default, 25. 
[28Mar2026 04:55:43.013] [Server thread/WARN] [net.minecraftforge.common.ForgeConfigSpec/CORE]: Incorrect key interactions.bonemealOdds was corrected from null to its default, 25. 
[28Mar2026 04:55:43.014] [Server thread/WARN] [net.minecraftforge.common.ForgeConfigSpec/CORE]: Configuration file /Users/jonasbauer/Library/Application Support/PrismLauncher/instances/1.20.1(3)/minecraft/saves/Новый мир (1)/serverconfig/jei-server.toml is not correct. Correcting
[28Mar2026 04:55:43.014] [Server thread/WARN] [net.minecraftforge.common.ForgeConfigSpec/CORE]: Incorrect key cheat mode was corrected from null to its default, SimpleCommentedConfig:{}. 
[28Mar2026 04:55:43.014] [Server thread/WARN] [net.minecraftforge.common.ForgeConfigSpec/CORE]: Incorrect key cheat mode.enableCheatModeForOp was corrected from null to its default, true. 
[28Mar2026 04:55:43.014] [Server thread/WARN] [net.minecraftforge.common.ForgeConfigSpec/CORE]: Incorrect key cheat mode.enableCheatModeForCreative was corrected from null to its default, true. 
[28Mar2026 04:55:43.014] [Server thread/WARN] [net.minecraftforge.common.ForgeConfigSpec/CORE]: Incorrect key cheat mode.enableCheatModeForGive was corrected from null to its default, false. 
[28Mar2026 04:55:43.014] [Server thread/WARN] [net.minecraftforge.common.ForgeConfigSpec/CORE]: Configuration file /Users/jonasbauer/Library/Application Support/PrismLauncher/instances/1.20.1(3)/minecraft/saves/Новый мир (1)/serverconfig/aether-server.toml is not correct. Correcting
[28Mar2026 04:55:43.014] [Server thread/WARN] [net.minecraftforge.common.ForgeConfigSpec/CORE]: Incorrect key Gameplay was corrected from null to its default, SimpleCommentedConfig:{}. 
[28Mar2026 04:55:43.014] [Server thread/WARN] [net.minecraftforge.common.ForgeConfigSpec/CORE]: Incorrect key Gameplay.Beds explode was corrected from null to its default, false. 
[28Mar2026 04:55:43.014] [Server thread/WARN] [net.minecraftforge.common.ForgeConfigSpec/CORE]: Incorrect key Gameplay.Debuff non-Aether tools was corrected from null to its default, true. 
[28Mar2026 04:55:43.014] [Server thread/WARN] [net.minecraftforge.common.ForgeConfigSpec/CORE]: Incorrect key Gameplay.Ambrosium Shards are edible was corrected from null to its default, true. 
[28Mar2026 04:55:43.014] [Server thread/WARN] [net.minecraftforge.common.ForgeConfigSpec/CORE]: Incorrect key Gameplay.Berry Bush consistency was corrected from null to its default, false. 
[28Mar2026 04:55:43.014] [Server thread/WARN] [net.minecraftforge.common.ForgeConfigSpec/CORE]: Incorrect key Gameplay.Crystal Fruit Leaves consistency was corrected from null to its default, false. 
[28Mar2026 04:55:43.014] [Server thread/WARN] [net.minecraftforge.common.ForgeConfigSpec/CORE]: Incorrect key Gameplay.Gummy Swets restore health was corrected from null to its default, false. 
[28Mar2026 04:55:43.014] [Server thread/WARN] [net.minecraftforge.common.ForgeConfigSpec/CORE]: Incorrect key Gameplay.Maximum consumable Life Shards was corrected from null to its default, 10. 
[28Mar2026 04:55:43.014] [Server thread/WARN] [net.minecraftforge.common.ForgeConfigSpec/CORE]: Incorrect key Gameplay.Cooldown for the Hammer of Kingbdogz projectile was corrected from null to its default, 50. 
[28Mar2026 04:55:43.014] [Server thread/WARN] [net.minecraftforge.common.ForgeConfigSpec/CORE]: Incorrect key Gameplay.Cooldown for the Cloud Staff was corrected from null to its default, 40. 
[28Mar2026 04:55:43.014] [Server thread/WARN] [net.minecraftforge.common.ForgeConfigSpec/CORE]: Incorrect key Gameplay.Require gloves for set abilities was corrected from null to its default, true. 
[28Mar2026 04:55:43.015] [Server thread/WARN] [net.minecraftforge.common.ForgeConfigSpec/CORE]: Incorrect key Loot was corrected from null to its default, SimpleCommentedConfig:{}. 
[28Mar2026 04:55:43.015] [Server thread/WARN] [net.minecraftforge.common.ForgeConfigSpec/CORE]: Incorrect key Loot.Golden Feather in loot was corrected from null to its default, false. 
[28Mar2026 04:55:43.015] [Server thread/WARN] [net.minecraftforge.common.ForgeConfigSpec/CORE]: Incorrect key Loot.Valkyrie Cape in loot was corrected from null to its default, true. 
[28Mar2026 04:55:43.015] [Server thread/WARN] [net.minecraftforge.common.ForgeConfigSpec/CORE]: Incorrect key World Generation was corrected from null to its default, SimpleCommentedConfig:{}. 
[28Mar2026 04:55:43.015] [Server thread/WARN] [net.minecraftforge.common.ForgeConfigSpec/CORE]: Incorrect key World Generation.Generate Tall Grass in the Aether was corrected from null to its default, true. 
[28Mar2026 04:55:43.015] [Server thread/WARN] [net.minecraftforge.common.ForgeConfigSpec/CORE]: Incorrect key World Generation.Generate Holiday Trees always was corrected from null to its default, false. 
[28Mar2026 04:55:43.015] [Server thread/WARN] [net.minecraftforge.common.ForgeConfigSpec/CORE]: Incorrect key World Generation.Generate Holiday Trees seasonally was corrected from null to its default, true. 
[28Mar2026 04:55:43.015] [Server thread/WARN] [net.minecraftforge.common.ForgeConfigSpec/CORE]: Incorrect key Multiplayer was corrected from null to its default, SimpleCommentedConfig:{}. 
[28Mar2026 04:55:43.015] [Server thread/WARN] [net.minecraftforge.common.ForgeConfigSpec/CORE]: Incorrect key Multiplayer.Balance Invisibility Cloak for PVP was corrected from null to its default, false. 
[28Mar2026 04:55:43.015] [Server thread/WARN] [net.minecraftforge.common.ForgeConfigSpec/CORE]: Incorrect key Multiplayer.Invisibility Cloak visibility timer was corrected from null to its default, 50. 
[28Mar2026 04:55:43.015] [Server thread/WARN] [net.minecraftforge.common.ForgeConfigSpec/CORE]: Incorrect key Multiplayer.Only whitelisted users access Sun Altars was corrected from null to its default, false. 
[28Mar2026 04:55:43.015] [Server thread/WARN] [net.minecraftforge.common.ForgeConfigSpec/CORE]: Incorrect key Multiplayer.Configure Sun Altar dimensions was corrected from null to its default, [aether:the_aether]. 
[28Mar2026 04:55:43.015] [Server thread/WARN] [net.minecraftforge.common.ForgeConfigSpec/CORE]: Incorrect key Modpack was corrected from null to its default, SimpleCommentedConfig:{}. 
[28Mar2026 04:55:43.015] [Server thread/WARN] [net.minecraftforge.common.ForgeConfigSpec/CORE]: Incorrect key Modpack.Spawns the player in the Aether was corrected from null to its default, false. 
[28Mar2026 04:55:43.015] [Server thread/WARN] [net.minecraftforge.common.ForgeConfigSpec/CORE]: Incorrect key Modpack.Disables Aether Portal creation was corrected from null to its default, false. 
[28Mar2026 04:55:43.015] [Server thread/WARN] [net.minecraftforge.common.ForgeConfigSpec/CORE]: Incorrect key Modpack.Disables falling into the Overworld was corrected from null to its default, false. 
[28Mar2026 04:55:43.015] [Server thread/WARN] [net.minecraftforge.common.ForgeConfigSpec/CORE]: Incorrect key Modpack.Disables eternal day was corrected from null to its default, false. 
[28Mar2026 04:55:43.015] [Server thread/WARN] [net.minecraftforge.common.ForgeConfigSpec/CORE]: Incorrect key Modpack.Sets portal destination dimension was corrected from null to its default, aether:the_aether. 
[28Mar2026 04:55:43.015] [Server thread/WARN] [net.minecraftforge.common.ForgeConfigSpec/CORE]: Incorrect key Modpack.Sets portal return dimension was corrected from null to its default, minecraft:overworld. 
[28Mar2026 04:55:43.016] [Server thread/WARN] [net.minecraftforge.common.ForgeConfigSpec/CORE]: Configuration file /Users/jonasbauer/Library/Application Support/PrismLauncher/instances/1.20.1(3)/minecraft/saves/Новый мир (1)/serverconfig/pehkui-server.toml is not correct. Correcting
[28Mar2026 04:55:43.016] [Server thread/WARN] [net.minecraftforge.common.ForgeConfigSpec/CORE]: Incorrect key server was corrected from null to its default, SimpleCommentedConfig:{}. 
[28Mar2026 04:55:43.016] [Server thread/WARN] [net.minecraftforge.common.ForgeConfigSpec/CORE]: Incorrect key server.scale_limits was corrected from null to its default, SimpleCommentedConfig:{}. 
[28Mar2026 04:55:43.016] [Server thread/WARN] [net.minecraftforge.common.ForgeConfigSpec/CORE]: Incorrect key server.scale_limits.base was corrected from null to its default, SimpleCommentedConfig:{}. 
[28Mar2026 04:55:43.016] [Server thread/WARN] [net.minecraftforge.common.ForgeConfigSpec/CORE]: Incorrect key server.scale_limits.base.minimum was corrected from null to its default, 1.2621774483536189E-29. 
[28Mar2026 04:55:43.016] [Server thread/WARN] [net.minecraftforge.common.ForgeConfigSpec/CORE]: Incorrect key server.scale_limits.base.maximum was corrected from null to its default, 3.4028234663852886E38. 
[28Mar2026 04:55:43.016] [Server thread/WARN] [net.minecraftforge.common.ForgeConfigSpec/CORE]: Incorrect key server.scale_limits.width was corrected from null to its default, SimpleCommentedConfig:{}. 
[28Mar2026 04:55:43.016] [Server thread/WARN] [net.minecraftforge.common.ForgeConfigSpec/CORE]: Incorrect key server.scale_limits.width.minimum was corrected from null to its default, 1.2621774483536189E-29. 
[28Mar2026 04:55:43.016] [Server thread/WARN] [net.minecraftforge.common.ForgeConfigSpec/CORE]: Incorrect key server.scale_limits.width.maximum was corrected from null to its default, 3.4028234663852886E38. 
[28Mar2026 04:55:43.016] [Server thread/WARN] [net.minecraftforge.common.ForgeConfigSpec/CORE]: Incorrect key server.scale_limits.height was corrected from null to its default, SimpleCommentedConfig:{}. 
[28Mar2026 04:55:43.016] [Server thread/WARN] [net.minecraftforge.common.ForgeConfigSpec/CORE]: Incorrect key server.scale_limits.height.minimum was corrected from null to its default, 1.2621774483536189E-29. 
[28Mar2026 04:55:43.016] [Server thread/WARN] [net.minecraftforge.common.ForgeConfigSpec/CORE]: Incorrect key server.scale_limits.height.maximum was corrected from null to its default, 3.4028234663852886E38. 
[28Mar2026 04:55:43.016] [Server thread/WARN] [net.minecraftforge.common.ForgeConfigSpec/CORE]: Incorrect key server.scale_limits.eye_height was corrected from null to its default, SimpleCommentedConfig:{}. 
[28Mar2026 04:55:43.016] [Server thread/WARN] [net.minecraftforge.common.ForgeConfigSpec/CORE]: Incorrect key server.scale_limits.eye_height.minimum was corrected from null to its default, 1.2621774483536189E-29. 
[28Mar2026 04:55:43.016] [Server thread/WARN] [net.minecraftforge.common.ForgeConfigSpec/CORE]: Incorrect key server.scale_limits.eye_height.maximum was corrected from null to its default, 3.4028234663852886E38. 
[28Mar2026 04:55:43.016] [Server thread/WARN] [net.minecraftforge.common.ForgeConfigSpec/CORE]: Incorrect key server.scale_limits.hitbox_width was corrected from null to its default, SimpleCommentedConfig:{}. 
[28Mar2026 04:55:43.016] [Server thread/WARN] [net.minecraftforge.common.ForgeConfigSpec/CORE]: Incorrect key server.scale_limits.hitbox_width.minimum was corrected from null to its default, 1.2621774483536189E-29. 
[28Mar2026 04:55:43.016] [Server thread/WARN] [net.minecraftforge.common.ForgeConfigSpec/CORE]: Incorrect key server.scale_limits.hitbox_width.maximum was corrected from null to its default, 3.4028234663852886E38. 
[28Mar2026 04:55:43.016] [Server thread/WARN] [net.minecraftforge.common.ForgeConfigSpec/CORE]: Incorrect key server.scale_limits.hitbox_height was corrected from null to its default, SimpleCommentedConfig:{}. 
[28Mar2026 04:55:43.016] [Server thread/WARN] [net.minecraftforge.common.ForgeConfigSpec/CORE]: Incorrect key server.scale_limits.hitbox_height.minimum was corrected from null to its default, 1.2621774483536189E-29. 
[28Mar2026 04:55:43.016] [Server thread/WARN] [net.minecraftforge.common.ForgeConfigSpec/CORE]: Incorrect key server.scale_limits.hitbox_height.maximum was corrected from null to its default, 3.4028234663852886E38. 
[28Mar2026 04:55:43.016] [Server thread/WARN] [net.minecraftforge.common.ForgeConfigSpec/CORE]: Incorrect key server.scale_limits.interaction_box_width was corrected from null to its default, SimpleCommentedConfig:{}. 
[28Mar2026 04:55:43.016] [Server thread/WARN] [net.minecraftforge.common.ForgeConfigSpec/CORE]: Incorrect key server.scale_limits.interaction_box_width.minimum was corrected from null to its default, 1.401298464324817E-45. 
[28Mar2026 04:55:43.016] [Server thread/WARN] [net.minecraftforge.common.ForgeConfigSpec/CORE]: Incorrect key server.scale_limits.interaction_box_width.maximum was corrected from null to its default, 3.4028234663852886E38. 
[28Mar2026 04:55:43.016] [Server thread/WARN] [net.minecraftforge.common.ForgeConfigSpec/CORE]: Incorrect key server.scale_limits.interaction_box_height was corrected from null to its default, SimpleCommentedConfig:{}. 
[28Mar2026 04:55:43.016] [Server thread/WARN] [net.minecraftforge.common.ForgeConfigSpec/CORE]: Incorrect key server.scale_limits.interaction_box_height.minimum was corrected from null to its default, 1.401298464324817E-45. 
[28Mar2026 04:55:43.016] [Server thread/WARN] [net.minecraftforge.common.ForgeConfigSpec/CORE]: Incorrect key server.scale_limits.interaction_box_height.maximum was corrected from null to its default, 3.4028234663852886E38. 
[28Mar2026 04:55:43.016] [Server thread/WARN] [net.minecraftforge.common.ForgeConfigSpec/CORE]: Incorrect key server.scale_limits.model_width was corrected from null to its default, SimpleCommentedConfig:{}. 
[28Mar2026 04:55:43.016] [Server thread/WARN] [net.minecraftforge.common.ForgeConfigSpec/CORE]: Incorrect key server.scale_limits.model_width.minimum was corrected from null to its default, 1.401298464324817E-45. 
[28Mar2026 04:55:43.016] [Server thread/WARN] [net.minecraftforge.common.ForgeConfigSpec/CORE]: Incorrect key server.scale_limits.model_width.maximum was corrected from null to its default, 3.4028234663852886E38. 
[28Mar2026 04:55:43.016] [Server thread/WARN] [net.minecraftforge.common.ForgeConfigSpec/CORE]: Incorrect key server.scale_limits.model_height was corrected from null to its default, SimpleCommentedConfig:{}. 
[28Mar2026 04:55:43.016] [Server thread/WARN] [net.minecraftforge.common.ForgeConfigSpec/CORE]: Incorrect key server.scale_limits.model_height.minimum was corrected from null to its default, 1.401298464324817E-45. 
[28Mar2026 04:55:43.016] [Server thread/WARN] [net.minecraftforge.common.ForgeConfigSpec/CORE]: Incorrect key server.scale_limits.model_height.maximum was corrected from null to its default, 3.4028234663852886E38. 
[28Mar2026 04:55:43.016] [Server thread/WARN] [net.minecraftforge.common.ForgeConfigSpec/CORE]: Incorrect key server.scale_limits.third_person was corrected from null to its default, SimpleCommentedConfig:{}. 
[28Mar2026 04:55:43.016] [Server thread/WARN] [net.minecraftforge.common.ForgeConfigSpec/CORE]: Incorrect key server.scale_limits.third_person.minimum was corrected from null to its default, 1.401298464324817E-45. 
[28Mar2026 04:55:43.016] [Server thread/WARN] [net.minecraftforge.common.ForgeConfigSpec/CORE]: Incorrect key server.scale_limits.third_person.maximum was corrected from null to its default, 3.4028234663852886E38. 
[28Mar2026 04:55:43.016] [Server thread/WARN] [net.minecraftforge.common.ForgeConfigSpec/CORE]: Incorrect key server.scale_limits.motion was corrected from null to its default, SimpleCommentedConfig:{}. 
[28Mar2026 04:55:43.016] [Server thread/WARN] [net.minecraftforge.common.ForgeConfigSpec/CORE]: Incorrect key server.scale_limits.motion.minimum was corrected from null to its default, 1.401298464324817E-45. 
[28Mar2026 04:55:43.016] [Server thread/WARN] [net.minecraftforge.common.ForgeConfigSpec/CORE]: Incorrect key server.scale_limits.motion.maximum was corrected from null to its default, 3.4028234663852886E38. 
[28Mar2026 04:55:43.017] [Server thread/WARN] [net.minecraftforge.common.ForgeConfigSpec/CORE]: Incorrect key server.scale_limits.falling was corrected from null to its default, SimpleCommentedConfig:{}. 
[28Mar2026 04:55:43.017] [Server thread/WARN] [net.minecraftforge.common.ForgeConfigSpec/CORE]: Incorrect key server.scale_limits.falling.minimum was corrected from null to its default, 1.401298464324817E-45. 
[28Mar2026 04:55:43.017] [Server thread/WARN] [net.minecraftforge.common.ForgeConfigSpec/CORE]: Incorrect key server.scale_limits.falling.maximum was corrected from null to its default, 3.4028234663852886E38. 
[28Mar2026 04:55:43.017] [Server thread/WARN] [net.minecraftforge.common.ForgeConfigSpec/CORE]: Incorrect key server.scale_limits.step_height was corrected from null to its default, SimpleCommentedConfig:{}. 
[28Mar2026 04:55:43.017] [Server thread/WARN] [net.minecraftforge.common.ForgeConfigSpec/CORE]: Incorrect key server.scale_limits.step_height.minimum was corrected from null to its default, 1.401298464324817E-45. 
[28Mar2026 04:55:43.017] [Server thread/WARN] [net.minecraftforge.common.ForgeConfigSpec/CORE]: Incorrect key server.scale_limits.step_height.maximum was corrected from null to its default, 3.4028234663852886E38. 
[28Mar2026 04:55:43.017] [Server thread/WARN] [net.minecraftforge.common.ForgeConfigSpec/CORE]: Incorrect key server.scale_limits.view_bobbing was corrected from null to its default, SimpleCommentedConfig:{}. 
[28Mar2026 04:55:43.017] [Server thread/WARN] [net.minecraftforge.common.ForgeConfigSpec/CORE]: Incorrect key server.scale_limits.view_bobbing.minimum was corrected from null to its default, 1.401298464324817E-45. 
[28Mar2026 04:55:43.017] [Server thread/WARN] [net.minecraftforge.common.ForgeConfigSpec/CORE]: Incorrect key server.scale_limits.view_bobbing.maximum was corrected from null to its default, 3.4028234663852886E38. 
[28Mar2026 04:55:43.017] [Server thread/WARN] [net.minecraftforge.common.ForgeConfigSpec/CORE]: Incorrect key server.scale_limits.visibility was corrected from null to its default, SimpleCommentedConfig:{}. 
[28Mar2026 04:55:43.017] [Server thread/WARN] [net.minecraftforge.common.ForgeConfigSpec/CORE]: Incorrect key server.scale_limits.visibility.minimum was corrected from null to its default, 1.401298464324817E-45. 
[28Mar2026 04:55:43.017] [Server thread/WARN] [net.minecraftforge.common.ForgeConfigSpec/CORE]: Incorrect key server.scale_limits.visibility.maximum was corrected from null to its default, 3.4028234663852886E38. 
[28Mar2026 04:55:43.017] [Server thread/WARN] [net.minecraftforge.common.ForgeConfigSpec/CORE]: Incorrect key server.scale_limits.jump_height was corrected from null to its default, SimpleCommentedConfig:{}. 
[28Mar2026 04:55:43.017] [Server thread/WARN] [net.minecraftforge.common.ForgeConfigSpec/CORE]: Incorrect key server.scale_limits.jump_height.minimum was corrected from null to its default, 1.401298464324817E-45. 
[28Mar2026 04:55:43.017] [Server thread/WARN] [net.minecraftforge.common.ForgeConfigSpec/CORE]: Incorrect key server.scale_limits.jump_height.maximum was corrected from null to its default, 3.4028234663852886E38. 
[28Mar2026 04:55:43.017] [Server thread/WARN] [net.minecraftforge.common.ForgeConfigSpec/CORE]: Incorrect key server.scale_limits.flight was corrected from null to its default, SimpleCommentedConfig:{}. 
[28Mar2026 04:55:43.017] [Server thread/WARN] [net.minecraftforge.common.ForgeConfigSpec/CORE]: Incorrect key server.scale_limits.flight.minimum was corrected from null to its default, 1.401298464324817E-45. 
[28Mar2026 04:55:43.017] [Server thread/WARN] [net.minecraftforge.common.ForgeConfigSpec/CORE]: Incorrect key server.scale_limits.flight.maximum was corrected from null to its default, 3.4028234663852886E38. 
[28Mar2026 04:55:43.017] [Server thread/WARN] [net.minecraftforge.common.ForgeConfigSpec/CORE]: Incorrect key server.scale_limits.reach was corrected from null to its default, SimpleCommentedConfig:{}. 
[28Mar2026 04:55:43.017] [Server thread/WARN] [net.minecraftforge.common.ForgeConfigSpec/CORE]: Incorrect key server.scale_limits.reach.minimum was corrected from null to its default, 1.401298464324817E-45. 
[28Mar2026 04:55:43.017] [Server thread/WARN] [net.minecraftforge.common.ForgeConfigSpec/CORE]: Incorrect key server.scale_limits.reach.maximum was corrected from null to its default, 3.4028234663852886E38. 
[28Mar2026 04:55:43.017] [Server thread/WARN] [net.minecraftforge.common.ForgeConfigSpec/CORE]: Incorrect key server.scale_limits.block_reach was corrected from null to its default, SimpleCommentedConfig:{}. 
[28Mar2026 04:55:43.017] [Server thread/WARN] [net.minecraftforge.common.ForgeConfigSpec/CORE]: Incorrect key server.scale_limits.block_reach.minimum was corrected from null to its default, 1.401298464324817E-45. 
[28Mar2026 04:55:43.017] [Server thread/WARN] [net.minecraftforge.common.ForgeConfigSpec/CORE]: Incorrect key server.scale_limits.block_reach.maximum was corrected from null to its default, 3.4028234663852886E38. 
[28Mar2026 04:55:43.017] [Server thread/WARN] [net.minecraftforge.common.ForgeConfigSpec/CORE]: Incorrect key server.scale_limits.entity_reach was corrected from null to its default, SimpleCommentedConfig:{}. 
[28Mar2026 04:55:43.017] [Server thread/WARN] [net.minecraftforge.common.ForgeConfigSpec/CORE]: Incorrect key server.scale_limits.entity_reach.minimum was corrected from null to its default, 1.401298464324817E-45. 
[28Mar2026 04:55:43.017] [Server thread/WARN] [net.minecraftforge.common.ForgeConfigSpec/CORE]: Incorrect key server.scale_limits.entity_reach.maximum was corrected from null to its default, 3.4028234663852886E38. 
[28Mar2026 04:55:43.017] [Server thread/WARN] [net.minecraftforge.common.ForgeConfigSpec/CORE]: Incorrect key server.scale_limits.mining_speed was corrected from null to its default, SimpleCommentedConfig:{}. 
[28Mar2026 04:55:43.017] [Server thread/WARN] [net.minecraftforge.common.ForgeConfigSpec/CORE]: Incorrect key server.scale_limits.mining_speed.minimum was corrected from null to its default, 1.401298464324817E-45. 
[28Mar2026 04:55:43.017] [Server thread/WARN] [net.minecraftforge.common.ForgeConfigSpec/CORE]: Incorrect key server.scale_limits.mining_speed.maximum was corrected from null to its default, 3.4028234663852886E38. 
[28Mar2026 04:55:43.017] [Server thread/WARN] [net.minecraftforge.common.ForgeConfigSpec/CORE]: Incorrect key server.scale_limits.attack_speed was corrected from null to its default, SimpleCommentedConfig:{}. 
[28Mar2026 04:55:43.017] [Server thread/WARN] [net.minecraftforge.common.ForgeConfigSpec/CORE]: Incorrect key server.scale_limits.attack_speed.minimum was corrected from null to its default, 1.401298464324817E-45. 
[28Mar2026 04:55:43.017] [Server thread/WARN] [net.minecraftforge.common.ForgeConfigSpec/CORE]: Incorrect key server.scale_limits.attack_speed.maximum was corrected from null to its default, 3.4028234663852886E38. 
[28Mar2026 04:55:43.017] [Server thread/WARN] [net.minecraftforge.common.ForgeConfigSpec/CORE]: Incorrect key server.scale_limits.knockback was corrected from null to its default, SimpleCommentedConfig:{}. 
[28Mar2026 04:55:43.017] [Server thread/WARN] [net.minecraftforge.common.ForgeConfigSpec/CORE]: Incorrect key server.scale_limits.knockback.minimum was corrected from null to its default, 1.401298464324817E-45. 
[28Mar2026 04:55:43.017] [Server thread/WARN] [net.minecraftforge.common.ForgeConfigSpec/CORE]: Incorrect key server.scale_limits.knockback.maximum was corrected from null to its default, 3.4028234663852886E38. 
[28Mar2026 04:55:43.017] [Server thread/WARN] [net.minecraftforge.common.ForgeConfigSpec/CORE]: Incorrect key server.scale_limits.attack was corrected from null to its default, SimpleCommentedConfig:{}. 
[28Mar2026 04:55:43.017] [Server thread/WARN] [net.minecraftforge.common.ForgeConfigSpec/CORE]: Incorrect key server.scale_limits.attack.minimum was corrected from null to its default, 1.401298464324817E-45. 
[28Mar2026 04:55:43.017] [Server thread/WARN] [net.minecraftforge.common.ForgeConfigSpec/CORE]: Incorrect key server.scale_limits.attack.maximum was corrected from null to its default, 3.4028234663852886E38. 
[28Mar2026 04:55:43.017] [Server thread/WARN] [net.minecraftforge.common.ForgeConfigSpec/CORE]: Incorrect key server.scale_limits.defense was corrected from null to its default, SimpleCommentedConfig:{}. 
[28Mar2026 04:55:43.017] [Server thread/WARN] [net.minecraftforge.common.ForgeConfigSpec/CORE]: Incorrect key server.scale_limits.defense.minimum was corrected from null to its default, 1.401298464324817E-45. 
[28Mar2026 04:55:43.017] [Server thread/WARN] [net.minecraftforge.common.ForgeConfigSpec/CORE]: Incorrect key server.scale_limits.defense.maximum was corrected from null to its default, 3.4028234663852886E38. 
[28Mar2026 04:55:43.017] [Server thread/WARN] [net.minecraftforge.common.ForgeConfigSpec/CORE]: Incorrect key server.scale_limits.health was corrected from null to its default, SimpleCommentedConfig:{}. 
[28Mar2026 04:55:43.017] [Server thread/WARN] [net.minecraftforge.common.ForgeConfigSpec/CORE]: Incorrect key server.scale_limits.health.minimum was corrected from null to its default, 1.401298464324817E-45. 
[28Mar2026 04:55:43.017] [Server thread/WARN] [net.minecraftforge.common.ForgeConfigSpec/CORE]: Incorrect key server.scale_limits.health.maximum was corrected from null to its default, 3.4028234663852886E38. 
[28Mar2026 04:55:43.017] [Server thread/WARN] [net.minecraftforge.common.ForgeConfigSpec/CORE]: Incorrect key server.scale_limits.drops was corrected from null to its default, SimpleCommentedConfig:{}. 
[28Mar2026 04:55:43.017] [Server thread/WARN] [net.minecraftforge.common.ForgeConfigSpec/CORE]: Incorrect key server.scale_limits.drops.minimum was corrected from null to its default, 1.401298464324817E-45. 
[28Mar2026 04:55:43.017] [Server thread/WARN] [net.minecraftforge.common.ForgeConfigSpec/CORE]: Incorrect key server.scale_limits.drops.maximum was corrected from null to its default, 3.4028234663852886E38. 
[28Mar2026 04:55:43.017] [Server thread/WARN] [net.minecraftforge.common.ForgeConfigSpec/CORE]: Incorrect key server.scale_limits.held_item was corrected from null to its default, SimpleCommentedConfig:{}. 
[28Mar2026 04:55:43.017] [Server thread/WARN] [net.minecraftforge.common.ForgeConfigSpec/CORE]: Incorrect key server.scale_limits.held_item.minimum was corrected from null to its default, 1.401298464324817E-45. 
[28Mar2026 04:55:43.017] [Server thread/WARN] [net.minecraftforge.common.ForgeConfigSpec/CORE]: Incorrect key server.scale_limits.held_item.maximum was corrected from null to its default, 3.4028234663852886E38. 
[28Mar2026 04:55:43.017] [Server thread/WARN] [net.minecraftforge.common.ForgeConfigSpec/CORE]: Incorrect key server.scale_limits.projectiles was corrected from null to its default, SimpleCommentedConfig:{}. 
[28Mar2026 04:55:43.017] [Server thread/WARN] [net.minecraftforge.common.ForgeConfigSpec/CORE]: Incorrect key server.scale_limits.projectiles.minimum was corrected from null to its default, 1.401298464324817E-45. 
[28Mar2026 04:55:43.018] [Server thread/WARN] [net.minecraftforge.common.ForgeConfigSpec/CORE]: Incorrect key server.scale_limits.projectiles.maximum was corrected from null to its default, 3.4028234663852886E38. 
[28Mar2026 04:55:43.018] [Server thread/WARN] [net.minecraftforge.common.ForgeConfigSpec/CORE]: Incorrect key server.scale_limits.explosions was corrected from null to its default, SimpleCommentedConfig:{}. 
[28Mar2026 04:55:43.018] [Server thread/WARN] [net.minecraftforge.common.ForgeConfigSpec/CORE]: Incorrect key server.scale_limits.explosions.minimum was corrected from null to its default, 1.401298464324817E-45. 
[28Mar2026 04:55:43.018] [Server thread/WARN] [net.minecraftforge.common.ForgeConfigSpec/CORE]: Incorrect key server.scale_limits.explosions.maximum was corrected from null to its default, 3.4028234663852886E38. 
[28Mar2026 04:55:43.019] [Server thread/WARN] [net.minecraftforge.common.ForgeConfigSpec/CORE]: Configuration file /Users/jonasbauer/Library/Application Support/PrismLauncher/instances/1.20.1(3)/minecraft/saves/Новый мир (1)/serverconfig/untitledduckmod-server.toml is not correct. Correcting
[28Mar2026 04:55:43.019] [Server thread/WARN] [net.minecraftforge.common.ForgeConfigSpec/CORE]: Incorrect key duck was corrected from null to its default, SimpleCommentedConfig:{}. 
[28Mar2026 04:55:43.019] [Server thread/WARN] [net.minecraftforge.common.ForgeConfigSpec/CORE]: Incorrect key duck.duck_spawn_weight was corrected from null to its default, 6. 
[28Mar2026 04:55:43.019] [Server thread/WARN] [net.minecraftforge.common.ForgeConfigSpec/CORE]: Incorrect key duck.duck_min_group_size was corrected from null to its default, 2. 
[28Mar2026 04:55:43.019] [Server thread/WARN] [net.minecraftforge.common.ForgeConfigSpec/CORE]: Incorrect key duck.duck_max_group_size was corrected from null to its default, 4. 
[28Mar2026 04:55:43.019] [Server thread/WARN] [net.minecraftforge.common.ForgeConfigSpec/CORE]: Incorrect key duck.duck_fishing_change was corrected from null to its default, 0.5. 
[28Mar2026 04:55:43.019] [Server thread/WARN] [net.minecraftforge.common.ForgeConfigSpec/CORE]: Incorrect key duck.duck_tamed_no_follow was corrected from null to its default, false. 
[28Mar2026 04:55:43.019] [Server thread/WARN] [net.minecraftforge.common.ForgeConfigSpec/CORE]: Incorrect key duck.duck_baby_random_size was corrected from null to its default, true. 
[28Mar2026 04:55:43.019] [Server thread/WARN] [net.minecraftforge.common.ForgeConfigSpec/CORE]: Incorrect key goose was corrected from null to its default, SimpleCommentedConfig:{}. 
[28Mar2026 04:55:43.019] [Server thread/WARN] [net.minecraftforge.common.ForgeConfigSpec/CORE]: Incorrect key goose.goose_spawn_weight was corrected from null to its default, 4. 
[28Mar2026 04:55:43.019] [Server thread/WARN] [net.minecraftforge.common.ForgeConfigSpec/CORE]: Incorrect key goose.goose_min_group_size was corrected from null to its default, 2. 
[28Mar2026 04:55:43.019] [Server thread/WARN] [net.minecraftforge.common.ForgeConfigSpec/CORE]: Incorrect key goose.goose_max_group_size was corrected from null to its default, 4. 
[28Mar2026 04:55:43.019] [Server thread/WARN] [net.minecraftforge.common.ForgeConfigSpec/CORE]: Incorrect key goose.goose_tamed_no_follow was corrected from null to its default, false. 
[28Mar2026 04:55:43.020] [Server thread/WARN] [net.minecraftforge.common.ForgeConfigSpec/CORE]: Incorrect key goose.goose_baby_random_size was corrected from null to its default, true. 
[28Mar2026 04:55:43.020] [Server thread/WARN] [net.minecraftforge.common.ForgeConfigSpec/CORE]: Incorrect key common was corrected from null to its default, SimpleCommentedConfig:{}. 
[28Mar2026 04:55:43.020] [Server thread/WARN] [net.minecraftforge.common.ForgeConfigSpec/CORE]: Incorrect key common.enable_force_eat was corrected from null to its default, false. 
[28Mar2026 04:55:43.020] [Server thread/WARN] [net.minecraftforge.common.ForgeConfigSpec/CORE]: Incorrect key common.force_eat_random_min_tick was corrected from null to its default, 500. 
[28Mar2026 04:55:43.020] [Server thread/WARN] [net.minecraftforge.common.ForgeConfigSpec/CORE]: Incorrect key common.force_eat_random_max_tick was corrected from null to its default, 1000. 
[28Mar2026 04:55:43.020] [Server thread/WARN] [net.minecraftforge.common.ForgeConfigSpec/CORE]: Incorrect key common.food_healing_value was corrected from null to its default, 0.5. 
[28Mar2026 04:55:43.020] [Server thread/WARN] [net.minecraftforge.common.ForgeConfigSpec/CORE]: Incorrect key intimidation was corrected from null to its default, SimpleCommentedConfig:{}. 
[28Mar2026 04:55:43.020] [Server thread/WARN] [net.minecraftforge.common.ForgeConfigSpec/CORE]: Incorrect key intimidation.intimidation_blacklist was corrected from null to its default, [modid:test]. 
[28Mar2026 04:55:43.020] [Server thread/WARN] [net.minecraftforge.common.ForgeConfigSpec/CORE]: Configuration file /Users/jonasbauer/Library/Application Support/PrismLauncher/instances/1.20.1(3)/minecraft/saves/Новый мир (1)/serverconfig/forge-server.toml is not correct. Correcting
[28Mar2026 04:55:43.020] [Server thread/WARN] [net.minecraftforge.common.ForgeConfigSpec/CORE]: Incorrect key server was corrected from null to its default, SimpleCommentedConfig:{}. 
[28Mar2026 04:55:43.020] [Server thread/WARN] [net.minecraftforge.common.ForgeConfigSpec/CORE]: Incorrect key server.removeErroringBlockEntities was corrected from null to its default, false. 
[28Mar2026 04:55:43.020] [Server thread/WARN] [net.minecraftforge.common.ForgeConfigSpec/CORE]: Incorrect key server.removeErroringEntities was corrected from null to its default, false. 
[28Mar2026 04:55:43.020] [Server thread/WARN] [net.minecraftforge.common.ForgeConfigSpec/CORE]: Incorrect key server.fullBoundingBoxLadders was corrected from null to its default, false. 
[28Mar2026 04:55:43.020] [Server thread/WARN] [net.minecraftforge.common.ForgeConfigSpec/CORE]: Incorrect key server.zombieBaseSummonChance was corrected from null to its default, 0.1. 
[28Mar2026 04:55:43.020] [Server thread/WARN] [net.minecraftforge.common.ForgeConfigSpec/CORE]: Incorrect key server.zombieBabyChance was corrected from null to its default, 0.05. 
[28Mar2026 04:55:43.020] [Server thread/WARN] [net.minecraftforge.common.ForgeConfigSpec/CORE]: Incorrect key server.permissionHandler was corrected from null to its default, forge:default_handler. 
[28Mar2026 04:55:43.020] [Server thread/WARN] [net.minecraftforge.common.ForgeConfigSpec/CORE]: Incorrect key server.advertiseDedicatedServerToLan was corrected from null to its default, true. 
[28Mar2026 04:55:43.020] [Server thread/WARN] [net.minecraftforge.common.ForgeConfigSpec/CORE]: Incorrect key server.useItemWithDurationZero was corrected from null to its default, false. 
[28Mar2026 04:55:43.021] [Server thread/WARN] [net.minecraftforge.common.ForgeConfigSpec/CORE]: Configuration file /Users/jonasbauer/Library/Application Support/PrismLauncher/instances/1.20.1(3)/minecraft/saves/Новый мир (1)/serverconfig/chunkactivitytracker-server.toml is not correct. Correcting
[28Mar2026 04:55:43.021] [Server thread/WARN] [net.minecraftforge.common.ForgeConfigSpec/CORE]: Incorrect key Store Heightmap Info was corrected from null to its default, false. 
[28Mar2026 04:55:43.022] [Server thread/WARN] [net.minecraftforge.common.ForgeConfigSpec/CORE]: Configuration file /Users/jonasbauer/Library/Application Support/PrismLauncher/instances/1.20.1(3)/minecraft/saves/Новый мир (1)/serverconfig/copycats-server.toml is not correct. Correcting
[28Mar2026 04:55:43.022] [Server thread/WARN] [net.minecraftforge.common.ForgeConfigSpec/CORE]: Incorrect key stressValues was corrected from null to its default, SimpleCommentedConfig:{}. 
[28Mar2026 04:55:43.022] [Server thread/WARN] [net.minecraftforge.common.ForgeConfigSpec/CORE]: Incorrect key stressValues.v1 was corrected from null to its default, SimpleCommentedConfig:{}. 
[28Mar2026 04:55:43.022] [Server thread/WARN] [net.minecraftforge.common.ForgeConfigSpec/CORE]: Incorrect key stressValues.v1.impact was corrected from null to its default, SimpleCommentedConfig:{}. 
[28Mar2026 04:55:43.022] [Server thread/WARN] [net.minecraftforge.common.ForgeConfigSpec/CORE]: Incorrect key stressValues.v1.impact.copycat_cogwheel was corrected from null to its default, 0.0. 
[28Mar2026 04:55:43.022] [Server thread/WARN] [net.minecraftforge.common.ForgeConfigSpec/CORE]: Incorrect key stressValues.v1.impact.copycat_large_cogwheel was corrected from null to its default, 0.0. 
[28Mar2026 04:55:43.022] [Server thread/WARN] [net.minecraftforge.common.ForgeConfigSpec/CORE]: Incorrect key stressValues.v1.impact.copycat_shaft was corrected from null to its default, 0.0. 
[28Mar2026 04:55:43.023] [Server thread/WARN] [net.minecraftforge.common.ForgeConfigSpec/CORE]: Configuration file /Users/jonasbauer/Library/Application Support/PrismLauncher/instances/1.20.1(3)/minecraft/saves/Новый мир (1)/serverconfig/forestry-server.toml is not correct. Correcting
[28Mar2026 04:55:43.023] [Server thread/WARN] [net.minecraftforge.common.ForgeConfigSpec/CORE]: Incorrect key genetics was corrected from null to its default, SimpleCommentedConfig:{}. 
[28Mar2026 04:55:43.023] [Server thread/WARN] [net.minecraftforge.common.ForgeConfigSpec/CORE]: Incorrect key genetics.research_mutation_boost_multiplier was corrected from null to its default, 1.5. 
[28Mar2026 04:55:43.023] [Server thread/WARN] [net.minecraftforge.common.ForgeConfigSpec/CORE]: Incorrect key genetics.max_research_mutation_boost_percent was corrected from null to its default, 5.0. 
[28Mar2026 04:55:43.023] [Server thread/WARN] [net.minecraftforge.common.ForgeConfigSpec/CORE]: Incorrect key bees was corrected from null to its default, SimpleCommentedConfig:{}. 
[28Mar2026 04:55:43.023] [Server thread/WARN] [net.minecraftforge.common.ForgeConfigSpec/CORE]: Incorrect key bees.pollinate_vanilla_leaves was corrected from null to its default, true. 
[28Mar2026 04:55:43.023] [Server thread/WARN] [net.minecraftforge.common.ForgeConfigSpec/CORE]: Incorrect key bees.wild_hive_spawn_rate was corrected from null to its default, 1.0. 
[28Mar2026 04:55:43.023] [Server thread/WARN] [net.minecraftforge.common.ForgeConfigSpec/CORE]: Incorrect key bees.use_haploid_drones was corrected from null to its default, false. 
[28Mar2026 04:55:43.023] [Server thread/WARN] [net.minecraftforge.common.ForgeConfigSpec/CORE]: Incorrect key farming was corrected from null to its default, SimpleCommentedConfig:{}. 
[28Mar2026 04:55:43.023] [Server thread/WARN] [net.minecraftforge.common.ForgeConfigSpec/CORE]: Incorrect key farming.multiblock_farm_size was corrected from null to its default, 2. 
[28Mar2026 04:55:43.023] [Server thread/WARN] [net.minecraftforge.common.ForgeConfigSpec/CORE]: Incorrect key farming.square_multiblock_farms was corrected from null to its default, false. 
[28Mar2026 04:55:43.023] [Server thread/WARN] [net.minecraftforge.common.ForgeConfigSpec/CORE]: Incorrect key farming.legacy_farms_planter_rings was corrected from null to its default, 4. 
[28Mar2026 04:55:43.023] [Server thread/WARN] [net.minecraftforge.common.ForgeConfigSpec/CORE]: Incorrect key farming.legacy_farms_use_rings was corrected from null to its default, true. 
[28Mar2026 04:55:43.023] [Server thread/WARN] [net.minecraftforge.common.ForgeConfigSpec/CORE]: Incorrect key farming.legacy_farms_ring_size was corrected from null to its default, 4. 
[28Mar2026 04:55:43.023] [Server thread/WARN] [net.minecraftforge.common.ForgeConfigSpec/CORE]: Incorrect key trees was corrected from null to its default, SimpleCommentedConfig:{}. 
[28Mar2026 04:55:43.023] [Server thread/WARN] [net.minecraftforge.common.ForgeConfigSpec/CORE]: Incorrect key trees.tree_spawn_chance_modifier was corrected from null to its default, 0.0. 
[28Mar2026 04:55:43.023] [Server thread/WARN] [net.minecraftforge.common.ForgeConfigSpec/CORE]: Incorrect key butterflies was corrected from null to its default, SimpleCommentedConfig:{}. 
[28Mar2026 04:55:43.023] [Server thread/WARN] [net.minecraftforge.common.ForgeConfigSpec/CORE]: Incorrect key butterflies.disable_butterfly_spawning was corrected from null to its default, false. 
[28Mar2026 04:55:43.023] [Server thread/WARN] [net.minecraftforge.common.ForgeConfigSpec/CORE]: Incorrect key butterflies.butterfly_cluster_limit was corrected from null to its default, 20. 
[28Mar2026 04:55:43.023] [Server thread/WARN] [net.minecraftforge.common.ForgeConfigSpec/CORE]: Incorrect key butterflies.butterfly_cluster_width was corrected from null to its default, 128. 
[28Mar2026 04:55:43.023] [Server thread/WARN] [net.minecraftforge.common.ForgeConfigSpec/CORE]: Incorrect key butterflies.butterfly_cluster_height was corrected from null to its default, 64. 
[28Mar2026 04:55:43.023] [Server thread/WARN] [net.minecraftforge.common.ForgeConfigSpec/CORE]: Incorrect key enable_backpack_resupply was corrected from null to its default, true. 
[28Mar2026 04:55:43.024] [Server thread/WARN] [net.minecraftforge.common.ForgeConfigSpec/CORE]: Incorrect key spawn_tin_ore was corrected from null to its default, true. 
[28Mar2026 04:55:43.024] [Server thread/WARN] [net.minecraftforge.common.ForgeConfigSpec/CORE]: Incorrect key spawn_apatite_ore was corrected from null to its default, true. 
[28Mar2026 04:55:43.024] [Server thread/WARN] [net.minecraftforge.common.ForgeConfigSpec/CORE]: Incorrect key escritoire_bounty_multiplier was corrected from null to its default, 1.0. 
[28Mar2026 04:55:43.025] [Server thread/WARN] [net.minecraftforge.common.ForgeConfigSpec/CORE]: Configuration file /Users/jonasbauer/Library/Application Support/PrismLauncher/instances/1.20.1(3)/minecraft/saves/Новый мир (1)/serverconfig/create-server.toml is not correct. Correcting
[28Mar2026 04:55:43.025] [Server thread/WARN] [net.minecraftforge.common.ForgeConfigSpec/CORE]: Incorrect key infrastructure was corrected from null to its default, SimpleCommentedConfig:{}. 
[28Mar2026 04:55:43.025] [Server thread/WARN] [net.minecraftforge.common.ForgeConfigSpec/CORE]: Incorrect key infrastructure.tickrateSyncTimer was corrected from null to its default, 20. 
[28Mar2026 04:55:43.025] [Server thread/WARN] [net.minecraftforge.common.ForgeConfigSpec/CORE]: Incorrect key recipes was corrected from null to its default, SimpleCommentedConfig:{}. 
[28Mar2026 04:55:43.025] [Server thread/WARN] [net.minecraftforge.common.ForgeConfigSpec/CORE]: Incorrect key recipes.bulkPressing was corrected from null to its default, false. 
[28Mar2026 04:55:43.025] [Server thread/WARN] [net.minecraftforge.common.ForgeConfigSpec/CORE]: Incorrect key recipes.bulkCutting was corrected from null to its default, false. 
[28Mar2026 04:55:43.025] [Server thread/WARN] [net.minecraftforge.common.ForgeConfigSpec/CORE]: Incorrect key recipes.allowBrewingInMixer was corrected from null to its default, true. 
[28Mar2026 04:55:43.025] [Server thread/WARN] [net.minecraftforge.common.ForgeConfigSpec/CORE]: Incorrect key recipes.allowShapelessInMixer was corrected from null to its default, true. 
[28Mar2026 04:55:43.025] [Server thread/WARN] [net.minecraftforge.common.ForgeConfigSpec/CORE]: Incorrect key recipes.allowShapedSquareInPress was corrected from null to its default, true. 
[28Mar2026 04:55:43.025] [Server thread/WARN] [net.minecraftforge.common.ForgeConfigSpec/CORE]: Incorrect key recipes.allowRegularCraftingInCrafter was corrected from null to its default, true. 
[28Mar2026 04:55:43.025] [Server thread/WARN] [net.minecraftforge.common.ForgeConfigSpec/CORE]: Incorrect key recipes.maxFireworkIngredientsInCrafter was corrected from null to its default, 9. 
[28Mar2026 04:55:43.025] [Server thread/WARN] [net.minecraftforge.common.ForgeConfigSpec/CORE]: Incorrect key recipes.allowStonecuttingOnSaw was corrected from null to its default, true. 
[28Mar2026 04:55:43.025] [Server thread/WARN] [net.minecraftforge.common.ForgeConfigSpec/CORE]: Incorrect key recipes.allowCastingBySpout was corrected from null to its default, true. 
[28Mar2026 04:55:43.025] [Server thread/WARN] [net.minecraftforge.common.ForgeConfigSpec/CORE]: Incorrect key recipes.displayLogStrippingRecipes was corrected from null to its default, true. 
[28Mar2026 04:55:43.025] [Server thread/WARN] [net.minecraftforge.common.ForgeConfigSpec/CORE]: Incorrect key recipes.lightSourceCountForRefinedRadiance was corrected from null to its default, 10. 
[28Mar2026 04:55:43.025] [Server thread/WARN] [net.minecraftforge.common.ForgeConfigSpec/CORE]: Incorrect key recipes.enableRefinedRadianceRecipe was corrected from null to its default, true. 
[28Mar2026 04:55:43.025] [Server thread/WARN] [net.minecraftforge.common.ForgeConfigSpec/CORE]: Incorrect key recipes.enableShadowSteelRecipe was corrected from null to its default, true. 
[28Mar2026 04:55:43.026] [Server thread/WARN] [net.minecraftforge.common.ForgeConfigSpec/CORE]: Incorrect key kinetics was corrected from null to its default, SimpleCommentedConfig:{}. 
[28Mar2026 04:55:43.026] [Server thread/WARN] [net.minecraftforge.common.ForgeConfigSpec/CORE]: Incorrect key kinetics.disableStress was corrected from null to its default, false. 
[28Mar2026 04:55:43.026] [Server thread/WARN] [net.minecraftforge.common.ForgeConfigSpec/CORE]: Incorrect key kinetics.maxBeltLength was corrected from null to its default, 20. 
[28Mar2026 04:55:43.026] [Server thread/WARN] [net.minecraftforge.common.ForgeConfigSpec/CORE]: Incorrect key kinetics.maxChainConveyorLength was corrected from null to its default, 32. 
[28Mar2026 04:55:43.026] [Server thread/WARN] [net.minecraftforge.common.ForgeConfigSpec/CORE]: Incorrect key kinetics.maxChainConveyorConnections was corrected from null to its default, 4. 
[28Mar2026 04:55:43.026] [Server thread/WARN] [net.minecraftforge.common.ForgeConfigSpec/CORE]: Incorrect key kinetics.crushingDamage was corrected from null to its default, 4. 
[28Mar2026 04:55:43.026] [Server thread/WARN] [net.minecraftforge.common.ForgeConfigSpec/CORE]: Incorrect key kinetics.maxRotationSpeed was corrected from null to its default, 256. 
[28Mar2026 04:55:43.026] [Server thread/WARN] [net.minecraftforge.common.ForgeConfigSpec/CORE]: Incorrect key kinetics.ignoreDeployerAttacks was corrected from null to its default, CREEPERS. 
[28Mar2026 04:55:43.026] [Server thread/WARN] [net.minecraftforge.common.ForgeConfigSpec/CORE]: Incorrect key kinetics.kineticValidationFrequency was corrected from null to its default, 60. 
[28Mar2026 04:55:43.026] [Server thread/WARN] [net.minecraftforge.common.ForgeConfigSpec/CORE]: Incorrect key kinetics.crankHungerMultiplier was corrected from null to its default, 0.009999999776482582. 
[28Mar2026 04:55:43.026] [Server thread/WARN] [net.minecraftforge.common.ForgeConfigSpec/CORE]: Incorrect key kinetics.minimumWindmillSails was corrected from null to its default, 8. 
[28Mar2026 04:55:43.026] [Server thread/WARN] [net.minecraftforge.common.ForgeConfigSpec/CORE]: Incorrect key kinetics.windmillSailsPerRPM was corrected from null to its default, 8. 
[28Mar2026 04:55:43.026] [Server thread/WARN] [net.minecraftforge.common.ForgeConfigSpec/CORE]: Incorrect key kinetics.maxEjectorDistance was corrected from null to its default, 32. 
[28Mar2026 04:55:43.026] [Server thread/WARN] [net.minecraftforge.common.ForgeConfigSpec/CORE]: Incorrect key kinetics.ejectorScanInterval was corrected from null to its default, 120. 
[28Mar2026 04:55:43.026] [Server thread/WARN] [net.minecraftforge.common.ForgeConfigSpec/CORE]: Incorrect key kinetics.encasedFan was corrected from null to its default, SimpleCommentedConfig:{}. 
[28Mar2026 04:55:43.026] [Server thread/WARN] [net.minecraftforge.common.ForgeConfigSpec/CORE]: Incorrect key kinetics.encasedFan.fanPushDistance was corrected from null to its default, 20. 
[28Mar2026 04:55:43.026] [Server thread/WARN] [net.minecraftforge.common.ForgeConfigSpec/CORE]: Incorrect key kinetics.encasedFan.fanPullDistance was corrected from null to its default, 20. 
[28Mar2026 04:55:43.026] [Server thread/WARN] [net.minecraftforge.common.ForgeConfigSpec/CORE]: Incorrect key kinetics.encasedFan.fanBlockCheckRate was corrected from null to its default, 30. 
[28Mar2026 04:55:43.026] [Server thread/WARN] [net.minecraftforge.common.ForgeConfigSpec/CORE]: Incorrect key kinetics.encasedFan.fanRotationArgmax was corrected from null to its default, 256. 
[28Mar2026 04:55:43.026] [Server thread/WARN] [net.minecraftforge.common.ForgeConfigSpec/CORE]: Incorrect key kinetics.encasedFan.fanProcessingTime was corrected from null to its default, 150. 
[28Mar2026 04:55:43.026] [Server thread/WARN] [net.minecraftforge.common.ForgeConfigSpec/CORE]: Incorrect key kinetics.contraptions was corrected from null to its default, SimpleCommentedConfig:{}. 
[28Mar2026 04:55:43.026] [Server thread/WARN] [net.minecraftforge.common.ForgeConfigSpec/CORE]: Incorrect key kinetics.contraptions.maxBlocksMoved was corrected from null to its default, 2048. 
[28Mar2026 04:55:43.026] [Server thread/WARN] [net.minecraftforge.common.ForgeConfigSpec/CORE]: Incorrect key kinetics.contraptions.maxChassisRange was corrected from null to its default, 16. 
[28Mar2026 04:55:43.026] [Server thread/WARN] [net.minecraftforge.common.ForgeConfigSpec/CORE]: Incorrect key kinetics.contraptions.maxPistonPoles was corrected from null to its default, 64. 
[28Mar2026 04:55:43.026] [Server thread/WARN] [net.minecraftforge.common.ForgeConfigSpec/CORE]: Incorrect key kinetics.contraptions.maxRopeLength was corrected from null to its default, 384. 
[28Mar2026 04:55:43.026] [Server thread/WARN] [net.minecraftforge.common.ForgeConfigSpec/CORE]: Incorrect key kinetics.contraptions.maxCartCouplingLength was corrected from null to its default, 32. 
[28Mar2026 04:55:43.026] [Server thread/WARN] [net.minecraftforge.common.ForgeConfigSpec/CORE]: Incorrect key kinetics.contraptions.rollerFillDepth was corrected from null to its default, 12. 
[28Mar2026 04:55:43.026] [Server thread/WARN] [net.minecraftforge.common.ForgeConfigSpec/CORE]: Incorrect key kinetics.contraptions.survivalContraptionPickup was corrected from null to its default, true. 
[28Mar2026 04:55:43.026] [Server thread/WARN] [net.minecraftforge.common.ForgeConfigSpec/CORE]: Incorrect key kinetics.contraptions.movableSpawners was corrected from null to its default, NO_PICKUP. 
[28Mar2026 04:55:43.026] [Server thread/WARN] [net.minecraftforge.common.ForgeConfigSpec/CORE]: Incorrect key kinetics.contraptions.amethystMovement was corrected from null to its default, NO_PICKUP. 
[28Mar2026 04:55:43.026] [Server thread/WARN] [net.minecraftforge.common.ForgeConfigSpec/CORE]: Incorrect key kinetics.contraptions.movableObsidian was corrected from null to its default, UNMOVABLE. 
[28Mar2026 04:55:43.026] [Server thread/WARN] [net.minecraftforge.common.ForgeConfigSpec/CORE]: Incorrect key kinetics.contraptions.movableReinforcedDeepslate was corrected from null to its default, UNMOVABLE. 
[28Mar2026 04:55:43.026] [Server thread/WARN] [net.minecraftforge.common.ForgeConfigSpec/CORE]: Incorrect key kinetics.contraptions.moveItemsToStorage was corrected from null to its default, true. 
[28Mar2026 04:55:43.026] [Server thread/WARN] [net.minecraftforge.common.ForgeConfigSpec/CORE]: Incorrect key kinetics.contraptions.harvestPartiallyGrown was corrected from null to its default, false. 
[28Mar2026 04:55:43.026] [Server thread/WARN] [net.minecraftforge.common.ForgeConfigSpec/CORE]: Incorrect key kinetics.contraptions.harvesterReplants was corrected from null to its default, true. 
[28Mar2026 04:55:43.026] [Server thread/WARN] [net.minecraftforge.common.ForgeConfigSpec/CORE]: Incorrect key kinetics.contraptions.minecartContraptionInContainers was corrected from null to its default, false. 
[28Mar2026 04:55:43.026] [Server thread/WARN] [net.minecraftforge.common.ForgeConfigSpec/CORE]: Incorrect key kinetics.contraptions.stabiliseStableContraptions was corrected from null to its default, false. 
[28Mar2026 04:55:43.026] [Server thread/WARN] [net.minecraftforge.common.ForgeConfigSpec/CORE]: Incorrect key kinetics.contraptions.syncPlayerPickupHitboxWithContraptionHitbox was corrected from null to its default, false. 
[28Mar2026 04:55:43.026] [Server thread/WARN] [net.minecraftforge.common.ForgeConfigSpec/CORE]: Incorrect key kinetics.contraptions.noDropWhenContraptionReplaceBlocks was corrected from null to its default, false. 
[28Mar2026 04:55:43.026] [Server thread/WARN] [net.minecraftforge.common.ForgeConfigSpec/CORE]: Incorrect key kinetics.stats was corrected from null to its default, SimpleCommentedConfig:{}. 
[28Mar2026 04:55:43.026] [Server thread/WARN] [net.minecraftforge.common.ForgeConfigSpec/CORE]: Incorrect key kinetics.stats.mediumSpeed was corrected from null to its default, 30.0. 
[28Mar2026 04:55:43.027] [Server thread/WARN] [net.minecraftforge.common.ForgeConfigSpec/CORE]: Incorrect key kinetics.stats.fastSpeed was corrected from null to its default, 100.0. 
[28Mar2026 04:55:43.027] [Server thread/WARN] [net.minecraftforge.common.ForgeConfigSpec/CORE]: Incorrect key kinetics.stats.mediumStressImpact was corrected from null to its default, 4.0. 
[28Mar2026 04:55:43.027] [Server thread/WARN] [net.minecraftforge.common.ForgeConfigSpec/CORE]: Incorrect key kinetics.stats.highStressImpact was corrected from null to its default, 8.0. 
[28Mar2026 04:55:43.027] [Server thread/WARN] [net.minecraftforge.common.ForgeConfigSpec/CORE]: Incorrect key kinetics.stats.mediumCapacity was corrected from null to its default, 256.0. 
[28Mar2026 04:55:43.027] [Server thread/WARN] [net.minecraftforge.common.ForgeConfigSpec/CORE]: Incorrect key kinetics.stats.highCapacity was corrected from null to its default, 1024.0. 
[28Mar2026 04:55:43.027] [Server thread/WARN] [net.minecraftforge.common.ForgeConfigSpec/CORE]: Incorrect key kinetics.stressValues was corrected from null to its default, SimpleCommentedConfig:{}. 
[28Mar2026 04:55:43.027] [Server thread/WARN] [net.minecraftforge.common.ForgeConfigSpec/CORE]: Incorrect key kinetics.stressValues.v2 was corrected from null to its default, SimpleCommentedConfig:{}. 
[28Mar2026 04:55:43.027] [Server thread/WARN] [net.minecraftforge.common.ForgeConfigSpec/CORE]: Incorrect key kinetics.stressValues.v2.impact was corrected from null to its default, SimpleCommentedConfig:{}. 
[28Mar2026 04:55:43.027] [Server thread/WARN] [net.minecraftforge.common.ForgeConfigSpec/CORE]: Incorrect key kinetics.stressValues.v2.impact.brass_encased_shaft was corrected from null to its default, 0.0. 
[28Mar2026 04:55:43.027] [Server thread/WARN] [net.minecraftforge.common.ForgeConfigSpec/CORE]: Incorrect key kinetics.stressValues.v2.impact.turntable was corrected from null to its default, 4.0. 
[28Mar2026 04:55:43.027] [Server thread/WARN] [net.minecraftforge.common.ForgeConfigSpec/CORE]: Incorrect key kinetics.stressValues.v2.impact.clutch was corrected from null to its default, 0.0. 
[28Mar2026 04:55:43.027] [Server thread/WARN] [net.minecraftforge.common.ForgeConfigSpec/CORE]: Incorrect key kinetics.stressValues.v2.impact.mechanical_mixer was corrected from null to its default, 4.0. 
[28Mar2026 04:55:43.027] [Server thread/WARN] [net.minecraftforge.common.ForgeConfigSpec/CORE]: Incorrect key kinetics.stressValues.v2.impact.gearbox was corrected from null to its default, 0.0. 
[28Mar2026 04:55:43.027] [Server thread/WARN] [net.minecraftforge.common.ForgeConfigSpec/CORE]: Incorrect key kinetics.stressValues.v2.impact.mechanical_bearing was corrected from null to its default, 4.0. 
[28Mar2026 04:55:43.027] [Server thread/WARN] [net.minecraftforge.common.ForgeConfigSpec/CORE]: Incorrect key kinetics.stressValues.v2.impact.copper_backtank was corrected from null to its default, 4.0. 
[28Mar2026 04:55:43.027] [Server thread/WARN] [net.minecraftforge.common.ForgeConfigSpec/CORE]: Incorrect key kinetics.stressValues.v2.impact.hose_pulley was corrected from null to its default, 4.0. 
[28Mar2026 04:55:43.027] [Server thread/WARN] [net.minecraftforge.common.ForgeConfigSpec/CORE]: Incorrect key kinetics.stressValues.v2.impact.display_board was corrected from null to its default, 0.0. 
[28Mar2026 04:55:43.027] [Server thread/WARN] [net.minecraftforge.common.ForgeConfigSpec/CORE]: Incorrect key kinetics.stressValues.v2.impact.crushing_wheel was corrected from null to its default, 8.0. 
[28Mar2026 04:55:43.027] [Server thread/WARN] [net.minecraftforge.common.ForgeConfigSpec/CORE]: Incorrect key kinetics.stressValues.v2.impact.adjustable_chain_gearshift was corrected from null to its default, 0.0. 
[28Mar2026 04:55:43.027] [Server thread/WARN] [net.minecraftforge.common.ForgeConfigSpec/CORE]: Incorrect key kinetics.stressValues.v2.impact.millstone was corrected from null to its default, 4.0. 
[28Mar2026 04:55:43.027] [Server thread/WARN] [net.minecraftforge.common.ForgeConfigSpec/CORE]: Incorrect key kinetics.stressValues.v2.impact.rotation_speed_controller was corrected from null to its default, 0.0. 
[28Mar2026 04:55:43.027] [Server thread/WARN] [net.minecraftforge.common.ForgeConfigSpec/CORE]: Incorrect key kinetics.stressValues.v2.impact.sticky_mechanical_piston was corrected from null to its default, 4.0. 
[28Mar2026 04:55:43.027] [Server thread/WARN] [net.minecraftforge.common.ForgeConfigSpec/CORE]: Incorrect key kinetics.stressValues.v2.impact.mechanical_crafter was corrected from null to its default, 2.0. 
[28Mar2026 04:55:43.027] [Server thread/WARN] [net.minecraftforge.common.ForgeConfigSpec/CORE]: Incorrect key kinetics.stressValues.v2.impact.deployer was corrected from null to its default, 4.0. 
[28Mar2026 04:55:43.027] [Server thread/WARN] [net.minecraftforge.common.ForgeConfigSpec/CORE]: Incorrect key kinetics.stressValues.v2.impact.elevator_pulley was corrected from null to its default, 4.0. 
[28Mar2026 04:55:43.027] [Server thread/WARN] [net.minecraftforge.common.ForgeConfigSpec/CORE]: Incorrect key kinetics.stressValues.v2.impact.stressometer was corrected from null to its default, 0.0. 
[28Mar2026 04:55:43.027] [Server thread/WARN] [net.minecraftforge.common.ForgeConfigSpec/CORE]: Incorrect key kinetics.stressValues.v2.impact.cogwheel was corrected from null to its default, 0.0. 
[28Mar2026 04:55:43.027] [Server thread/WARN] [net.minecraftforge.common.ForgeConfigSpec/CORE]: Incorrect key kinetics.stressValues.v2.impact.encased_chain_drive was corrected from null to its default, 0.0. 
[28Mar2026 04:55:43.027] [Server thread/WARN] [net.minecraftforge.common.ForgeConfigSpec/CORE]: Incorrect key kinetics.stressValues.v2.impact.belt was corrected from null to its default, 0.0. 
[28Mar2026 04:55:43.027] [Server thread/WARN] [net.minecraftforge.common.ForgeConfigSpec/CORE]: Incorrect key kinetics.stressValues.v2.impact.brass_encased_large_cogwheel was corrected from null to its default, 0.0. 
[28Mar2026 04:55:43.027] [Server thread/WARN] [net.minecraftforge.common.ForgeConfigSpec/CORE]: Incorrect key kinetics.stressValues.v2.impact.weighted_ejector was corrected from null to its default, 2.0. 
[28Mar2026 04:55:43.027] [Server thread/WARN] [net.minecraftforge.common.ForgeConfigSpec/CORE]: Incorrect key kinetics.stressValues.v2.impact.chain_conveyor was corrected from null to its default, 1.0. 
[28Mar2026 04:55:43.027] [Server thread/WARN] [net.minecraftforge.common.ForgeConfigSpec/CORE]: Incorrect key kinetics.stressValues.v2.impact.mechanical_saw was corrected from null to its default, 4.0. 
[28Mar2026 04:55:43.027] [Server thread/WARN] [net.minecraftforge.common.ForgeConfigSpec/CORE]: Incorrect key kinetics.stressValues.v2.impact.flywheel was corrected from null to its default, 0.0. 
[28Mar2026 04:55:43.027] [Server thread/WARN] [net.minecraftforge.common.ForgeConfigSpec/CORE]: Incorrect key kinetics.stressValues.v2.impact.mechanical_piston was corrected from null to its default, 4.0. 
[28Mar2026 04:55:43.027] [Server thread/WARN] [net.minecraftforge.common.ForgeConfigSpec/CORE]: Incorrect key kinetics.stressValues.v2.impact.speedometer was corrected from null to its default, 0.0. 
[28Mar2026 04:55:43.027] [Server thread/WARN] [net.minecraftforge.common.ForgeConfigSpec/CORE]: Incorrect key kinetics.stressValues.v2.impact.brass_encased_cogwheel was corrected from null to its default, 0.0. 
[28Mar2026 04:55:43.027] [Server thread/WARN] [net.minecraftforge.common.ForgeConfigSpec/CORE]: Incorrect key kinetics.stressValues.v2.impact.clockwork_bearing was corrected from null to its default, 4.0. 
[28Mar2026 04:55:43.027] [Server thread/WARN] [net.minecraftforge.common.ForgeConfigSpec/CORE]: Incorrect key kinetics.stressValues.v2.impact.mechanical_press was corrected from null to its default, 8.0. 
[28Mar2026 04:55:43.027] [Server thread/WARN] [net.minecraftforge.common.ForgeConfigSpec/CORE]: Incorrect key kinetics.stressValues.v2.impact.mechanical_drill was corrected from null to its default, 4.0. 
[28Mar2026 04:55:43.027] [Server thread/WARN] [net.minecraftforge.common.ForgeConfigSpec/CORE]: Incorrect key kinetics.stressValues.v2.impact.andesite_encased_shaft was corrected from null to its default, 0.0. 
[28Mar2026 04:55:43.027] [Server thread/WARN] [net.minecraftforge.common.ForgeConfigSpec/CORE]: Incorrect key kinetics.stressValues.v2.impact.netherite_backtank was corrected from null to its default, 4.0. 
[28Mar2026 04:55:43.027] [Server thread/WARN] [net.minecraftforge.common.ForgeConfigSpec/CORE]: Incorrect key kinetics.stressValues.v2.impact.mechanical_arm was corrected from null to its default, 2.0. 
[28Mar2026 04:55:43.027] [Server thread/WARN] [net.minecraftforge.common.ForgeConfigSpec/CORE]: Incorrect key kinetics.stressValues.v2.impact.sequenced_gearshift was corrected from null to its default, 0.0. 
[28Mar2026 04:55:43.027] [Server thread/WARN] [net.minecraftforge.common.ForgeConfigSpec/CORE]: Incorrect key kinetics.stressValues.v2.impact.andesite_encased_large_cogwheel was corrected from null to its default, 0.0. 
[28Mar2026 04:55:43.027] [Server thread/WARN] [net.minecraftforge.common.ForgeConfigSpec/CORE]: Incorrect key kinetics.stressValues.v2.impact.shaft was corrected from null to its default, 0.0. 
[28Mar2026 04:55:43.027] [Server thread/WARN] [net.minecraftforge.common.ForgeConfigSpec/CORE]: Incorrect key kinetics.stressValues.v2.impact.cuckoo_clock was corrected from null to its default, 1.0. 
[28Mar2026 04:55:43.027] [Server thread/WARN] [net.minecraftforge.common.ForgeConfigSpec/CORE]: Incorrect key kinetics.stressValues.v2.impact.gearshift was corrected from null to its default, 0.0. 
[28Mar2026 04:55:43.027] [Server thread/WARN] [net.minecraftforge.common.ForgeConfigSpec/CORE]: Incorrect key kinetics.stressValues.v2.impact.rope_pulley was corrected from null to its default, 4.0. 
[28Mar2026 04:55:43.027] [Server thread/WARN] [net.minecraftforge.common.ForgeConfigSpec/CORE]: Incorrect key kinetics.stressValues.v2.impact.andesite_encased_cogwheel was corrected from null to its default, 0.0. 
[28Mar2026 04:55:43.027] [Server thread/WARN] [net.minecraftforge.common.ForgeConfigSpec/CORE]: Incorrect key kinetics.stressValues.v2.impact.large_cogwheel was corrected from null to its default, 0.0. 
[28Mar2026 04:55:43.027] [Server thread/WARN] [net.minecraftforge.common.ForgeConfigSpec/CORE]: Incorrect key kinetics.stressValues.v2.impact.encased_fan was corrected from null to its default, 2.0. 
[28Mar2026 04:55:43.027] [Server thread/WARN] [net.minecraftforge.common.ForgeConfigSpec/CORE]: Incorrect key kinetics.stressValues.v2.impact.mysterious_cuckoo_clock was corrected from null to its default, 1.0. 
[28Mar2026 04:55:43.027] [Server thread/WARN] [net.minecraftforge.common.ForgeConfigSpec/CORE]: Incorrect key kinetics.stressValues.v2.impact.gantry_shaft was corrected from null to its default, 0.0. 
[28Mar2026 04:55:43.027] [Server thread/WARN] [net.minecraftforge.common.ForgeConfigSpec/CORE]: Incorrect key kinetics.stressValues.v2.impact.mechanical_pump was corrected from null to its default, 4.0. 
[28Mar2026 04:55:43.028] [Server thread/WARN] [net.minecraftforge.common.ForgeConfigSpec/CORE]: Incorrect key kinetics.stressValues.v2.capacity was corrected from null to its default, SimpleCommentedConfig:{}. 
[28Mar2026 04:55:43.028] [Server thread/WARN] [net.minecraftforge.common.ForgeConfigSpec/CORE]: Incorrect key kinetics.stressValues.v2.capacity.steam_engine was corrected from null to its default, 1024.0. 
[28Mar2026 04:55:43.028] [Server thread/WARN] [net.minecraftforge.common.ForgeConfigSpec/CORE]: Incorrect key kinetics.stressValues.v2.capacity.water_wheel was corrected from null to its default, 32.0. 
[28Mar2026 04:55:43.028] [Server thread/WARN] [net.minecraftforge.common.ForgeConfigSpec/CORE]: Incorrect key kinetics.stressValues.v2.capacity.copper_valve_handle was corrected from null to its default, 8.0. 
[28Mar2026 04:55:43.028] [Server thread/WARN] [net.minecraftforge.common.ForgeConfigSpec/CORE]: Incorrect key kinetics.stressValues.v2.capacity.hand_crank was corrected from null to its default, 8.0. 
[28Mar2026 04:55:43.028] [Server thread/WARN] [net.minecraftforge.common.ForgeConfigSpec/CORE]: Incorrect key kinetics.stressValues.v2.capacity.creative_motor was corrected from null to its default, 16384.0. 
[28Mar2026 04:55:43.028] [Server thread/WARN] [net.minecraftforge.common.ForgeConfigSpec/CORE]: Incorrect key kinetics.stressValues.v2.capacity.large_water_wheel was corrected from null to its default, 128.0. 
[28Mar2026 04:55:43.028] [Server thread/WARN] [net.minecraftforge.common.ForgeConfigSpec/CORE]: Incorrect key kinetics.stressValues.v2.capacity.windmill_bearing was corrected from null to its default, 512.0. 
[28Mar2026 04:55:43.029] [Server thread/WARN] [net.minecraftforge.common.ForgeConfigSpec/CORE]: Incorrect key fluids was corrected from null to its default, SimpleCommentedConfig:{}. 
[28Mar2026 04:55:43.029] [Server thread/WARN] [net.minecraftforge.common.ForgeConfigSpec/CORE]: Incorrect key fluids.fluidTankCapacity was corrected from null to its default, 8. 
[28Mar2026 04:55:43.029] [Server thread/WARN] [net.minecraftforge.common.ForgeConfigSpec/CORE]: Incorrect key fluids.fluidTankMaxHeight was corrected from null to its default, 32. 
[28Mar2026 04:55:43.029] [Server thread/WARN] [net.minecraftforge.common.ForgeConfigSpec/CORE]: Incorrect key fluids.mechanicalPumpRange was corrected from null to its default, 16. 
[28Mar2026 04:55:43.029] [Server thread/WARN] [net.minecraftforge.common.ForgeConfigSpec/CORE]: Incorrect key fluids.hosePulleyRange was corrected from null to its default, 128. 
[28Mar2026 04:55:43.029] [Server thread/WARN] [net.minecraftforge.common.ForgeConfigSpec/CORE]: Incorrect key fluids.hosePulleyBlockThreshold was corrected from null to its default, 10000. 
[28Mar2026 04:55:43.029] [Server thread/WARN] [net.minecraftforge.common.ForgeConfigSpec/CORE]: Incorrect key fluids.fillInfinite was corrected from null to its default, false. 
[28Mar2026 04:55:43.029] [Server thread/WARN] [net.minecraftforge.common.ForgeConfigSpec/CORE]: Incorrect key fluids.bottomlessFluidMode was corrected from null to its default, ALLOW_BY_TAG. 
[28Mar2026 04:55:43.029] [Server thread/WARN] [net.minecraftforge.common.ForgeConfigSpec/CORE]: Incorrect key fluids.fluidFillPlaceFluidSourceBlocks was corrected from null to its default, true. 
[28Mar2026 04:55:43.029] [Server thread/WARN] [net.minecraftforge.common.ForgeConfigSpec/CORE]: Incorrect key fluids.pipesPlaceFluidSourceBlocks was corrected from null to its default, true. 
[28Mar2026 04:55:43.030] [Server thread/WARN] [net.minecraftforge.common.ForgeConfigSpec/CORE]: Incorrect key logistics was corrected from null to its default, SimpleCommentedConfig:{}. 
[28Mar2026 04:55:43.030] [Server thread/WARN] [net.minecraftforge.common.ForgeConfigSpec/CORE]: Incorrect key logistics.defaultExtractionTimer was corrected from null to its default, 8. 
[28Mar2026 04:55:43.030] [Server thread/WARN] [net.minecraftforge.common.ForgeConfigSpec/CORE]: Incorrect key logistics.psiTimeout was corrected from null to its default, 60. 
[28Mar2026 04:55:43.030] [Server thread/WARN] [net.minecraftforge.common.ForgeConfigSpec/CORE]: Incorrect key logistics.mechanicalArmRange was corrected from null to its default, 5. 
[28Mar2026 04:55:43.030] [Server thread/WARN] [net.minecraftforge.common.ForgeConfigSpec/CORE]: Incorrect key logistics.packagePortRange was corrected from null to its default, 5. 
[28Mar2026 04:55:43.030] [Server thread/WARN] [net.minecraftforge.common.ForgeConfigSpec/CORE]: Incorrect key logistics.linkRange was corrected from null to its default, 256. 
[28Mar2026 04:55:43.030] [Server thread/WARN] [net.minecraftforge.common.ForgeConfigSpec/CORE]: Incorrect key logistics.displayLinkRange was corrected from null to its default, 64. 
[28Mar2026 04:55:43.030] [Server thread/WARN] [net.minecraftforge.common.ForgeConfigSpec/CORE]: Incorrect key logistics.vaultCapacity was corrected from null to its default, 20. 
[28Mar2026 04:55:43.030] [Server thread/WARN] [net.minecraftforge.common.ForgeConfigSpec/CORE]: Incorrect key logistics.chainConveyorCapacity was corrected from null to its default, 20. 
[28Mar2026 04:55:43.030] [Server thread/WARN] [net.minecraftforge.common.ForgeConfigSpec/CORE]: Incorrect key logistics.brassTunnelTimer was corrected from null to its default, 10. 
[28Mar2026 04:55:43.030] [Server thread/WARN] [net.minecraftforge.common.ForgeConfigSpec/CORE]: Incorrect key logistics.factoryGaugeTimer was corrected from null to its default, 100. 
[28Mar2026 04:55:43.030] [Server thread/WARN] [net.minecraftforge.common.ForgeConfigSpec/CORE]: Incorrect key logistics.seatHostileMobs was corrected from null to its default, true. 
[28Mar2026 04:55:43.031] [Server thread/WARN] [net.minecraftforge.common.ForgeConfigSpec/CORE]: Incorrect key schematics was corrected from null to its default, SimpleCommentedConfig:{}. 
[28Mar2026 04:55:43.031] [Server thread/WARN] [net.minecraftforge.common.ForgeConfigSpec/CORE]: Incorrect key schematics.creativePrintIncludesAir was corrected from null to its default, false. 
[28Mar2026 04:55:43.031] [Server thread/WARN] [net.minecraftforge.common.ForgeConfigSpec/CORE]: Incorrect key schematics.maxSchematics was corrected from null to its default, 10. 
[28Mar2026 04:55:43.031] [Server thread/WARN] [net.minecraftforge.common.ForgeConfigSpec/CORE]: Incorrect key schematics.maxTotalSchematicSize was corrected from null to its default, 256. 
[28Mar2026 04:55:43.031] [Server thread/WARN] [net.minecraftforge.common.ForgeConfigSpec/CORE]: Incorrect key schematics.maxSchematicPacketSize was corrected from null to its default, 1024. 
[28Mar2026 04:55:43.031] [Server thread/WARN] [net.minecraftforge.common.ForgeConfigSpec/CORE]: Incorrect key schematics.schematicIdleTimeout was corrected from null to its default, 600. 
[28Mar2026 04:55:43.031] [Server thread/WARN] [net.minecraftforge.common.ForgeConfigSpec/CORE]: Incorrect key schematics.schematicannon was corrected from null to its default, SimpleCommentedConfig:{}. 
[28Mar2026 04:55:43.031] [Server thread/WARN] [net.minecraftforge.common.ForgeConfigSpec/CORE]: Incorrect key schematics.schematicannon.schematicannonDelay was corrected from null to its default, 10. 
[28Mar2026 04:55:43.031] [Server thread/WARN] [net.minecraftforge.common.ForgeConfigSpec/CORE]: Incorrect key schematics.schematicannon.schematicannonShotsPerGunpowder was corrected from null to its default, 400. 
[28Mar2026 04:55:43.032] [Server thread/WARN] [net.minecraftforge.common.ForgeConfigSpec/CORE]: Incorrect key equipment was corrected from null to its default, SimpleCommentedConfig:{}. 
[28Mar2026 04:55:43.032] [Server thread/WARN] [net.minecraftforge.common.ForgeConfigSpec/CORE]: Incorrect key equipment.maxSymmetryWandRange was corrected from null to its default, 50. 
[28Mar2026 04:55:43.032] [Server thread/WARN] [net.minecraftforge.common.ForgeConfigSpec/CORE]: Incorrect key equipment.placementAssistRange was corrected from null to its default, 12. 
[28Mar2026 04:55:43.032] [Server thread/WARN] [net.minecraftforge.common.ForgeConfigSpec/CORE]: Incorrect key equipment.toolboxRange was corrected from null to its default, 10. 
[28Mar2026 04:55:43.032] [Server thread/WARN] [net.minecraftforge.common.ForgeConfigSpec/CORE]: Incorrect key equipment.airInBacktank was corrected from null to its default, 900. 
[28Mar2026 04:55:43.032] [Server thread/WARN] [net.minecraftforge.common.ForgeConfigSpec/CORE]: Incorrect key equipment.enchantedBacktankCapacity was corrected from null to its default, 300. 
[28Mar2026 04:55:43.032] [Server thread/WARN] [net.minecraftforge.common.ForgeConfigSpec/CORE]: Incorrect key equipment.maxExtendoGripActions was corrected from null to its default, 1000. 
[28Mar2026 04:55:43.032] [Server thread/WARN] [net.minecraftforge.common.ForgeConfigSpec/CORE]: Incorrect key equipment.maxPotatoCannonShots was corrected from null to its default, 200. 
[28Mar2026 04:55:43.032] [Server thread/WARN] [net.minecraftforge.common.ForgeConfigSpec/CORE]: Incorrect key trains was corrected from null to its default, SimpleCommentedConfig:{}. 
[28Mar2026 04:55:43.033] [Server thread/WARN] [net.minecraftforge.common.ForgeConfigSpec/CORE]: Incorrect key trains.trainsCauseDamage was corrected from null to its default, true. 
[28Mar2026 04:55:43.033] [Server thread/WARN] [net.minecraftforge.common.ForgeConfigSpec/CORE]: Incorrect key trains.maxTrackPlacementLength was corrected from null to its default, 32. 
[28Mar2026 04:55:43.033] [Server thread/WARN] [net.minecraftforge.common.ForgeConfigSpec/CORE]: Incorrect key trains.maxAssemblyLength was corrected from null to its default, 128. 
[28Mar2026 04:55:43.033] [Server thread/WARN] [net.minecraftforge.common.ForgeConfigSpec/CORE]: Incorrect key trains.maxBogeyCount was corrected from null to its default, 20. 
[28Mar2026 04:55:43.033] [Server thread/WARN] [net.minecraftforge.common.ForgeConfigSpec/CORE]: Incorrect key trains.manualTrainSpeedModifier was corrected from null to its default, 0.75. 
[28Mar2026 04:55:43.033] [Server thread/WARN] [net.minecraftforge.common.ForgeConfigSpec/CORE]: Incorrect key trains.trainStats was corrected from null to its default, SimpleCommentedConfig:{}. 
[28Mar2026 04:55:43.033] [Server thread/WARN] [net.minecraftforge.common.ForgeConfigSpec/CORE]: Incorrect key trains.trainStats.trainTopSpeed was corrected from null to its default, 28.0. 
[28Mar2026 04:55:43.033] [Server thread/WARN] [net.minecraftforge.common.ForgeConfigSpec/CORE]: Incorrect key trains.trainStats.trainTurningTopSpeed was corrected from null to its default, 14.0. 
[28Mar2026 04:55:43.033] [Server thread/WARN] [net.minecraftforge.common.ForgeConfigSpec/CORE]: Incorrect key trains.trainStats.trainAcceleration was corrected from null to its default, 3.0. 
[28Mar2026 04:55:43.033] [Server thread/WARN] [net.minecraftforge.common.ForgeConfigSpec/CORE]: Incorrect key trains.poweredTrainStats was corrected from null to its default, SimpleCommentedConfig:{}. 
[28Mar2026 04:55:43.033] [Server thread/WARN] [net.minecraftforge.common.ForgeConfigSpec/CORE]: Incorrect key trains.poweredTrainStats.poweredTrainTopSpeed was corrected from null to its default, 40.0. 
[28Mar2026 04:55:43.033] [Server thread/WARN] [net.minecraftforge.common.ForgeConfigSpec/CORE]: Incorrect key trains.poweredTrainStats.poweredTrainTurningTopSpeed was corrected from null to its default, 20.0. 
[28Mar2026 04:55:43.033] [Server thread/WARN] [net.minecraftforge.common.ForgeConfigSpec/CORE]: Incorrect key trains.poweredTrainStats.poweredTrainAcceleration was corrected from null to its default, 3.0. 
[28Mar2026 04:55:43.035] [Server thread/WARN] [net.minecraftforge.common.ForgeConfigSpec/CORE]: Configuration file /Users/jonasbauer/Library/Application Support/PrismLauncher/instances/1.20.1(3)/minecraft/saves/Новый мир (1)/serverconfig/railways-server.toml is not correct. Correcting
[28Mar2026 04:55:43.035] [Server thread/WARN] [net.minecraftforge.common.ForgeConfigSpec/CORE]: Incorrect key misc was corrected from null to its default, SimpleCommentedConfig:{}. 
[28Mar2026 04:55:43.035] [Server thread/WARN] [net.minecraftforge.common.ForgeConfigSpec/CORE]: Incorrect key misc.strictCoupler was corrected from null to its default, false. 
[28Mar2026 04:55:43.035] [Server thread/WARN] [net.minecraftforge.common.ForgeConfigSpec/CORE]: Incorrect key misc.flipDistantSwitches was corrected from null to its default, true. 
[28Mar2026 04:55:43.035] [Server thread/WARN] [net.minecraftforge.common.ForgeConfigSpec/CORE]: Incorrect key misc.switchPlacementRange was corrected from null to its default, 64. 
[28Mar2026 04:55:43.035] [Server thread/WARN] [net.minecraftforge.common.ForgeConfigSpec/CORE]: Incorrect key misc.creeperTrackDamage was corrected from null to its default, false. 
[28Mar2026 04:55:43.035] [Server thread/WARN] [net.minecraftforge.common.ForgeConfigSpec/CORE]: Incorrect key misc.handcarHungerMultiplier was corrected from null to its default, 0.009999999776482582. 
[28Mar2026 04:55:43.035] [Server thread/WARN] [net.minecraftforge.common.ForgeConfigSpec/CORE]: Incorrect key misc.rollersClearSnow was corrected from null to its default, true. 
[28Mar2026 04:55:43.035] [Server thread/WARN] [net.minecraftforge.common.ForgeConfigSpec/CORE]: Incorrect key misc.unlimitedCreativeRelocation was corrected from null to its default, false. 
[28Mar2026 04:55:43.036] [Server thread/WARN] [net.minecraftforge.common.ForgeConfigSpec/CORE]: Incorrect key semaphores was corrected from null to its default, SimpleCommentedConfig:{}. 
[28Mar2026 04:55:43.036] [Server thread/WARN] [net.minecraftforge.common.ForgeConfigSpec/CORE]: Incorrect key semaphores.simplifiedPlacement was corrected from null to its default, true. 
[28Mar2026 04:55:43.036] [Server thread/WARN] [net.minecraftforge.common.ForgeConfigSpec/CORE]: Incorrect key semaphores.flipYellowOrder was corrected from null to its default, false. 
[28Mar2026 04:55:43.036] [Server thread/WARN] [net.minecraftforge.common.ForgeConfigSpec/CORE]: Incorrect key conductors was corrected from null to its default, SimpleCommentedConfig:{}. 
[28Mar2026 04:55:43.036] [Server thread/WARN] [net.minecraftforge.common.ForgeConfigSpec/CORE]: Incorrect key conductors.mustOwnBoundTrain was corrected from null to its default, false. 
[28Mar2026 04:55:43.036] [Server thread/WARN] [net.minecraftforge.common.ForgeConfigSpec/CORE]: Incorrect key conductors.maxConductorVentLength was corrected from null to its default, 64. 
[28Mar2026 04:55:43.036] [Server thread/WARN] [net.minecraftforge.common.ForgeConfigSpec/CORE]: Incorrect key conductors.whistleRebindRate was corrected from null to its default, 10. 
[28Mar2026 04:55:43.036] [Server thread/WARN] [net.minecraftforge.common.ForgeConfigSpec/CORE]: Incorrect key realism was corrected from null to its default, SimpleCommentedConfig:{}. 
[28Mar2026 04:55:43.036] [Server thread/WARN] [net.minecraftforge.common.ForgeConfigSpec/CORE]: Incorrect key realism.realisticTrains was corrected from null to its default, false. 
[28Mar2026 04:55:43.036] [Server thread/WARN] [net.minecraftforge.common.ForgeConfigSpec/CORE]: Incorrect key realism.realisticFuelTanks was corrected from null to its default, true. 
[28Mar2026 04:55:43.130] [Server thread/INFO] [terrablender/]: Initialized TerraBlender biomes for level stem minecraft:the_nether
[28Mar2026 04:55:43.132] [Server thread/INFO] [terrablender/]: Initialized TerraBlender biomes for level stem aether:the_aether
[28Mar2026 04:55:43.389] [Server thread/INFO] [terrablender/]: Initialized TerraBlender biomes for level stem minecraft:overworld
[28Mar2026 04:55:43.396] [Render thread/INFO] [de.keksuccino.fancymenu.customization.layer.ScreenCustomizationLayerHandler/]: [FANCYMENU] ScreenCustomizationLayer registered: level_loading_screen
[28Mar2026 04:55:51.697] [Server thread/INFO] [voicechat/]: [voicechat] Successfully migrated config voicechat-server.toml
[28Mar2026 04:56:00.855] [Server thread/INFO] [surveyor/]: [Surveyor] Loading data for minecraft:overworld
[28Mar2026 04:56:00.866] [Server thread/INFO] [surveyor/]: [Surveyor] Finished loading data for minecraft:overworld
[28Mar2026 04:56:00.868] [Server thread/INFO] [surveyor/]: [Surveyor] Loading data for minecraft:the_nether
[28Mar2026 04:56:00.869] [Server thread/INFO] [surveyor/]: [Surveyor] Finished loading data for minecraft:the_nether
[28Mar2026 04:56:00.869] [Server thread/INFO] [surveyor/]: [Surveyor] Loading data for aether:the_aether
[28Mar2026 04:56:00.869] [Server thread/INFO] [surveyor/]: [Surveyor] Finished loading data for aether:the_aether
[28Mar2026 04:56:00.869] [Server thread/INFO] [surveyor/]: [Surveyor] Loading data for minecraft:the_end
[28Mar2026 04:56:00.869] [Server thread/INFO] [surveyor/]: [Surveyor] Finished loading data for minecraft:the_end
[28Mar2026 04:56:00.869] [Server thread/INFO] [surveyor/]: [Surveyor] Loading data for herbalistmod:trip
[28Mar2026 04:56:00.869] [Server thread/INFO] [surveyor/]: [Surveyor] Finished loading data for herbalistmod:trip
[28Mar2026 04:56:00.869] [Server thread/INFO] [net.minecraft.server.MinecraftServer/]: Preparing start region for dimension minecraft:overworld
[28Mar2026 04:56:01.307] [Render thread/INFO] [net.minecraft.server.level.progress.LoggerChunkProgressListener/]: Подготовка области возрождения: 0%
[28Mar2026 04:56:01.381] [Render thread/INFO] [net.minecraft.server.level.progress.LoggerChunkProgressListener/]: Подготовка области возрождения: 0%
[28Mar2026 04:56:01.934] [Render thread/INFO] [net.minecraft.server.level.progress.LoggerChunkProgressListener/]: Подготовка области возрождения: 0%
[28Mar2026 04:56:02.400] [Render thread/INFO] [net.minecraft.server.level.progress.LoggerChunkProgressListener/]: Подготовка области возрождения: 0%
[28Mar2026 04:56:02.876] [Render thread/INFO] [net.minecraft.server.level.progress.LoggerChunkProgressListener/]: Подготовка области возрождения: 0%
[28Mar2026 04:56:03.497] [Render thread/INFO] [net.minecraft.server.level.progress.LoggerChunkProgressListener/]: Подготовка области возрождения: 0%
[28Mar2026 04:56:03.882] [Render thread/INFO] [net.minecraft.server.level.progress.LoggerChunkProgressListener/]: Подготовка области возрождения: 1%
[28Mar2026 04:56:04.381] [Render thread/INFO] [net.minecraft.server.level.progress.LoggerChunkProgressListener/]: Подготовка области возрождения: 1%
[28Mar2026 04:56:04.994] [Render thread/INFO] [net.minecraft.server.level.progress.LoggerChunkProgressListener/]: Подготовка области возрождения: 2%
[28Mar2026 04:56:05.397] [Render thread/INFO] [net.minecraft.server.level.progress.LoggerChunkProgressListener/]: Подготовка области возрождения: 2%
[28Mar2026 04:56:05.884] [Render thread/INFO] [net.minecraft.server.level.progress.LoggerChunkProgressListener/]: Подготовка области возрождения: 3%
[28Mar2026 04:56:06.396] [Render thread/INFO] [net.minecraft.server.level.progress.LoggerChunkProgressListener/]: Подготовка области возрождения: 4%
[28Mar2026 04:56:06.934] [Render thread/INFO] [net.minecraft.server.level.progress.LoggerChunkProgressListener/]: Подготовка области возрождения: 4%
[28Mar2026 04:56:07.389] [Render thread/INFO] [net.minecraft.server.level.progress.LoggerChunkProgressListener/]: Подготовка области возрождения: 5%
[28Mar2026 04:56:07.883] [Render thread/INFO] [net.minecraft.server.level.progress.LoggerChunkProgressListener/]: Подготовка области возрождения: 6%
[28Mar2026 04:56:08.384] [Render thread/INFO] [net.minecraft.server.level.progress.LoggerChunkProgressListener/]: Подготовка области возрождения: 8%
[28Mar2026 04:56:08.920] [Render thread/INFO] [net.minecraft.server.level.progress.LoggerChunkProgressListener/]: Подготовка области возрождения: 8%
[28Mar2026 04:56:14.678] [Worker-Main-8/WARN] [net.minecraft.world.level.levelgen.structure.pools.JigsawPlacement/]: Empty or non-existent pool: minecraft:minecraft_empty
[28Mar2026 04:56:14.750] [Render thread/INFO] [net.minecraft.server.level.progress.LoggerChunkProgressListener/]: Подготовка области возрождения: 9%
[28Mar2026 04:56:14.750] [Render thread/INFO] [net.minecraft.server.level.progress.LoggerChunkProgressListener/]: Подготовка области возрождения: 9%
[28Mar2026 04:56:14.768] [Render thread/INFO] [net.minecraft.server.level.progress.LoggerChunkProgressListener/]: Подготовка области возрождения: 9%
[28Mar2026 04:56:14.768] [Render thread/INFO] [net.minecraft.server.level.progress.LoggerChunkProgressListener/]: Подготовка области возрождения: 9%
[28Mar2026 04:56:14.768] [Render thread/INFO] [net.minecraft.server.level.progress.LoggerChunkProgressListener/]: Подготовка области возрождения: 9%
[28Mar2026 04:56:14.768] [Render thread/INFO] [net.minecraft.server.level.progress.LoggerChunkProgressListener/]: Подготовка области возрождения: 9%
[28Mar2026 04:56:14.787] [Render thread/INFO] [net.minecraft.server.level.progress.LoggerChunkProgressListener/]: Подготовка области возрождения: 9%
[28Mar2026 04:56:14.787] [Render thread/INFO] [net.minecraft.server.level.progress.LoggerChunkProgressListener/]: Подготовка области возрождения: 9%
[28Mar2026 04:56:14.787] [Render thread/INFO] [net.minecraft.server.level.progress.LoggerChunkProgressListener/]: Подготовка области возрождения: 9%
[28Mar2026 04:56:14.787] [Render thread/INFO] [net.minecraft.server.level.progress.LoggerChunkProgressListener/]: Подготовка области возрождения: 9%
[28Mar2026 04:56:14.787] [Render thread/INFO] [net.minecraft.server.level.progress.LoggerChunkProgressListener/]: Подготовка области возрождения: 9%
[28Mar2026 04:56:15.205] [Render thread/INFO] [net.minecraft.server.level.progress.LoggerChunkProgressListener/]: Подготовка области возрождения: 9%
[28Mar2026 04:56:15.426] [Render thread/INFO] [net.minecraft.server.level.progress.LoggerChunkProgressListener/]: Подготовка области возрождения: 9%
[28Mar2026 04:56:15.907] [Render thread/INFO] [net.minecraft.server.level.progress.LoggerChunkProgressListener/]: Подготовка области возрождения: 9%
[28Mar2026 04:56:16.497] [Render thread/INFO] [net.minecraft.server.level.progress.LoggerChunkProgressListener/]: Подготовка области возрождения: 10%
[28Mar2026 04:56:16.881] [Render thread/INFO] [net.minecraft.server.level.progress.LoggerChunkProgressListener/]: Подготовка области возрождения: 12%
[28Mar2026 04:56:17.380] [Render thread/INFO] [net.minecraft.server.level.progress.LoggerChunkProgressListener/]: Подготовка области возрождения: 13%
[28Mar2026 04:56:17.890] [Render thread/INFO] [net.minecraft.server.level.progress.LoggerChunkProgressListener/]: Подготовка области возрождения: 15%
[28Mar2026 04:56:18.380] [Render thread/INFO] [net.minecraft.server.level.progress.LoggerChunkProgressListener/]: Подготовка области возрождения: 16%
[28Mar2026 04:56:18.893] [Render thread/INFO] [net.minecraft.server.level.progress.LoggerChunkProgressListener/]: Подготовка области возрождения: 17%
[28Mar2026 04:56:19.388] [Render thread/INFO] [net.minecraft.server.level.progress.LoggerChunkProgressListener/]: Подготовка области возрождения: 19%
[28Mar2026 04:56:19.883] [Render thread/INFO] [net.minecraft.server.level.progress.LoggerChunkProgressListener/]: Подготовка области возрождения: 20%
[28Mar2026 04:56:20.376] [Render thread/INFO] [net.minecraft.server.level.progress.LoggerChunkProgressListener/]: Подготовка области возрождения: 22%
[28Mar2026 04:56:20.882] [Render thread/INFO] [net.minecraft.server.level.progress.LoggerChunkProgressListener/]: Подготовка области возрождения: 23%
[28Mar2026 04:56:21.574] [Render thread/INFO] [net.minecraft.server.level.progress.LoggerChunkProgressListener/]: Подготовка области возрождения: 24%
[28Mar2026 04:56:21.884] [Render thread/INFO] [net.minecraft.server.level.progress.LoggerChunkProgressListener/]: Подготовка области возрождения: 24%
[28Mar2026 04:56:22.374] [Render thread/INFO] [net.minecraft.server.level.progress.LoggerChunkProgressListener/]: Подготовка области возрождения: 25%
[28Mar2026 04:56:22.882] [Render thread/INFO] [net.minecraft.server.level.progress.LoggerChunkProgressListener/]: Подготовка области возрождения: 28%
[28Mar2026 04:56:23.378] [Render thread/INFO] [net.minecraft.server.level.progress.LoggerChunkProgressListener/]: Подготовка области возрождения: 30%
[28Mar2026 04:56:23.882] [Render thread/INFO] [net.minecraft.server.level.progress.LoggerChunkProgressListener/]: Подготовка области возрождения: 31%
[28Mar2026 04:56:24.426] [Render thread/INFO] [net.minecraft.server.level.progress.LoggerChunkProgressListener/]: Подготовка области возрождения: 32%
[28Mar2026 04:56:24.886] [Render thread/INFO] [net.minecraft.server.level.progress.LoggerChunkProgressListener/]: Подготовка области возрождения: 33%
[28Mar2026 04:56:25.381] [Render thread/INFO] [net.minecraft.server.level.progress.LoggerChunkProgressListener/]: Подготовка области возрождения: 34%
[28Mar2026 04:56:25.878] [Render thread/INFO] [net.minecraft.server.level.progress.LoggerChunkProgressListener/]: Подготовка области возрождения: 36%
[28Mar2026 04:56:26.416] [Render thread/INFO] [net.minecraft.server.level.progress.LoggerChunkProgressListener/]: Подготовка области возрождения: 38%
[28Mar2026 04:56:27.097] [Render thread/INFO] [net.minecraft.server.level.progress.LoggerChunkProgressListener/]: Подготовка области возрождения: 40%
[28Mar2026 04:56:27.375] [Render thread/INFO] [net.minecraft.server.level.progress.LoggerChunkProgressListener/]: Подготовка области возрождения: 41%
[28Mar2026 04:56:27.880] [Render thread/INFO] [net.minecraft.server.level.progress.LoggerChunkProgressListener/]: Подготовка области возрождения: 42%
[28Mar2026 04:56:28.379] [Render thread/INFO] [net.minecraft.server.level.progress.LoggerChunkProgressListener/]: Подготовка области возрождения: 43%
[28Mar2026 04:56:28.897] [Render thread/INFO] [net.minecraft.server.level.progress.LoggerChunkProgressListener/]: Подготовка области возрождения: 44%
[28Mar2026 04:56:29.381] [Render thread/INFO] [net.minecraft.server.level.progress.LoggerChunkProgressListener/]: Подготовка области возрождения: 46%
[28Mar2026 04:56:29.891] [Render thread/INFO] [net.minecraft.server.level.progress.LoggerChunkProgressListener/]: Подготовка области возрождения: 48%
[28Mar2026 04:56:30.383] [Render thread/INFO] [net.minecraft.server.level.progress.LoggerChunkProgressListener/]: Подготовка области возрождения: 51%
[28Mar2026 04:56:30.892] [Render thread/INFO] [net.minecraft.server.level.progress.LoggerChunkProgressListener/]: Подготовка области возрождения: 53%
[28Mar2026 04:56:31.487] [Render thread/INFO] [net.minecraft.server.level.progress.LoggerChunkProgressListener/]: Подготовка области возрождения: 54%
[28Mar2026 04:56:31.885] [Render thread/INFO] [net.minecraft.server.level.progress.LoggerChunkProgressListener/]: Подготовка области возрождения: 55%
[28Mar2026 04:56:32.395] [Render thread/INFO] [net.minecraft.server.level.progress.LoggerChunkProgressListener/]: Подготовка области возрождения: 56%
[28Mar2026 04:56:32.904] [Render thread/INFO] [net.minecraft.server.level.progress.LoggerChunkProgressListener/]: Подготовка области возрождения: 58%
[28Mar2026 04:56:33.380] [Render thread/INFO] [net.minecraft.server.level.progress.LoggerChunkProgressListener/]: Подготовка области возрождения: 61%
[28Mar2026 04:56:33.901] [Render thread/INFO] [net.minecraft.server.level.progress.LoggerChunkProgressListener/]: Подготовка области возрождения: 63%
[28Mar2026 04:56:34.383] [Render thread/INFO] [net.minecraft.server.level.progress.LoggerChunkProgressListener/]: Подготовка области возрождения: 65%
[28Mar2026 04:56:34.889] [Render thread/INFO] [net.minecraft.server.level.progress.LoggerChunkProgressListener/]: Подготовка области возрождения: 68%
[28Mar2026 04:56:35.417] [Render thread/INFO] [net.minecraft.server.level.progress.LoggerChunkProgressListener/]: Подготовка области возрождения: 69%
[28Mar2026 04:56:35.889] [Render thread/INFO] [net.minecraft.server.level.progress.LoggerChunkProgressListener/]: Подготовка области возрождения: 69%
[28Mar2026 04:56:36.383] [Render thread/INFO] [net.minecraft.server.level.progress.LoggerChunkProgressListener/]: Подготовка области возрождения: 71%
[28Mar2026 04:56:36.885] [Render thread/INFO] [net.minecraft.server.level.progress.LoggerChunkProgressListener/]: Подготовка области возрождения: 73%
[28Mar2026 04:56:37.384] [Render thread/INFO] [net.minecraft.server.level.progress.LoggerChunkProgressListener/]: Подготовка области возрождения: 75%
[28Mar2026 04:56:37.875] [Render thread/INFO] [net.minecraft.server.level.progress.LoggerChunkProgressListener/]: Подготовка области возрождения: 77%
[28Mar2026 04:56:38.419] [Render thread/INFO] [net.minecraft.server.level.progress.LoggerChunkProgressListener/]: Подготовка области возрождения: 81%
[28Mar2026 04:56:38.883] [Render thread/INFO] [net.minecraft.server.level.progress.LoggerChunkProgressListener/]: Подготовка области возрождения: 83%
[28Mar2026 04:56:39.376] [Render thread/INFO] [net.minecraft.server.level.progress.LoggerChunkProgressListener/]: Подготовка области возрождения: 84%
[28Mar2026 04:56:39.909] [Render thread/INFO] [net.minecraft.server.level.progress.LoggerChunkProgressListener/]: Подготовка области возрождения: 85%
[28Mar2026 04:56:40.377] [Render thread/INFO] [net.minecraft.server.level.progress.LoggerChunkProgressListener/]: Подготовка области возрождения: 87%
[28Mar2026 04:56:40.879] [Render thread/INFO] [net.minecraft.server.level.progress.LoggerChunkProgressListener/]: Подготовка области возрождения: 89%
[28Mar2026 04:56:41.390] [Render thread/INFO] [net.minecraft.server.level.progress.LoggerChunkProgressListener/]: Подготовка области возрождения: 90%
[28Mar2026 04:56:41.887] [Render thread/INFO] [net.minecraft.server.level.progress.LoggerChunkProgressListener/]: Подготовка области возрождения: 92%
[28Mar2026 04:56:42.377] [Render thread/INFO] [net.minecraft.server.level.progress.LoggerChunkProgressListener/]: Подготовка области возрождения: 93%
[28Mar2026 04:56:42.876] [Render thread/INFO] [net.minecraft.server.level.progress.LoggerChunkProgressListener/]: Подготовка области возрождения: 96%
[28Mar2026 04:56:43.387] [Render thread/INFO] [net.minecraft.server.level.progress.LoggerChunkProgressListener/]: Подготовка области возрождения: 98%
[28Mar2026 04:56:43.642] [Server thread/INFO] [net.minecraftforge.server.permission.PermissionAPI/]: Successfully initialized permission handler forge:default_handler
[28Mar2026 04:56:43.642] [Render thread/INFO] [net.minecraft.server.level.progress.LoggerChunkProgressListener/]: Time elapsed: 42769 ms
[28Mar2026 04:56:43.660] [Server thread/INFO] [Vegan Delight/recipe modifiers/]: Scanning 13988 recipes for modification
[28Mar2026 04:56:43.761] [Server thread/INFO] [Vegan Delight/recipe modifiers/]: Modified 11 recipe ingredients
[28Mar2026 04:56:43.762] [Server thread/INFO] [corail_woodcutter/]: 217 woodcutting recipes loaded
[28Mar2026 04:56:43.767] [Server thread/INFO] [net.zjjohn121110.aethersdelight.AethersDelight/]: HELLO from server starting
[28Mar2026 04:56:43.776] [Server thread/INFO] [Diet/]: Generating diet values...
[28Mar2026 04:56:43.776] [Server thread/INFO] [Diet/]: Finding ungrouped food items...
[28Mar2026 04:56:43.801] [Server thread/INFO] [Diet/]: Found 957 ungrouped food items
[28Mar2026 04:56:43.801] [Server thread/INFO] [Diet/]: Building item-to-recipes map...
[28Mar2026 04:56:43.841] [Server thread/INFO] [Diet/]: Found 7352 valid items with recipes
[28Mar2026 04:56:43.841] [Server thread/INFO] [Diet/]: Processing items...
[28Mar2026 04:56:43.852] [Server thread/INFO] [Diet/]: Processed 1196 items
[28Mar2026 04:56:43.853] [Server thread/INFO] [Diet/]: Generating diet values took 76.18 ms
[28Mar2026 04:56:43.890] [Server thread/INFO] [patchouli/]: Sending reload packet to clients
[28Mar2026 04:56:43.967] [VoiceChatServerThread/INFO] [voicechat/]: [voicechat] Voice chat server started at port 62195
[28Mar2026 04:56:44.111] [Server thread/INFO] [Chunk Activity Tracker/]: Saving data for 0 chunks for dimension 'overworld' took 2 milliseconds
[28Mar2026 04:56:44.137] [Server thread/INFO] [net.minecraft.client.server.IntegratedServer/]: Changing view distance to 16, from 10
[28Mar2026 04:56:44.144] [Server thread/INFO] [net.minecraft.client.server.IntegratedServer/]: Changing simulation distance to 12, from 0
[28Mar2026 04:56:44.199] [Render thread/WARN] [io.netty.util.internal.SystemPropertyUtil/]: Unable to parse the boolean system property 'java.net.preferIPv6Addresses':system - using the default value: false
[28Mar2026 04:56:44.330] [Netty Local Client IO #0/INFO] [mixin/]: Mixing server.MixinServerboundChatCommandPacket from mixins/common/nochatreports.mixins.json into net.minecraft.network.protocol.game.ServerboundChatCommandPacket
[28Mar2026 04:56:44.332] [Netty Local Client IO #0/INFO] [mixin/]: Mixing server.MixinServerboundChatPacket from mixins/common/nochatreports.mixins.json into net.minecraft.network.protocol.game.ServerboundChatPacket
[28Mar2026 04:56:44.335] [Netty Local Client IO #0/INFO] [mixin/]: Mixing server.MixinServerboundChatSessionUpdatePacket from mixins/common/nochatreports.mixins.json into net.minecraft.network.protocol.game.ServerboundChatSessionUpdatePacket
[28Mar2026 04:56:45.484] [Netty Local Client IO #0/INFO] [net.minecraftforge.network.NetworkHooks/]: Connected to a modded server.
[28Mar2026 04:56:45.530] [Server thread/INFO] [net.minecraft.server.players.PlayerList/]: Laskut[local:E:e686dbe8] logged in with entity id 208 at (-1.5, 66.0, 10.5)
[28Mar2026 04:56:45.636] [Render thread/WARN] [flywheel/]: Flywheel backend fell back from 'flywheel:indirect' to 'flywheel:instancing'
[28Mar2026 04:56:45.640] [Server thread/INFO] [net.minecraft.server.MinecraftServer/]: Laskut присоединился к игре
[28Mar2026 04:56:45.690] [Render thread/ERROR] [Embeddium-MixinTaintDetector/]: Mod mixin into Embeddium internals detected. This instance is now tainted. The Embeddium team does not provide any guarantee of support for issues encountered while such mods are installed.
[28Mar2026 04:56:45.690] [Render thread/WARN] [Embeddium-MixinTaintDetector/]: Mod(s) [copycats] are modifying Embeddium class me.jellysquid.mods.sodium.client.render.chunk.compile.pipeline.BlockRenderer, which may cause instability.
[28Mar2026 04:56:45.705] [Render thread/INFO] [ChunkBuilder/]: Started 4 worker threads
[28Mar2026 04:56:45.747] [Render thread/INFO] [mezz.jei.forge.startup.StartEventObserver/]: JEI StartEventObserver received class net.minecraftforge.client.event.ClientPlayerNetworkEvent$LoggingIn
[28Mar2026 04:56:45.747] [Render thread/INFO] [mezz.jei.forge.startup.StartEventObserver/]: JEI StartEventObserver transitioning state from DISABLED to ENABLED
[28Mar2026 04:56:45.747] [Server thread/INFO] [se.mickelus.tetra.data.DataManager/]: Sending data to client: Laskut
[28Mar2026 04:56:45.748] [Render thread/INFO] [voicechat/]: [voicechat] Sending secret request to the server
[28Mar2026 04:56:45.767] [Render thread/INFO] [flywheel/]: Started 4 worker threads
[28Mar2026 04:56:45.776] [Render thread/INFO] [de.keksuccino.fancymenu.customization.layer.ScreenCustomizationLayerHandler/]: [FANCYMENU] ScreenCustomizationLayer registered: receiving_level_screen
[28Mar2026 04:56:45.785] [Render thread/INFO] [mixin/]: Mixing client.MixinServerData from mixins/common/nochatreports.mixins.json into net.minecraft.client.multiplayer.ServerData
[28Mar2026 04:56:45.811] [Render thread/WARN] [net.minecraft.client.ClientRecipeBook/]: Unknown recipe category: overgeared:casting/overgeared:steel_hoe_head_from_cast_furnace
[28Mar2026 04:56:45.813] [Render thread/WARN] [net.minecraft.client.ClientRecipeBook/]: Unknown recipe category: [!!!com.mojang.logging.LogUtils$1ToString@127bfe5c=>java.lang.NullPointerException:Cannot invoke "Object.toString()" because the return value of "java.util.function.Supplier.get()" is null!!!]/butchery:snowyfoxheadmountrecipe
[28Mar2026 04:56:45.815] [Render thread/WARN] [net.minecraft.client.ClientRecipeBook/]: Unknown recipe category: overgeared:casting/overgeared:golden_axe_head_from_cast_furnace
[28Mar2026 04:56:45.815] [Render thread/WARN] [net.minecraft.client.ClientRecipeBook/]: Unknown recipe category: [!!!com.mojang.logging.LogUtils$1ToString@6c76a02=>java.lang.NullPointerException:Cannot invoke "Object.toString()" because the return value of "java.util.function.Supplier.get()" is null!!!]/butchery:zombiemountrecipe
[28Mar2026 04:56:45.816] [Render thread/WARN] [net.minecraft.client.ClientRecipeBook/]: Unknown recipe category: [!!!com.mojang.logging.LogUtils$1ToString@7e995c1=>java.lang.NullPointerException:Cannot invoke "Object.toString()" because the return value of "java.util.function.Supplier.get()" is null!!!]/butchery:brownhorseheadmountrecipe
[28Mar2026 04:56:45.816] [Render thread/WARN] [net.minecraft.client.ClientRecipeBook/]: Unknown recipe category: deep_aether:poison_recipe/deep_aether:purple_squash_from_blue_squash
[28Mar2026 04:56:45.816] [Render thread/WARN] [net.minecraft.client.ClientRecipeBook/]: Unknown recipe category: overgeared:casting/overgeared:iron_sword_blade_from_cast_furnace
[28Mar2026 04:56:45.816] [Render thread/WARN] [net.minecraft.client.ClientRecipeBook/]: Unknown recipe category: [!!!com.mojang.logging.LogUtils$1ToString@fb28c31=>java.lang.NullPointerException:Cannot invoke "Object.toString()" because the return value of "java.util.function.Supplier.get()" is null!!!]/butchery:ocelotheadmountrecipe
[28Mar2026 04:56:45.816] [Render thread/WARN] [net.minecraft.client.ClientRecipeBook/]: Unknown recipe category: [!!!com.mojang.logging.LogUtils$1ToString@49d67dfa=>java.lang.NullPointerException:Cannot invoke "Object.toString()" because the return value of "java.util.function.Supplier.get()" is null!!!]/butchery:cyanaxolotlheadmountrecipe
[28Mar2026 04:56:45.816] [Render thread/WARN] [net.minecraft.client.ClientRecipeBook/]: Unknown recipe category: [!!!com.mojang.logging.LogUtils$1ToString@37202390=>java.lang.NullPointerException:Cannot invoke "Object.toString()" because the return value of "java.util.function.Supplier.get()" is null!!!]/butchery:bloodsausagerecipe
[28Mar2026 04:56:45.817] [Render thread/WARN] [net.minecraft.client.ClientRecipeBook/]: Unknown recipe category: [!!!com.mojang.logging.LogUtils$1ToString@41cfb9d1=>java.lang.NullPointerException:Cannot invoke "Object.toString()" because the return value of "java.util.function.Supplier.get()" is null!!!]/butchery:pestleslimeballrecipe
[28Mar2026 04:56:45.817] [Render thread/WARN] [net.minecraft.client.ClientRecipeBook/]: Unknown recipe category: overgeared:casting/overgeared:golden_hoe_head_from_cast_furnace
[28Mar2026 04:56:45.817] [Render thread/WARN] [net.minecraft.client.ClientRecipeBook/]: Unknown recipe category: [!!!com.mojang.logging.LogUtils$1ToString@23c99d94=>java.lang.NullPointerException:Cannot invoke "Object.toString()" because the return value of "java.util.function.Supplier.get()" is null!!!]/butchery:pestlewitherbonerecipe
[28Mar2026 04:56:45.817] [Render thread/WARN] [net.minecraft.client.ClientRecipeBook/]: Unknown recipe category: overgeared:casting/overgeared:copper_sword_blade_from_cast_furnace
[28Mar2026 04:56:45.817] [Render thread/WARN] [net.minecraft.client.ClientRecipeBook/]: Unknown recipe category: [!!!com.mojang.logging.LogUtils$1ToString@36e7a368=>java.lang.NullPointerException:Cannot invoke "Object.toString()" because the return value of "java.util.function.Supplier.get()" is null!!!]/butchery:pestlechickenfootrecipe
[28Mar2026 04:56:45.817] [Render thread/WARN] [net.minecraft.client.ClientRecipeBook/]: Unknown recipe category: deep_aether:poison_recipe/deep_aether:quicksoil_from_poison
[28Mar2026 04:56:45.817] [Render thread/WARN] [net.minecraft.client.ClientRecipeBook/]: Unknown recipe category: [!!!com.mojang.logging.LogUtils$1ToString@48dbb48a=>java.lang.NullPointerException:Cannot invoke "Object.toString()" because the return value of "java.util.function.Supplier.get()" is null!!!]/butchery:piglinheadmountrecipe
[28Mar2026 04:56:45.818] [Render thread/WARN] [net.minecraft.client.ClientRecipeBook/]: Unknown recipe category: [!!!com.mojang.logging.LogUtils$1ToString@249de3d1=>java.lang.NullPointerException:Cannot invoke "Object.toString()" because the return value of "java.util.function.Supplier.get()" is null!!!]/butchery:whitecattheadmountrecipe
[28Mar2026 04:56:45.818] [Render thread/WARN] [net.minecraft.client.ClientRecipeBook/]: Unknown recipe category: overgeared:casting/overgeared:steel_sword_blade_from_cast_furnace
[28Mar2026 04:56:45.818] [Render thread/WARN] [net.minecraft.client.ClientRecipeBook/]: Unknown recipe category: overgeared:casting/overgeared:golden_shovel_head_from_cast_furnace
[28Mar2026 04:56:45.819] [Render thread/WARN] [net.minecraft.client.ClientRecipeBook/]: Unknown recipe category: [!!!com.mojang.logging.LogUtils$1ToString@32a4ff20=>java.lang.NullPointerException:Cannot invoke "Object.toString()" because the return value of "java.util.function.Supplier.get()" is null!!!]/butchery:strayheadmountrecipe
[28Mar2026 04:56:45.819] [Render thread/WARN] [net.minecraft.client.ClientRecipeBook/]: Unknown recipe category: [!!!com.mojang.logging.LogUtils$1ToString@5cb05d18=>java.lang.NullPointerException:Cannot invoke "Object.toString()" because the return value of "java.util.function.Supplier.get()" is null!!!]/butchery:scrapsrecipe
[28Mar2026 04:56:45.819] [Render thread/WARN] [net.minecraft.client.ClientRecipeBook/]: Unknown recipe category: [!!!com.mojang.logging.LogUtils$1ToString@4e50fae5=>java.lang.NullPointerException:Cannot invoke "Object.toString()" because the return value of "java.util.function.Supplier.get()" is null!!!]/butchery:shorthairtheadmountrecipe
[28Mar2026 04:56:45.820] [Render thread/WARN] [net.minecraft.client.ClientRecipeBook/]: Unknown recipe category: [!!!com.mojang.logging.LogUtils$1ToString@771fb55e=>java.lang.NullPointerException:Cannot invoke "Object.toString()" because the return value of "java.util.function.Supplier.get()" is null!!!]/butchery:skeletonhorseheadmountrecipe
[28Mar2026 04:56:45.821] [Render thread/WARN] [net.minecraft.client.ClientRecipeBook/]: Unknown recipe category: [!!!com.mojang.logging.LogUtils$1ToString@49eafe6e=>java.lang.NullPointerException:Cannot invoke "Object.toString()" because the return value of "java.util.function.Supplier.get()" is null!!!]/butchery:jelliecatheadmountrecipe
[28Mar2026 04:56:45.821] [Render thread/WARN] [net.minecraft.client.ClientRecipeBook/]: Unknown recipe category: [!!!com.mojang.logging.LogUtils$1ToString@5f907517=>java.lang.NullPointerException:Cannot invoke "Object.toString()" because the return value of "java.util.function.Supplier.get()" is null!!!]/butchery:beefmincerecipe
[28Mar2026 04:56:45.822] [Render thread/WARN] [net.minecraft.client.ClientRecipeBook/]: Unknown recipe category: [!!!com.mojang.logging.LogUtils$1ToString@19380d5e=>java.lang.NullPointerException:Cannot invoke "Object.toString()" because the return value of "java.util.function.Supplier.get()" is null!!!]/butchery:blueaxolotlheadmountrecipe
[28Mar2026 04:56:45.822] [Render thread/WARN] [net.minecraft.client.ClientRecipeBook/]: Unknown recipe category: overgeared:casting/overgeared:golden_pickaxe_head_from_cast_furnace
[28Mar2026 04:56:45.822] [Render thread/WARN] [net.minecraft.client.ClientRecipeBook/]: Unknown recipe category: [!!!com.mojang.logging.LogUtils$1ToString@66f07f6f=>java.lang.NullPointerException:Cannot invoke "Object.toString()" because the return value of "java.util.function.Supplier.get()" is null!!!]/butchery:creamyhorseheadmountrecipe
[28Mar2026 04:56:45.822] [Render thread/WARN] [net.minecraft.client.ClientRecipeBook/]: Unknown recipe category: brewery:drying/brewery:dried_corn
[28Mar2026 04:56:45.823] [Render thread/WARN] [net.minecraft.client.ClientRecipeBook/]: Unknown recipe category: [!!!com.mojang.logging.LogUtils$1ToString@6262fcdf=>java.lang.NullPointerException:Cannot invoke "Object.toString()" because the return value of "java.util.function.Supplier.get()" is null!!!]/butchery:camelheadmountrecipe
[28Mar2026 04:56:45.823] [Render thread/WARN] [net.minecraft.client.ClientRecipeBook/]: Unknown recipe category: [!!!com.mojang.logging.LogUtils$1ToString@3b96f691=>java.lang.NullPointerException:Cannot invoke "Object.toString()" because the return value of "java.util.function.Supplier.get()" is null!!!]/butchery:repairedirongolemheadmountrecipe
[28Mar2026 04:56:45.823] [Render thread/WARN] [net.minecraft.client.ClientRecipeBook/]: Unknown recipe category: deep_aether:poison_recipe/deep_aether:gravitite_ore_from_poison
[28Mar2026 04:56:45.823] [Render thread/WARN] [net.minecraft.client.ClientRecipeBook/]: Unknown recipe category: overgeared:casting/overgeared:steel_shovel_head_from_cast_furnace
[28Mar2026 04:56:45.823] [Render thread/WARN] [net.minecraft.client.ClientRecipeBook/]: Unknown recipe category: overgeared:casting/overgeared:iron_shovel_head_from_cast_furnace
[28Mar2026 04:56:45.823] [Render thread/WARN] [net.minecraft.client.ClientRecipeBook/]: Unknown recipe category: [!!!com.mojang.logging.LogUtils$1ToString@59f71a47=>java.lang.NullPointerException:Cannot invoke "Object.toString()" because the return value of "java.util.function.Supplier.get()" is null!!!]/butchery:siamesetheadmountrecipe
[28Mar2026 04:56:45.823] [Render thread/WARN] [net.minecraft.client.ClientRecipeBook/]: Unknown recipe category: [!!!com.mojang.logging.LogUtils$1ToString@26476fc2=>java.lang.NullPointerException:Cannot invoke "Object.toString()" because the return value of "java.util.function.Supplier.get()" is null!!!]/butchery:persiantheadmountrecipe
[28Mar2026 04:56:45.823] [Render thread/WARN] [net.minecraft.client.ClientRecipeBook/]: Unknown recipe category: [!!!com.mojang.logging.LogUtils$1ToString@553eaf5=>java.lang.NullPointerException:Cannot invoke "Object.toString()" because the return value of "java.util.function.Supplier.get()" is null!!!]/butchery:pestlebrokenwishbonerecipe
[28Mar2026 04:56:45.824] [Render thread/WARN] [net.minecraft.client.ClientRecipeBook/]: Unknown recipe category: [!!!com.mojang.logging.LogUtils$1ToString@32fb9a9b=>java.lang.NullPointerException:Cannot invoke "Object.toString()" because the return value of "java.util.function.Supplier.get()" is null!!!]/butchery:villagerheadmountrecipe
[28Mar2026 04:56:45.824] [Render thread/WARN] [net.minecraft.client.ClientRecipeBook/]: Unknown recipe category: [!!!com.mojang.logging.LogUtils$1ToString@2865da73=>java.lang.NullPointerException:Cannot invoke "Object.toString()" because the return value of "java.util.function.Supplier.get()" is null!!!]/butchery:trimmedwardenheadmountrecipe
[28Mar2026 04:56:45.824] [Render thread/WARN] [net.minecraft.client.ClientRecipeBook/]: Unknown recipe category: [!!!com.mojang.logging.LogUtils$1ToString@3a59b18b=>java.lang.NullPointerException:Cannot invoke "Object.toString()" because the return value of "java.util.function.Supplier.get()" is null!!!]/butchery:donkeyheadmountrecipe
[28Mar2026 04:56:45.824] [Render thread/WARN] [net.minecraft.client.ClientRecipeBook/]: Unknown recipe category: [!!!com.mojang.logging.LogUtils$1ToString@6b99962c=>java.lang.NullPointerException:Cannot invoke "Object.toString()" because the return value of "java.util.function.Supplier.get()" is null!!!]/butchery:brownaxolotlheadmountrecipe
[28Mar2026 04:56:45.824] [Render thread/WARN] [net.minecraft.client.ClientRecipeBook/]: Unknown recipe category: [!!!com.mojang.logging.LogUtils$1ToString@558e686=>java.lang.NullPointerException:Cannot invoke "Object.toString()" because the return value of "java.util.function.Supplier.get()" is null!!!]/butchery:silverfishheadmountrecipe
[28Mar2026 04:56:45.824] [Render thread/WARN] [net.minecraft.client.ClientRecipeBook/]: Unknown recipe category: [!!!com.mojang.logging.LogUtils$1ToString@368121c=>java.lang.NullPointerException:Cannot invoke "Object.toString()" because the return value of "java.util.function.Supplier.get()" is null!!!]/butchery:zoglinmountrecipe
[28Mar2026 04:56:45.824] [Render thread/WARN] [net.minecraft.client.ClientRecipeBook/]: Unknown recipe category: [!!!com.mojang.logging.LogUtils$1ToString@52d046ab=>java.lang.NullPointerException:Cannot invoke "Object.toString()" because the return value of "java.util.function.Supplier.get()" is null!!!]/butchery:cavespiderheadmountrecipe
[28Mar2026 04:56:45.825] [Render thread/WARN] [net.minecraft.client.ClientRecipeBook/]: Unknown recipe category: [!!!com.mojang.logging.LogUtils$1ToString@7fc633ba=>java.lang.NullPointerException:Cannot invoke "Object.toString()" because the return value of "java.util.function.Supplier.get()" is null!!!]/butchery:turtleheadmountrecipe
[28Mar2026 04:56:45.825] [Render thread/WARN] [net.minecraft.client.ClientRecipeBook/]: Unknown recipe category: brewery:drying/brewery:dried_barley
[28Mar2026 04:56:45.825] [Render thread/WARN] [net.minecraft.client.ClientRecipeBook/]: Unknown recipe category: [!!!com.mojang.logging.LogUtils$1ToString@40cb3576=>java.lang.NullPointerException:Cannot invoke "Object.toString()" because the return value of "java.util.function.Supplier.get()" is null!!!]/butchery:calicocatheadmountrecipe
[28Mar2026 04:56:45.825] [Render thread/WARN] [net.minecraft.client.ClientRecipeBook/]: Unknown recipe category: overgeared:casting/overgeared:copper_shovel_head_from_cast_furnace
[28Mar2026 04:56:45.826] [Render thread/WARN] [net.minecraft.client.ClientRecipeBook/]: Unknown recipe category: [!!!com.mojang.logging.LogUtils$1ToString@33c0a866=>java.lang.NullPointerException:Cannot invoke "Object.toString()" because the return value of "java.util.function.Supplier.get()" is null!!!]/butchery:pestlewishbonerecipe
[28Mar2026 04:56:45.826] [Render thread/WARN] [net.minecraft.client.ClientRecipeBook/]: Unknown recipe category: [!!!com.mojang.logging.LogUtils$1ToString@e9b402b=>java.lang.NullPointerException:Cannot invoke "Object.toString()" because the return value of "java.util.function.Supplier.get()" is null!!!]/butchery:pestlesculkbonerecipe
[28Mar2026 04:56:45.826] [Render thread/WARN] [net.minecraft.client.ClientRecipeBook/]: Unknown recipe category: [!!!com.mojang.logging.LogUtils$1ToString@3911d8b1=>java.lang.NullPointerException:Cannot invoke "Object.toString()" because the return value of "java.util.function.Supplier.get()" is null!!!]/butchery:zombifiedpiglinmountrecipe
[28Mar2026 04:56:45.826] [Render thread/WARN] [net.minecraft.client.ClientRecipeBook/]: Unknown recipe category: overgeared:casting/overgeared:iron_hoe_head_from_cast_furnace
[28Mar2026 04:56:45.826] [Render thread/WARN] [net.minecraft.client.ClientRecipeBook/]: Unknown recipe category: [!!!com.mojang.logging.LogUtils$1ToString@32860c8c=>java.lang.NullPointerException:Cannot invoke "Object.toString()" because the return value of "java.util.function.Supplier.get()" is null!!!]/butchery:lambmincerecipe
[28Mar2026 04:56:45.826] [Render thread/WARN] [net.minecraft.client.ClientRecipeBook/]: Unknown recipe category: [!!!com.mojang.logging.LogUtils$1ToString@387fee4f=>java.lang.NullPointerException:Cannot invoke "Object.toString()" because the return value of "java.util.function.Supplier.get()" is null!!!]/butchery:wardenheadmountrecipe
[28Mar2026 04:56:45.827] [Render thread/WARN] [net.minecraft.client.ClientRecipeBook/]: Unknown recipe category: [!!!com.mojang.logging.LogUtils$1ToString@7aede5ec=>java.lang.NullPointerException:Cannot invoke "Object.toString()" because the return value of "java.util.function.Supplier.get()" is null!!!]/butchery:redmooshroomheadmountrecipe
[28Mar2026 04:56:45.827] [Render thread/WARN] [net.minecraft.client.ClientRecipeBook/]: Unknown recipe category: [!!!com.mojang.logging.LogUtils$1ToString@3e368c5e=>java.lang.NullPointerException:Cannot invoke "Object.toString()" because the return value of "java.util.function.Supplier.get()" is null!!!]/butchery:whitellamaheadmountrecipe
[28Mar2026 04:56:45.827] [Render thread/WARN] [net.minecraft.client.ClientRecipeBook/]: Unknown recipe category: [!!!com.mojang.logging.LogUtils$1ToString@2fb97b20=>java.lang.NullPointerException:Cannot invoke "Object.toString()" because the return value of "java.util.function.Supplier.get()" is null!!!]/butchery:blackhorseheadmountrecipe
[28Mar2026 04:56:45.827] [Render thread/WARN] [net.minecraft.client.ClientRecipeBook/]: Unknown recipe category: [!!!com.mojang.logging.LogUtils$1ToString@6873e50e=>java.lang.NullPointerException:Cannot invoke "Object.toString()" because the return value of "java.util.function.Supplier.get()" is null!!!]/butchery:drownedheadmountrecipe
[28Mar2026 04:56:45.827] [Render thread/WARN] [net.minecraft.client.ClientRecipeBook/]: Unknown recipe category: overgeared:casting/overgeared:steel_pickaxe_head_from_cast_furnace
[28Mar2026 04:56:45.827] [Render thread/WARN] [net.minecraft.client.ClientRecipeBook/]: Unknown recipe category: [!!!com.mojang.logging.LogUtils$1ToString@645241af=>java.lang.NullPointerException:Cannot invoke "Object.toString()" because the return value of "java.util.function.Supplier.get()" is null!!!]/butchery:evokerheadmountrecipe
[28Mar2026 04:56:45.828] [Render thread/WARN] [net.minecraft.client.ClientRecipeBook/]: Unknown recipe category: [!!!com.mojang.logging.LogUtils$1ToString@66d2a95f=>java.lang.NullPointerException:Cannot invoke "Object.toString()" because the return value of "java.util.function.Supplier.get()" is null!!!]/butchery:tabbytheadmountrecipe
[28Mar2026 04:56:45.828] [Render thread/WARN] [net.minecraft.client.ClientRecipeBook/]: Unknown recipe category: [!!!com.mojang.logging.LogUtils$1ToString@2de77bb9=>java.lang.NullPointerException:Cannot invoke "Object.toString()" because the return value of "java.util.function.Supplier.get()" is null!!!]/butchery:ragdolltheadmountrecipe
[28Mar2026 04:56:45.828] [Render thread/WARN] [net.minecraft.client.ClientRecipeBook/]: Unknown recipe category: [!!!com.mojang.logging.LogUtils$1ToString@2a7125c7=>java.lang.NullPointerException:Cannot invoke "Object.toString()" because the return value of "java.util.function.Supplier.get()" is null!!!]/butchery:pestleiceybonerecipe
[28Mar2026 04:56:45.828] [Render thread/WARN] [net.minecraft.client.ClientRecipeBook/]: Unknown recipe category: [!!!com.mojang.logging.LogUtils$1ToString@3cdda983=>java.lang.NullPointerException:Cannot invoke "Object.toString()" because the return value of "java.util.function.Supplier.get()" is null!!!]/butchery:phantomheadmountrecipe
[28Mar2026 04:56:45.828] [Render thread/WARN] [net.minecraft.client.ClientRecipeBook/]: Unknown recipe category: [!!!com.mojang.logging.LogUtils$1ToString@5fec4db8=>java.lang.NullPointerException:Cannot invoke "Object.toString()" because the return value of "java.util.function.Supplier.get()" is null!!!]/butchery:cowheadmountrecipe
[28Mar2026 04:56:45.829] [Render thread/WARN] [net.minecraft.client.ClientRecipeBook/]: Unknown recipe category: [!!!com.mojang.logging.LogUtils$1ToString@327150bf=>java.lang.NullPointerException:Cannot invoke "Object.toString()" because the return value of "java.util.function.Supplier.get()" is null!!!]/butchery:huskheadmountrecipe
[28Mar2026 04:56:45.829] [Render thread/WARN] [net.minecraft.client.ClientRecipeBook/]: Unknown recipe category: [!!!com.mojang.logging.LogUtils$1ToString@17fa4087=>java.lang.NullPointerException:Cannot invoke "Object.toString()" because the return value of "java.util.function.Supplier.get()" is null!!!]/butchery:irongolemheadmountrecipe
[28Mar2026 04:56:45.829] [Render thread/WARN] [net.minecraft.client.ClientRecipeBook/]: Unknown recipe category: [!!!com.mojang.logging.LogUtils$1ToString@7a843f86=>java.lang.NullPointerException:Cannot invoke "Object.toString()" because the return value of "java.util.function.Supplier.get()" is null!!!]/butchery:hoglinheadmountrecipe
[28Mar2026 04:56:45.829] [Render thread/WARN] [net.minecraft.client.ClientRecipeBook/]: Unknown recipe category: [!!!com.mojang.logging.LogUtils$1ToString@21291aa1=>java.lang.NullPointerException:Cannot invoke "Object.toString()" because the return value of "java.util.function.Supplier.get()" is null!!!]/butchery:muleheadmountrecipe
[28Mar2026 04:56:45.829] [Render thread/WARN] [net.minecraft.client.ClientRecipeBook/]: Unknown recipe category: [!!!com.mojang.logging.LogUtils$1ToString@aafbd0b=>java.lang.NullPointerException:Cannot invoke "Object.toString()" because the return value of "java.util.function.Supplier.get()" is null!!!]/butchery:pigheadmountrecipe
[28Mar2026 04:56:45.830] [Render thread/WARN] [net.minecraft.client.ClientRecipeBook/]: Unknown recipe category: [!!!com.mojang.logging.LogUtils$1ToString@5c8aa50d=>java.lang.NullPointerException:Cannot invoke "Object.toString()" because the return value of "java.util.function.Supplier.get()" is null!!!]/butchery:zombievillagermountrecipe
[28Mar2026 04:56:45.830] [Render thread/WARN] [net.minecraft.client.ClientRecipeBook/]: Unknown recipe category: [!!!com.mojang.logging.LogUtils$1ToString@7f14ef2d=>java.lang.NullPointerException:Cannot invoke "Object.toString()" because the return value of "java.util.function.Supplier.get()" is null!!!]/butchery:grayllamaheadmountrecipe
[28Mar2026 04:56:45.830] [Render thread/WARN] [net.minecraft.client.ClientRecipeBook/]: Unknown recipe category: [!!!com.mojang.logging.LogUtils$1ToString@74ccb60e=>java.lang.NullPointerException:Cannot invoke "Object.toString()" because the return value of "java.util.function.Supplier.get()" is null!!!]/butchery:chestnuthorseheadmountrecipe
[28Mar2026 04:56:45.831] [Render thread/WARN] [net.minecraft.client.ClientRecipeBook/]: Unknown recipe category: [!!!com.mojang.logging.LogUtils$1ToString@5a320806=>java.lang.NullPointerException:Cannot invoke "Object.toString()" because the return value of "java.util.function.Supplier.get()" is null!!!]/butchery:rabbitheadmountrecipe
[28Mar2026 04:56:45.831] [Render thread/WARN] [net.minecraft.client.ClientRecipeBook/]: Unknown recipe category: deep_aether:poison_recipe/deep_aether:purple_squash_from_green_squash
[28Mar2026 04:56:45.832] [Render thread/WARN] [net.minecraft.client.ClientRecipeBook/]: Unknown recipe category: [!!!com.mojang.logging.LogUtils$1ToString@56869163=>java.lang.NullPointerException:Cannot invoke "Object.toString()" because the return value of "java.util.function.Supplier.get()" is null!!!]/butchery:grayhorseheadmountrecipe
[28Mar2026 04:56:45.832] [Render thread/WARN] [net.minecraft.client.ClientRecipeBook/]: Unknown recipe category: [!!!com.mojang.logging.LogUtils$1ToString@593aabb9=>java.lang.NullPointerException:Cannot invoke "Object.toString()" because the return value of "java.util.function.Supplier.get()" is null!!!]/butchery:sheepheadmountrecipe
[28Mar2026 04:56:45.832] [Render thread/WARN] [net.minecraft.client.ClientRecipeBook/]: Unknown recipe category: [!!!com.mojang.logging.LogUtils$1ToString@305621fe=>java.lang.NullPointerException:Cannot invoke "Object.toString()" because the return value of "java.util.function.Supplier.get()" is null!!!]/butchery:darkbrownhorseheadmountrecipe
[28Mar2026 04:56:45.832] [Render thread/WARN] [net.minecraft.client.ClientRecipeBook/]: Unknown recipe category: deep_aether:poison_recipe/deep_aether:golden_dart_from_poison
[28Mar2026 04:56:45.833] [Render thread/WARN] [net.minecraft.client.ClientRecipeBook/]: Unknown recipe category: deep_aether:poison_recipe/deep_aether:skyroot_poison_bucket_from_poison
[28Mar2026 04:56:45.833] [Render thread/WARN] [net.minecraft.client.ClientRecipeBook/]: Unknown recipe category: overgeared:casting/overgeared:copper_hammer_head_from_cast_furnace
[28Mar2026 04:56:45.833] [Render thread/WARN] [net.minecraft.client.ClientRecipeBook/]: Unknown recipe category: [!!!com.mojang.logging.LogUtils$1ToString@68ca8c46=>java.lang.NullPointerException:Cannot invoke "Object.toString()" because the return value of "java.util.function.Supplier.get()" is null!!!]/butchery:brownllamaheadmountrecipe
[28Mar2026 04:56:45.834] [Render thread/WARN] [net.minecraft.client.ClientRecipeBook/]: Unknown recipe category: [!!!com.mojang.logging.LogUtils$1ToString@19dfe85c=>java.lang.NullPointerException:Cannot invoke "Object.toString()" because the return value of "java.util.function.Supplier.get()" is null!!!]/butchery:whitehorseheadmountrecipe
[28Mar2026 04:56:45.834] [Render thread/WARN] [net.minecraft.client.ClientRecipeBook/]: Unknown recipe category: deep_aether:poison_recipe/deep_aether:holystone_from_poison
[28Mar2026 04:56:45.835] [Render thread/WARN] [net.minecraft.client.ClientRecipeBook/]: Unknown recipe category: [!!!com.mojang.logging.LogUtils$1ToString@2683bb=>java.lang.NullPointerException:Cannot invoke "Object.toString()" because the return value of "java.util.function.Supplier.get()" is null!!!]/butchery:pinkaxolotlheadmountrecipe
[28Mar2026 04:56:45.835] [Render thread/WARN] [net.minecraft.client.ClientRecipeBook/]: Unknown recipe category: overgeared:casting/overgeared:copper_pickaxe_head_from_cast_furnace
[28Mar2026 04:56:45.835] [Render thread/WARN] [net.minecraft.client.ClientRecipeBook/]: Unknown recipe category: [!!!com.mojang.logging.LogUtils$1ToString@2dc14ad6=>java.lang.NullPointerException:Cannot invoke "Object.toString()" because the return value of "java.util.function.Supplier.get()" is null!!!]/butchery:foxheadmountrecipe
[28Mar2026 04:56:45.835] [Render thread/WARN] [net.minecraft.client.ClientRecipeBook/]: Unknown recipe category: overgeared:casting/overgeared:copper_hoe_head_from_cast_furnace
[28Mar2026 04:56:45.835] [Render thread/WARN] [net.minecraft.client.ClientRecipeBook/]: Unknown recipe category: overgeared:casting/overgeared:steel_hammer_head_from_cast_furnace
[28Mar2026 04:56:45.835] [Render thread/WARN] [net.minecraft.client.ClientRecipeBook/]: Unknown recipe category: overgeared:casting/overgeared:iron_pickaxe_head_from_cast_furnace
[28Mar2026 04:56:45.836] [Render thread/WARN] [net.minecraft.client.ClientRecipeBook/]: Unknown recipe category: [!!!com.mojang.logging.LogUtils$1ToString@90acb66=>java.lang.NullPointerException:Cannot invoke "Object.toString()" because the return value of "java.util.function.Supplier.get()" is null!!!]/butchery:blackcatheadmountrecipe
[28Mar2026 04:56:45.836] [Render thread/WARN] [net.minecraft.client.ClientRecipeBook/]: Unknown recipe category: [!!!com.mojang.logging.LogUtils$1ToString@7574b4df=>java.lang.NullPointerException:Cannot invoke "Object.toString()" because the return value of "java.util.function.Supplier.get()" is null!!!]/butchery:skeletonheadmountrecipe
[28Mar2026 04:56:45.836] [Render thread/WARN] [net.minecraft.client.ClientRecipeBook/]: Unknown recipe category: [!!!com.mojang.logging.LogUtils$1ToString@4adfd947=>java.lang.NullPointerException:Cannot invoke "Object.toString()" because the return value of "java.util.function.Supplier.get()" is null!!!]/butchery:creeperheadmountrecipe
[28Mar2026 04:56:45.837] [Render thread/WARN] [net.minecraft.client.ClientRecipeBook/]: Unknown recipe category: overgeared:casting/overgeared:iron_axe_head_from_cast_furnace
[28Mar2026 04:56:45.837] [Render thread/WARN] [net.minecraft.client.ClientRecipeBook/]: Unknown recipe category: [!!!com.mojang.logging.LogUtils$1ToString@2fcdbe1c=>java.lang.NullPointerException:Cannot invoke "Object.toString()" because the return value of "java.util.function.Supplier.get()" is null!!!]/butchery:pandaheadmountrecipe
[28Mar2026 04:56:45.837] [Render thread/WARN] [net.minecraft.client.ClientRecipeBook/]: Unknown recipe category: [!!!com.mojang.logging.LogUtils$1ToString@cd3d76f=>java.lang.NullPointerException:Cannot invoke "Object.toString()" because the return value of "java.util.function.Supplier.get()" is null!!!]/butchery:dolphinheadmountrecipe
[28Mar2026 04:56:45.837] [Render thread/WARN] [net.minecraft.client.ClientRecipeBook/]: Unknown recipe category: [!!!com.mojang.logging.LogUtils$1ToString@74896beb=>java.lang.NullPointerException:Cannot invoke "Object.toString()" because the return value of "java.util.function.Supplier.get()" is null!!!]/butchery:allblackcatheadmountrecipe
[28Mar2026 04:56:45.837] [Render thread/WARN] [net.minecraft.client.ClientRecipeBook/]: Unknown recipe category: [!!!com.mojang.logging.LogUtils$1ToString@342c0ea=>java.lang.NullPointerException:Cannot invoke "Object.toString()" because the return value of "java.util.function.Supplier.get()" is null!!!]/butchery:polarbearheadmountrecipe
[28Mar2026 04:56:45.838] [Render thread/WARN] [net.minecraft.client.ClientRecipeBook/]: Unknown recipe category: overgeared:casting/overgeared:golden_sword_blade_from_cast_furnace
[28Mar2026 04:56:45.838] [Render thread/WARN] [net.minecraft.client.ClientRecipeBook/]: Unknown recipe category: [!!!com.mojang.logging.LogUtils$1ToString@603b0c8e=>java.lang.NullPointerException:Cannot invoke "Object.toString()" because the return value of "java.util.function.Supplier.get()" is null!!!]/butchery:creamyllamaheadmountrecipe
[28Mar2026 04:56:45.838] [Render thread/WARN] [net.minecraft.client.ClientRecipeBook/]: Unknown recipe category: [!!!com.mojang.logging.LogUtils$1ToString@77a3b9e8=>java.lang.NullPointerException:Cannot invoke "Object.toString()" because the return value of "java.util.function.Supplier.get()" is null!!!]/butchery:enderdragonheadmountrecipe
[28Mar2026 04:56:45.838] [Render thread/WARN] [net.minecraft.client.ClientRecipeBook/]: Unknown recipe category: [!!!com.mojang.logging.LogUtils$1ToString@2448dd47=>java.lang.NullPointerException:Cannot invoke "Object.toString()" because the return value of "java.util.function.Supplier.get()" is null!!!]/butchery:spiderheadmountrecipe
[28Mar2026 04:56:45.838] [Render thread/WARN] [net.minecraft.client.ClientRecipeBook/]: Unknown recipe category: [!!!com.mojang.logging.LogUtils$1ToString@3e6dd6fe=>java.lang.NullPointerException:Cannot invoke "Object.toString()" because the return value of "java.util.function.Supplier.get()" is null!!!]/butchery:pillagerheadmountrecipe
[28Mar2026 04:56:45.838] [Render thread/WARN] [net.minecraft.client.ClientRecipeBook/]: Unknown recipe category: [!!!com.mojang.logging.LogUtils$1ToString@6b4a33a6=>java.lang.NullPointerException:Cannot invoke "Object.toString()" because the return value of "java.util.function.Supplier.get()" is null!!!]/butchery:witherskeletonmountrecipe
[28Mar2026 04:56:45.838] [Render thread/WARN] [net.minecraft.client.ClientRecipeBook/]: Unknown recipe category: [!!!com.mojang.logging.LogUtils$1ToString@38f78e8e=>java.lang.NullPointerException:Cannot invoke "Object.toString()" because the return value of "java.util.function.Supplier.get()" is null!!!]/butchery:redtheadmountrecipe
[28Mar2026 04:56:45.838] [Render thread/WARN] [net.minecraft.client.ClientRecipeBook/]: Unknown recipe category: [!!!com.mojang.logging.LogUtils$1ToString@41f153f9=>java.lang.NullPointerException:Cannot invoke "Object.toString()" because the return value of "java.util.function.Supplier.get()" is null!!!]/butchery:witchheadmountrecipe
[28Mar2026 04:56:45.838] [Render thread/WARN] [net.minecraft.client.ClientRecipeBook/]: Unknown recipe category: overgeared:casting/overgeared:steel_axe_head_from_cast_furnace
[28Mar2026 04:56:45.839] [Render thread/WARN] [net.minecraft.client.ClientRecipeBook/]: Unknown recipe category: [!!!com.mojang.logging.LogUtils$1ToString@1e207d06=>java.lang.NullPointerException:Cannot invoke "Object.toString()" because the return value of "java.util.function.Supplier.get()" is null!!!]/butchery:endermiteheadmountrecipe
[28Mar2026 04:56:45.839] [Render thread/WARN] [net.minecraft.client.ClientRecipeBook/]: Unknown recipe category: [!!!com.mojang.logging.LogUtils$1ToString@864075f=>java.lang.NullPointerException:Cannot invoke "Object.toString()" because the return value of "java.util.function.Supplier.get()" is null!!!]/butchery:sausagerecipe
[28Mar2026 04:56:45.839] [Render thread/WARN] [net.minecraft.client.ClientRecipeBook/]: Unknown recipe category: [!!!com.mojang.logging.LogUtils$1ToString@1cae6841=>java.lang.NullPointerException:Cannot invoke "Object.toString()" because the return value of "java.util.function.Supplier.get()" is null!!!]/butchery:piglinbruteheadmountrecipe
[28Mar2026 04:56:45.839] [Render thread/WARN] [net.minecraft.client.ClientRecipeBook/]: Unknown recipe category: [!!!com.mojang.logging.LogUtils$1ToString@15312997=>java.lang.NullPointerException:Cannot invoke "Object.toString()" because the return value of "java.util.function.Supplier.get()" is null!!!]/butchery:brownmooshroomheadmountrecipe
[28Mar2026 04:56:45.840] [Render thread/WARN] [net.minecraft.client.ClientRecipeBook/]: Unknown recipe category: [!!!com.mojang.logging.LogUtils$1ToString@568e5295=>java.lang.NullPointerException:Cannot invoke "Object.toString()" because the return value of "java.util.function.Supplier.get()" is null!!!]/butchery:vindicatorheadmountrecipe
[28Mar2026 04:56:45.840] [Render thread/WARN] [net.minecraft.client.ClientRecipeBook/]: Unknown recipe category: [!!!com.mojang.logging.LogUtils$1ToString@42869e9e=>java.lang.NullPointerException:Cannot invoke "Object.toString()" because the return value of "java.util.function.Supplier.get()" is null!!!]/butchery:ravagerheadmountrecipe
[28Mar2026 04:56:45.840] [Render thread/WARN] [net.minecraft.client.ClientRecipeBook/]: Unknown recipe category: [!!!com.mojang.logging.LogUtils$1ToString@7995d879=>java.lang.NullPointerException:Cannot invoke "Object.toString()" because the return value of "java.util.function.Supplier.get()" is null!!!]/butchery:zombiehorsemountrecipe
[28Mar2026 04:56:45.841] [Render thread/WARN] [net.minecraft.client.ClientRecipeBook/]: Unknown recipe category: deep_aether:poison_recipe/deep_aether:blueberry_from_poison
[28Mar2026 04:56:45.841] [Render thread/WARN] [net.minecraft.client.ClientRecipeBook/]: Unknown recipe category: [!!!com.mojang.logging.LogUtils$1ToString@220ca6d1=>java.lang.NullPointerException:Cannot invoke "Object.toString()" because the return value of "java.util.function.Supplier.get()" is null!!!]/butchery:goatheadmountrecipe
[28Mar2026 04:56:45.841] [Render thread/WARN] [net.minecraft.client.ClientRecipeBook/]: Unknown recipe category: [!!!com.mojang.logging.LogUtils$1ToString@2c8ddd51=>java.lang.NullPointerException:Cannot invoke "Object.toString()" because the return value of "java.util.function.Supplier.get()" is null!!!]/butchery:chickenheadmountrecipe
[28Mar2026 04:56:45.841] [Render thread/WARN] [net.minecraft.client.ClientRecipeBook/]: Unknown recipe category: overgeared:casting/overgeared:copper_axe_head_from_cast_furnace
[28Mar2026 04:56:45.842] [Render thread/WARN] [net.minecraft.client.ClientRecipeBook/]: Unknown recipe category: [!!!com.mojang.logging.LogUtils$1ToString@2404ea84=>java.lang.NullPointerException:Cannot invoke "Object.toString()" because the return value of "java.util.function.Supplier.get()" is null!!!]/butchery:wolfmountrecipe
[28Mar2026 04:56:45.842] [Render thread/WARN] [net.minecraft.client.ClientRecipeBook/]: Unknown recipe category: brewery:drying/brewery:dried_wheat
[28Mar2026 04:56:45.842] [Render thread/WARN] [net.minecraft.client.ClientRecipeBook/]: Unknown recipe category: [!!!com.mojang.logging.LogUtils$1ToString@2e46b46=>java.lang.NullPointerException:Cannot invoke "Object.toString()" because the return value of "java.util.function.Supplier.get()" is null!!!]/butchery:endermanheadmountrecipe
[28Mar2026 04:56:45.842] [Render thread/WARN] [net.minecraft.client.ClientRecipeBook/]: Unknown recipe category: [!!!com.mojang.logging.LogUtils$1ToString@76bb66fb=>java.lang.NullPointerException:Cannot invoke "Object.toString()" because the return value of "java.util.function.Supplier.get()" is null!!!]/butchery:goldaxolotlheadmountrecipe
[28Mar2026 04:56:45.842] [Render thread/WARN] [net.minecraft.client.ClientRecipeBook/]: Unknown recipe category: [!!!com.mojang.logging.LogUtils$1ToString@2cd300af=>java.lang.NullPointerException:Cannot invoke "Object.toString()" because the return value of "java.util.function.Supplier.get()" is null!!!]/butchery:trimmed_enderdragonheadmountrecipe
[28Mar2026 04:56:45.843] [Render thread/WARN] [net.minecraft.client.ClientRecipeBook/]: Unknown recipe category: [!!!com.mojang.logging.LogUtils$1ToString@3030a62e=>java.lang.NullPointerException:Cannot invoke "Object.toString()" because the return value of "java.util.function.Supplier.get()" is null!!!]/butchery:batheadmountrecipe
[28Mar2026 04:56:45.853] [Server thread/INFO] [enchanting_system_overhaul/]: Configuration file reloaded from disk
[28Mar2026 04:56:45.860] [Server thread/INFO] [voicechat/]: [voicechat] Received secret request of Laskut (20)
[28Mar2026 04:56:45.864] [Server thread/INFO] [voicechat/]: [voicechat] Sent secret to Laskut
[28Mar2026 04:56:46.993] [Render thread/INFO] [mezz.jei.forge.startup.StartEventObserver/]: JEI StartEventObserver received class net.minecraftforge.client.event.RecipesUpdatedEvent
[28Mar2026 04:56:47.040] [Render thread/INFO] [Antique Atlas/]: [Antique Atlas] Set fallback biome for alexscaves:abyssal_chasm to minecraft:river. You can set a more fitting texture using a resource pack!
[28Mar2026 04:56:47.041] [Render thread/WARN] [Antique Atlas/]: [Antique Atlas] No fallback could be found for deep_aether:aerglow_forest. This shouldn't happen! This means the biome is not in ANY conventional or vanilla tag on the client!
[28Mar2026 04:56:47.041] [Render thread/WARN] [Antique Atlas/]: [Antique Atlas] No fallback could be found for deep_aether:aerlavender_fields. This shouldn't happen! This means the biome is not in ANY conventional or vanilla tag on the client!
[28Mar2026 04:56:47.041] [Render thread/INFO] [Antique Atlas/]: [Antique Atlas] Set fallback biome for luminous_nether:ash_forest to minecraft:soul_sand_valley. You can set a more fitting texture using a resource pack!
[28Mar2026 04:56:47.041] [Render thread/WARN] [Antique Atlas/]: [Antique Atlas] No fallback could be found for deep_aether:blue_aerglow_forest. This shouldn't happen! This means the biome is not in ANY conventional or vanilla tag on the client!
[28Mar2026 04:56:47.041] [Render thread/INFO] [Antique Atlas/]: [Antique Atlas] Set fallback biome for alexscaves:candy_cavity to minecraft:mushroom_fields. You can set a more fitting texture using a resource pack!
[28Mar2026 04:56:47.041] [Render thread/WARN] [Antique Atlas/]: [Antique Atlas] No fallback could be found for deep_aether:cloud. This shouldn't happen! This means the biome is not in ANY conventional or vanilla tag on the client!
[28Mar2026 04:56:47.041] [Render thread/WARN] [Antique Atlas/]: [Antique Atlas] No fallback could be found for terrablender:deferred_placeholder. This shouldn't happen! This means the biome is not in ANY conventional or vanilla tag on the client!
[28Mar2026 04:56:47.041] [Render thread/INFO] [Antique Atlas/]: [Antique Atlas] Set fallback biome for alexscaves:forlorn_hollows to minecraft:dark_forest. You can set a more fitting texture using a resource pack!
[28Mar2026 04:56:47.041] [Render thread/INFO] [Antique Atlas/]: [Antique Atlas] Set fallback biome for luminous_nether:fungal_plains to minecraft:soul_sand_valley. You can set a more fitting texture using a resource pack!
[28Mar2026 04:56:47.041] [Render thread/INFO] [Antique Atlas/]: [Antique Atlas] Set fallback biome for quark:glimmering_weald to minecraft:mushroom_fields. You can set a more fitting texture using a resource pack!
[28Mar2026 04:56:47.041] [Render thread/WARN] [Antique Atlas/]: [Antique Atlas] No fallback could be found for deep_aether:golden_grove. This shouldn't happen! This means the biome is not in ANY conventional or vanilla tag on the client!
[28Mar2026 04:56:47.041] [Render thread/WARN] [Antique Atlas/]: [Antique Atlas] No fallback could be found for deep_aether:golden_heights. This shouldn't happen! This means the biome is not in ANY conventional or vanilla tag on the client!
[28Mar2026 04:56:47.041] [Render thread/WARN] [Antique Atlas/]: [Antique Atlas] No fallback could be found for riverredux:gravelly_river. This shouldn't happen! This means the biome is not in ANY conventional or vanilla tag on the client!
[28Mar2026 04:56:47.041] [Render thread/WARN] [Antique Atlas/]: [Antique Atlas] No fallback could be found for deep_aether:luminescent_forest. This shouldn't happen! This means the biome is not in ANY conventional or vanilla tag on the client!
[28Mar2026 04:56:47.041] [Render thread/INFO] [Antique Atlas/]: [Antique Atlas] Set fallback biome for alexscaves:magnetic_caves to minecraft:plains. You can set a more fitting texture using a resource pack!
[28Mar2026 04:56:47.041] [Render thread/WARN] [Antique Atlas/]: [Antique Atlas] No fallback could be found for deep_aether:mystic_aerglow_forest. This shouldn't happen! This means the biome is not in ANY conventional or vanilla tag on the client!
[28Mar2026 04:56:47.041] [Render thread/WARN] [Antique Atlas/]: [Antique Atlas] No fallback could be found for alexscaves:primordial_caves. This shouldn't happen! This means the biome is not in ANY conventional or vanilla tag on the client!
[28Mar2026 04:56:47.041] [Render thread/WARN] [Antique Atlas/]: [Antique Atlas] No fallback could be found for riverredux:sandy_river. This shouldn't happen! This means the biome is not in ANY conventional or vanilla tag on the client!
[28Mar2026 04:56:47.042] [Render thread/WARN] [Antique Atlas/]: [Antique Atlas] No fallback could be found for aether:skyroot_forest. This shouldn't happen! This means the biome is not in ANY conventional or vanilla tag on the client!
[28Mar2026 04:56:47.042] [Render thread/WARN] [Antique Atlas/]: [Antique Atlas] No fallback could be found for aether:skyroot_grove. This shouldn't happen! This means the biome is not in ANY conventional or vanilla tag on the client!
[28Mar2026 04:56:47.042] [Render thread/WARN] [Antique Atlas/]: [Antique Atlas] No fallback could be found for aether:skyroot_meadow. This shouldn't happen! This means the biome is not in ANY conventional or vanilla tag on the client!
[28Mar2026 04:56:47.042] [Render thread/WARN] [Antique Atlas/]: [Antique Atlas] No fallback could be found for aether:skyroot_woodland. This shouldn't happen! This means the biome is not in ANY conventional or vanilla tag on the client!
[28Mar2026 04:56:47.042] [Render thread/INFO] [Antique Atlas/]: [Antique Atlas] Set fallback biome for alexscaves:toxic_caves to minecraft:desert. You can set a more fitting texture using a resource pack!
[28Mar2026 04:56:47.042] [Render thread/WARN] [Antique Atlas/]: [Antique Atlas] No fallback could be found for riverredux:tropical_river. This shouldn't happen! This means the biome is not in ANY conventional or vanilla tag on the client!
[28Mar2026 04:56:47.042] [Render thread/WARN] [Antique Atlas/]: [Antique Atlas] No fallback could be found for deep_aether:yagroot_swamp. This shouldn't happen! This means the biome is not in ANY conventional or vanilla tag on the client!
[28Mar2026 04:56:47.046] [Render thread/INFO] [mezz.jei.forge.startup.StartEventObserver/]: JEI StartEventObserver received class net.minecraftforge.event.TagsUpdatedEvent
[28Mar2026 04:56:47.046] [Render thread/INFO] [mezz.jei.forge.startup.StartEventObserver/]: JEI StartEventObserver transitioning state from ENABLED to JEI_STARTED
[28Mar2026 04:56:47.047] [Render thread/INFO] [mezz.jei.core.util.LoggedTimer/]: Starting JEI...
[28Mar2026 04:56:47.063] [Render thread/INFO] [mezz.jei.library.load.PluginCaller/]: Registering item subtypes...
[28Mar2026 04:56:47.074] [Render thread/INFO] [mezz.jei.library.load.PluginCaller/]: Registering item subtypes took 10.98 ms
[28Mar2026 04:56:47.074] [Render thread/INFO] [mezz.jei.library.load.PluginCaller/]: Registering fluid subtypes...
[28Mar2026 04:56:47.077] [Render thread/INFO] [mezz.jei.library.load.PluginCaller/]: Registering fluid subtypes took 2.656 ms
[28Mar2026 04:56:47.079] [Render thread/INFO] [mezz.jei.library.load.PluginCaller/]: Registering ingredients...
[28Mar2026 04:56:47.202] [Render thread/WARN] [mezz.jei.library.plugins.vanilla.ingredients.ItemStackListFactory/]: Item Group has no display items and no search tab display items. Items from this group will be missing from the JEI ingredient list. Инструменты оператора
[28Mar2026 04:56:47.456] [Render thread/INFO] [mezz.jei.library.load.PluginCallerTimerRunnable/]: Registering ingredients: jei:minecraft took 376.4 milliseconds
[28Mar2026 04:56:47.457] [Render thread/INFO] [mezz.jei.library.load.PluginCaller/]: Registering ingredients took 377.2 ms
[28Mar2026 04:56:47.457] [Render thread/INFO] [mezz.jei.library.load.PluginCaller/]: Registering extra ingredients...
[28Mar2026 04:56:47.459] [Render thread/INFO] [mezz.jei.library.load.PluginCaller/]: Registering extra ingredients took 1.703 ms
[28Mar2026 04:56:47.459] [Render thread/INFO] [mezz.jei.library.load.PluginCaller/]: Registering search ingredient aliases...
[28Mar2026 04:56:47.459] [Render thread/INFO] [mezz.jei.library.load.PluginCaller/]: Registering search ingredient aliases took 552.8 μs
[28Mar2026 04:56:47.473] [Render thread/INFO] [mezz.jei.library.load.PluginCaller/]: Registering categories...
[28Mar2026 04:56:47.490] [Render thread/INFO] [mezz.jei.library.load.PluginCallerTimerRunnable/]: Registering categories: jei:minecraft took 14.23 milliseconds
[28Mar2026 04:56:47.554] [Render thread/INFO] [mezz.jei.library.load.PluginCallerTimerRunnable/]: Registering categories: create:jei_plugin took 33.57 milliseconds
[28Mar2026 04:56:47.585] [Render thread/INFO] [mezz.jei.library.load.PluginCallerTimerRunnable/]: Registering categories: cold_sweat:jei_plugin took 22.26 milliseconds
[28Mar2026 04:56:47.594] [Render thread/INFO] [mezz.jei.library.load.PluginCaller/]: Registering categories took 121.5 ms
[28Mar2026 04:56:47.595] [Render thread/INFO] [mezz.jei.library.load.PluginCaller/]: Registering vanilla category extensions...
[28Mar2026 04:56:47.601] [Render thread/INFO] [mezz.jei.library.load.PluginCaller/]: Registering vanilla category extensions took 6.290 ms
[28Mar2026 04:56:47.602] [Render thread/INFO] [mezz.jei.library.load.PluginCaller/]: Registering recipe catalysts...
[28Mar2026 04:56:47.605] [Render thread/INFO] [mezz.jei.library.load.PluginCaller/]: Registering recipe catalysts took 2.336 ms
[28Mar2026 04:56:47.605] [Render thread/INFO] [mezz.jei.core.util.LoggedTimer/]: Building recipe registry...
[28Mar2026 04:56:47.617] [Render thread/INFO] [mezz.jei.core.util.LoggedTimer/]: Building recipe registry took 11.22 ms
[28Mar2026 04:56:47.618] [Render thread/INFO] [mezz.jei.library.load.PluginCaller/]: Registering advanced plugins...
[28Mar2026 04:56:47.619] [Render thread/INFO] [mezz.jei.library.load.PluginCaller/]: Registering advanced plugins took 567.7 μs
[28Mar2026 04:56:47.620] [Render thread/INFO] [mezz.jei.library.load.PluginCaller/]: Registering recipes...
[28Mar2026 04:56:48.474] [Render thread/INFO] [mezz.jei.library.load.PluginCallerTimerRunnable/]: Registering recipes: jei:minecraft took 853.2 milliseconds
[28Mar2026 04:56:48.488] [Render thread/INFO] [mezz.jei.library.load.PluginCallerTimerRunnable/]: Registering recipes: aether:jei took 13.66 milliseconds
[28Mar2026 04:56:48.525] [Render thread/INFO] [mezz.jei.library.load.PluginCallerTimerRunnable/]: Registering recipes: farmersdelight:jei_plugin took 30.87 milliseconds
[28Mar2026 04:56:48.896] [Render thread/INFO] [mezz.jei.library.load.PluginCallerTimerRunnable/]: Registering recipes: alexscaves:alexscaves took 345.0 milliseconds
[28Mar2026 04:56:48.911] [Render thread/INFO] [mezz.jei.library.load.PluginCallerTimerRunnable/]: Registering recipes: railways:jei_plugin took 13.83 milliseconds
[28Mar2026 04:56:48.928] [Render thread/INFO] [mezz.jei.library.load.PluginCallerTimerRunnable/]: Registering recipes: brewinandchewin:jei_plugin took 17.10 milliseconds
[28Mar2026 04:56:49.896] [Render thread/INFO] [mezz.jei.library.load.PluginCallerTimerRunnable/]: Registering recipes: create:jei_plugin took 967.7 milliseconds
[28Mar2026 04:56:49.918] [Render thread/INFO] [mezz.jei.library.load.PluginCallerTimerRunnable/]: Registering recipes: zeta:zeta took 21.61 milliseconds
[28Mar2026 04:56:50.001] [Render thread/INFO] [mezz.jei.library.load.PluginCallerTimerRunnable/]: Registering recipes: overgeared:jei_plugin took 82.68 milliseconds
[28Mar2026 04:56:50.029] [Render thread/INFO] [mezz.jei.library.load.PluginCallerTimerRunnable/]: Registering recipes: cold_sweat:jei_plugin took 21.17 milliseconds
[28Mar2026 04:56:50.065] [Render thread/INFO] [mezz.jei.library.load.PluginCallerTimerRunnable/]: Registering recipes: forestry:factory took 30.36 milliseconds
[28Mar2026 04:56:50.390] [Render thread/INFO] [mezz.jei.library.load.PluginCallerTimerRunnable/]: Registering recipes: forestry:apiculture took 324.6 milliseconds
[28Mar2026 04:56:50.390] [Render thread/INFO] [mezz.jei.library.load.PluginCaller/]: Registering recipes took 2.770 s
[28Mar2026 04:56:50.411] [Render thread/INFO] [mezz.jei.library.load.PluginCaller/]: Registering recipes transfer handlers...
[28Mar2026 04:56:50.423] [Render thread/INFO] [mezz.jei.library.load.PluginCaller/]: Registering recipes transfer handlers took 11.88 ms
[28Mar2026 04:56:50.424] [Render thread/INFO] [mezz.jei.core.util.LoggedTimer/]: Building runtime...
[28Mar2026 04:56:50.426] [Render thread/INFO] [mezz.jei.library.load.PluginCaller/]: Registering gui handlers...
[28Mar2026 04:56:50.449] [Render thread/INFO] [mezz.jei.library.load.PluginCaller/]: Registering gui handlers took 22.45 ms
[28Mar2026 04:56:50.454] [Render thread/INFO] [mezz.jei.library.load.PluginCaller/]: Registering Runtime...
[28Mar2026 04:56:50.455] [Render thread/INFO] [mezz.jei.gui.startup.JeiGuiStarter/]: Starting JEI GUI
[28Mar2026 04:56:50.456] [Render thread/INFO] [mezz.jei.core.util.LoggedTimer/]: Building ingredient list...
[28Mar2026 04:56:50.721] [Render thread/INFO] [mezz.jei.core.util.LoggedTimer/]: Building ingredient list took 265.5 ms
[28Mar2026 04:56:50.721] [Render thread/INFO] [mezz.jei.core.util.LoggedTimer/]: Building ingredient filter...
[28Mar2026 04:56:50.758] [Render thread/INFO] [mezz.jei.gui.ingredients.IngredientFilter/]: Adding 11304 ingredients
[28Mar2026 04:56:52.480] [Render thread/INFO] [mezz.jei.gui.ingredients.IngredientFilter/]: Added 11304 ingredients
[28Mar2026 04:56:52.481] [Render thread/INFO] [mezz.jei.core.util.LoggedTimer/]: Building ingredient filter took 1.759 s
[28Mar2026 04:56:52.588] [Render thread/INFO] [mezz.jei.library.load.PluginCallerTimerRunnable/]: Registering Runtime: jei:forge_gui took 2.133 seconds
[28Mar2026 04:56:52.588] [Render thread/INFO] [mezz.jei.library.load.PluginCaller/]: Registering Runtime took 2.135 s
[28Mar2026 04:56:52.589] [Render thread/INFO] [mezz.jei.core.util.LoggedTimer/]: Building runtime took 2.165 s
[28Mar2026 04:56:52.589] [Render thread/INFO] [mezz.jei.library.load.PluginCaller/]: Sending Runtime...
[28Mar2026 04:56:52.590] [Render thread/INFO] [mezz.jei.library.load.PluginCaller/]: Sending Runtime took 1.035 ms
[28Mar2026 04:56:52.590] [Render thread/INFO] [mezz.jei.core.util.LoggedTimer/]: Starting JEI took 5.543 s
[28Mar2026 04:56:52.795] [Render thread/INFO] [se.mickelus.mutil.data.DataStore/]: Loaded   1 tiers
[28Mar2026 04:56:52.796] [Render thread/INFO] [se.mickelus.mutil.data.DataStore/]: Loaded   8 tweaks
[28Mar2026 04:56:52.798] [Server thread/INFO] [de.keksuccino.fancymenu.networking.packets.handshake.ServerSideHandshakePacketLogic/]: [FANCYMENU] A client with FancyMenu installed joined the server: Laskut
[28Mar2026 04:56:52.799] [Render thread/INFO] [se.mickelus.mutil.data.MergingDataStore/]: Loaded  70 materials
[28Mar2026 04:56:52.806] [Render thread/INFO] [se.mickelus.mutil.data.DataStore/]: Loaded 147 improvements
[28Mar2026 04:56:52.817] [Render thread/INFO] [se.mickelus.mutil.data.MergingDataStore/]: Loaded  78 modules
[28Mar2026 04:56:52.866] [Render thread/INFO] [se.mickelus.tetra.client.model.ModularModelLoader/]: Clearing model cache for 8 items, let's get bakin'
[28Mar2026 04:56:52.867] [Render thread/INFO] [se.mickelus.mutil.data.DataStore/]: Loaded   0 enchantments
[28Mar2026 04:56:52.867] [Render thread/INFO] [se.mickelus.mutil.data.DataStore/]: Loaded  22 synergies
[28Mar2026 04:56:52.868] [Render thread/INFO] [se.mickelus.mutil.data.DataStore/]: Loaded  11 replacements
[28Mar2026 04:56:52.878] [Render thread/INFO] [se.mickelus.mutil.data.MergingDataStore/]: Loaded 343 schematics
[28Mar2026 04:56:52.897] [Render thread/INFO] [se.mickelus.mutil.data.MergingDataStore/]: Loaded  43 crafting_effects
[28Mar2026 04:56:52.899] [Render thread/INFO] [se.mickelus.mutil.data.DataStore/]: Loaded  35 repairs
[28Mar2026 04:56:52.900] [Render thread/INFO] [se.mickelus.mutil.data.DataStore/]: Loaded   2 actions
[28Mar2026 04:56:52.900] [Render thread/INFO] [se.mickelus.mutil.data.DataStore/]: Loaded   0 unlocks
[28Mar2026 04:56:52.900] [Render thread/INFO] [se.mickelus.mutil.data.DataStore/]: Loaded   0 archetypes
[28Mar2026 04:56:52.900] [Render thread/INFO] [se.mickelus.mutil.data.DataStore/]: Loaded   1 item_effects
[28Mar2026 04:56:52.901] [Render thread/INFO] [se.mickelus.mutil.data.DataStore/]: Loaded  28 modifier_effects
[28Mar2026 04:56:52.915] [Render thread/INFO] [mixin/]: Mixing client.MixinGuiMessageTag from mixins/common/nochatreports.mixins.json into net.minecraft.client.GuiMessageTag
[28Mar2026 04:56:52.917] [Render thread/INFO] [net.minecraft.client.gui.components.ChatComponent/]: [CHAT] It is recommended you download Luminous:Tag alongside this mod, to be able to craft the Decorative items/blocks!
[28Mar2026 04:56:52.924] [Render thread/WARN] [net.minecraft.client.multiplayer.ClientPacketListener/]: Unknown custom packet identifier: skinshuffle:handshake
[28Mar2026 04:56:52.985] [Render thread/INFO] [voicechat/]: [voicechat] Received secret
[28Mar2026 04:56:52.986] [Render thread/INFO] [voicechat/]: [voicechat] Connecting to voice chat server: '127.0.0.1:62195'
[28Mar2026 04:56:52.988] [VoiceChatAuthenticationThread/INFO] [voicechat/]: [voicechat] Trying to authenticate voice chat connection
[28Mar2026 04:56:52.991] [Render thread/INFO] [net.minecraft.client.gui.components.ChatComponent/]: [CHAT] [Simple Voice Chat] Нажмите V для настройки
[28Mar2026 04:56:52.994] [VoiceChatPacketProcessingThread/INFO] [voicechat/]: [voicechat] Successfully authenticated player a7d392ea-d6e4-496b-afb3-185c6499fd04
[28Mar2026 04:56:52.995] [VoiceChatConnectionThread/INFO] [voicechat/]: [voicechat] Server acknowledged authentication
[28Mar2026 04:56:53.518] [Render thread/INFO] [Antique Atlas/]: [Antique Atlas] Finished loading terrain for ResourceKey[minecraft:dimension / minecraft:the_nether] - 0 tiles.
[28Mar2026 04:56:53.518] [Render thread/INFO] [Antique Atlas/]: [Antique Atlas] Finished loading terrain for ResourceKey[minecraft:dimension / aether:the_aether] - 0 tiles.
[28Mar2026 04:56:53.518] [Render thread/INFO] [Antique Atlas/]: [Antique Atlas] Finished loading terrain for ResourceKey[minecraft:dimension / minecraft:the_end] - 0 tiles.
[28Mar2026 04:56:53.518] [Render thread/INFO] [Antique Atlas/]: [Antique Atlas] Finished loading terrain for ResourceKey[minecraft:dimension / herbalistmod:trip] - 0 tiles.
[28Mar2026 04:56:53.702] [Render thread/INFO] [de.keksuccino.fancymenu.networking.packets.handshake.ClientSideHandshakePacketLogic/]: [FANCYMENU] Connected to a server with FancyMenu installed: local_lan_world
[28Mar2026 04:56:53.773] [Render thread/INFO] [Antique Atlas/]: [Antique Atlas] Finished loading terrain for ResourceKey[minecraft:dimension / minecraft:overworld] - 549 tiles.
[28Mar2026 04:56:53.857] [Render thread/INFO] [net.minecraft.advancements.AdvancementList/]: Loaded 112 advancements
[28Mar2026 04:56:53.860] [Render thread/INFO] [patchouli/]: BookContentResourceListenerLoader: Files found in 259.7 μs
[28Mar2026 04:56:53.863] [Render thread/INFO] [patchouli/]: BookContentResourceListenerLoader: Files found in 71.29 μs
[28Mar2026 04:56:53.872] [Render thread/INFO] [patchouli/]: BookContentResourceListenerLoader: Files found in 48.71 μs
[28Mar2026 04:56:53.873] [Render thread/WARN] [patchouli/]: Recipe butchery:dragonscaleingotrecipe (of type minecraft:smithing) not found
[28Mar2026 04:56:53.873] [Render thread/WARN] [patchouli/]: Recipe butchery:dragonscaleblockrecipe (of type minecraft:smithing) not found
[28Mar2026 04:56:53.874] [Render thread/WARN] [patchouli/]: Recipe butchery:crimnsonbutcherstablerecipe (of type minecraft:crafting) not found
[28Mar2026 04:56:53.874] [Render thread/WARN] [patchouli/]: Recipe jungle:acaciabutcherstablerecipe (of type minecraft:crafting) not found
[28Mar2026 04:56:53.874] [Render thread/INFO] [patchouli/]: BookContentResourceListenerLoader: Files found in 192.4 μs
[28Mar2026 04:56:53.875] [Render thread/INFO] [patchouli/]: BookContentResourceListenerLoader: Files found in 97.88 μs
[28Mar2026 04:56:53.881] [Render thread/INFO] [patchouli/]: BookContentResourceListenerLoader: Files found in 292.2 μs
[28Mar2026 04:56:53.920] [Render thread/INFO] [patchouli/]: BookContentResourceListenerLoader: Files found in 752.3 μs
[28Mar2026 04:56:53.921] [Render thread/INFO] [patchouli/]: BookContentResourceListenerLoader: Files found in 509.8 μs
[28Mar2026 04:56:53.925] [Render thread/INFO] [patchouli/]: BookContentResourceListenerLoader: Files found in 333.1 μs
[28Mar2026 04:56:53.996] [VoiceChatAuthenticationThread/INFO] [voicechat/]: [voicechat] Trying to validate voice chat connection
[28Mar2026 04:56:53.997] [VoiceChatPacketProcessingThread/INFO] [voicechat/]: [voicechat] Successfully validated connection of player a7d392ea-d6e4-496b-afb3-185c6499fd04
[28Mar2026 04:56:54.002] [VoiceChatPacketProcessingThread/INFO] [voicechat/]: [voicechat] Player Laskut (a7d392ea-d6e4-496b-afb3-185c6499fd04) successfully connected to voice chat
[28Mar2026 04:56:54.003] [VoiceChatConnectionThread/INFO] [voicechat/]: [voicechat] Server acknowledged connection check
[28Mar2026 04:56:54.280] [MicrophoneThread/WARN] [voicechat/]: [voicechat] Failed to open microphone '', falling back to default microphone
[28Mar2026 04:56:54.530] [Render thread/INFO] [net.minecraft.advancements.AdvancementList/]: Loaded 119 advancements
[28Mar2026 04:56:57.357] [Render thread/INFO] [de.keksuccino.fancymenu.customization.layer.ScreenCustomizationLayerHandler/]: [FANCYMENU] ScreenCustomizationLayer registered: inventory_screen
[28Mar2026 04:56:59.133] [Render thread/INFO] [de.keksuccino.fancymenu.customization.layer.ScreenCustomizationLayerHandler/]: [FANCYMENU] ScreenCustomizationLayer registered: creative_mode_inventory_screen
[28Mar2026 04:57:02.453] [Render thread/INFO] [de.keksuccino.fancymenu.customization.layer.ScreenCustomizationLayerHandler/]: [FANCYMENU] ScreenCustomizationLayer registered: vazkii.patchouli.client.book.gui.GuiBookLanding
[28Mar2026 04:57:05.154] [Render thread/INFO] [de.keksuccino.fancymenu.customization.layer.ScreenCustomizationLayerHandler/]: [FANCYMENU] ScreenCustomizationLayer registered: vazkii.patchouli.client.book.gui.GuiBookCategory
[28Mar2026 04:57:19.360] [Server thread/INFO] [net.minecraft.client.server.IntegratedServer/]: Saving and pausing game...
[28Mar2026 04:57:19.498] [Server thread/INFO] [net.minecraft.server.MinecraftServer/]: Saving chunks for level 'ServerLevel[Новый мир]'/minecraft:overworld
[28Mar2026 04:57:19.663] [Server thread/INFO] [net.minecraft.server.MinecraftServer/]: Saving chunks for level 'ServerLevel[Новый мир]'/minecraft:the_nether
[28Mar2026 04:57:19.665] [Server thread/INFO] [net.minecraft.server.MinecraftServer/]: Saving chunks for level 'ServerLevel[Новый мир]'/aether:the_aether
[28Mar2026 04:57:19.666] [Server thread/INFO] [net.minecraft.server.MinecraftServer/]: Saving chunks for level 'ServerLevel[Новый мир]'/minecraft:the_end
[28Mar2026 04:57:19.669] [Server thread/INFO] [net.minecraft.server.MinecraftServer/]: Saving chunks for level 'ServerLevel[Новый мир]'/herbalistmod:trip
[28Mar2026 04:57:19.671] [Server thread/INFO] [surveyor/]: [Surveyor] Saving server data...
[28Mar2026 04:57:19.727] [Server thread/INFO] [surveyor/]: [Surveyor] Finished saving data for ResourceKey[minecraft:dimension / minecraft:overworld] | cleaned 4 terrain regions, 4 structure regions, 0 landmarks
[28Mar2026 04:57:19.727] [Server thread/INFO] [surveyor/]: [Surveyor] Finished saving server data.
[28Mar2026 04:57:20.001] [Server thread/INFO] [Chunk Activity Tracker/]: Saving data for 11 chunks for dimension 'overworld' took 10 milliseconds
[28Mar2026 04:57:20.254] [Render thread/INFO] [mezz.jei.forge.startup.StartEventObserver/]: JEI StartEventObserver received class net.minecraftforge.client.event.ClientPlayerNetworkEvent$LoggingOut
[28Mar2026 04:57:20.254] [Render thread/INFO] [mezz.jei.forge.startup.StartEventObserver/]: JEI StartEventObserver transitioning state from JEI_STARTED to DISABLED
[28Mar2026 04:57:20.254] [Render thread/INFO] [mezz.jei.library.startup.JeiStarter/]: Stopping JEI
[28Mar2026 04:57:20.254] [Render thread/INFO] [mezz.jei.library.load.PluginCaller/]: Sending Runtime Unavailable...
[28Mar2026 04:57:20.257] [Render thread/INFO] [mezz.jei.forge.plugins.forge.ForgeGuiPlugin/]: Stopping JEI GUI
[28Mar2026 04:57:20.269] [Render thread/INFO] [mezz.jei.library.load.PluginCaller/]: Sending Runtime Unavailable took 14.50 ms
[28Mar2026 04:57:20.309] [Render thread/INFO] [voicechat/]: [voicechat] Clearing audio channels
[28Mar2026 04:57:20.329] [Render thread/INFO] [voicechat/]: [voicechat] Stopping microphone thread
[28Mar2026 04:57:20.333] [Render thread/INFO] [voicechat/]: [voicechat] Disconnecting voicechat
[28Mar2026 04:57:20.368] [Server thread/INFO] [net.minecraft.server.network.ServerGamePacketListenerImpl/]: Laskut lost connection: Отключение
[28Mar2026 04:57:20.369] [Server thread/INFO] [net.minecraft.server.MinecraftServer/]: Laskut покинул игру
[28Mar2026 04:57:20.377] [Server thread/INFO] [voicechat/]: [voicechat] Disconnecting client Laskut
[28Mar2026 04:57:20.441] [Server thread/INFO] [net.minecraft.server.network.ServerGamePacketListenerImpl/]: Stopping singleplayer server as player logged out
[28Mar2026 04:57:20.497] [Server thread/INFO] [net.stirdrem.overgeared.OvergearedMod/]: Reset all minigames on server stop.
[28Mar2026 04:57:20.509] [Server thread/INFO] [net.minecraft.server.MinecraftServer/]: Stopping server
[28Mar2026 04:57:20.509] [Server thread/INFO] [net.minecraft.server.MinecraftServer/]: Saving players
[28Mar2026 04:57:20.509] [Server thread/INFO] [net.minecraft.server.MinecraftServer/]: Saving worlds
[28Mar2026 04:57:21.975] [Server thread/INFO] [net.minecraft.server.MinecraftServer/]: Saving chunks for level 'ServerLevel[Новый мир]'/minecraft:overworld
[28Mar2026 04:57:22.073] [Server thread/INFO] [net.minecraft.server.MinecraftServer/]: Saving chunks for level 'ServerLevel[Новый мир]'/minecraft:the_nether
[28Mar2026 04:57:22.074] [Server thread/INFO] [net.minecraft.server.MinecraftServer/]: Saving chunks for level 'ServerLevel[Новый мир]'/aether:the_aether
[28Mar2026 04:57:22.074] [Server thread/INFO] [net.minecraft.server.MinecraftServer/]: Saving chunks for level 'ServerLevel[Новый мир]'/minecraft:the_end
[28Mar2026 04:57:22.075] [Server thread/INFO] [net.minecraft.server.MinecraftServer/]: Saving chunks for level 'ServerLevel[Новый мир]'/herbalistmod:trip
[28Mar2026 04:57:22.075] [Server thread/INFO] [surveyor/]: [Surveyor] Saving server data...
[28Mar2026 04:57:22.083] [Server thread/INFO] [surveyor/]: [Surveyor] Finished saving data for ResourceKey[minecraft:dimension / minecraft:overworld] | cleaned 4 terrain regions, 1 structure regions, 0 landmarks
[28Mar2026 04:57:22.084] [Server thread/INFO] [surveyor/]: [Surveyor] Finished saving server data.
[28Mar2026 04:57:22.223] [Server thread/INFO] [net.minecraft.server.MinecraftServer/]: ThreadedAnvilChunkStorage (Новый мир (1)): All chunks are saved
[28Mar2026 04:57:22.223] [Server thread/INFO] [net.minecraft.server.MinecraftServer/]: ThreadedAnvilChunkStorage (DIM-1): All chunks are saved
[28Mar2026 04:57:22.223] [Server thread/INFO] [net.minecraft.server.MinecraftServer/]: ThreadedAnvilChunkStorage (the_aether): All chunks are saved
[28Mar2026 04:57:22.223] [Server thread/INFO] [net.minecraft.server.MinecraftServer/]: ThreadedAnvilChunkStorage (DIM1): All chunks are saved
[28Mar2026 04:57:22.223] [Server thread/INFO] [net.minecraft.server.MinecraftServer/]: ThreadedAnvilChunkStorage (trip): All chunks are saved
[28Mar2026 04:57:22.223] [Server thread/INFO] [net.minecraft.server.MinecraftServer/]: ThreadedAnvilChunkStorage: All dimensions are saved
[28Mar2026 04:57:22.328] [Server thread/INFO] [Chunk Activity Tracker/]: Server stopping, clearing chunk activity tracking map.
[28Mar2026 04:57:28.167] [Render thread/INFO] [ChunkBuilder/]: Stopping worker threads
[28Mar2026 04:57:29.701] [Render thread/INFO] [net.minecraft.client.Minecraft/]: Stopping!
